transaction_id,customer_id,transaction_time,amount,merchant_category,channel
TXN_000001,CUST_0103,2026-02-08 02:46:00,19.1,Electronics,POS
TXN_000002,CUST_0122,2026-03-02 18:18:00,55.45,Shopping,Online
TXN_000003,CUST_0088,2026-01-01 12:49:00,13.66,Shopping,Online
TXN_000004,CUST_0344,2026-05-19 05:21:00,21.93,Travel,ATM
TXN_000005,CUST_0192,2026-04-01 15:23:00,33.86,Healthcare,Online
TXN_000006,CUST_0188,2026-04-01 06:21:00,21.59,Electronics,Online
TXN_000007,CUST_0175,2026-01-08 21:54:00,7.57,Travel,POS
TXN_000008,CUST_0485,2026-06-28 08:40:00,146.49,Shopping,POS
TXN_000009,CUST_0167,2026-03-28 06:43:00,4.36,Restaurant,Online
TXN_000010,CUST_0092,2026-02-03 17:15:00,101.44,Healthcare,POS
TXN_000011,CUST_0264,2026-06-16 19:01:00,75.38,Restaurant,POS
TXN_000012,CUST_0106,2026-05-03 19:10:00,9.77,Travel,Online
TXN_000013,CUST_0402,2026-01-29 01:17:00,41.21,Electronics,Online
TXN_000014,CUST_0215,2026-02-08 14:31:00,79.98,Travel,Online
TXN_000015,CUST_0213,2026-05-16 06:16:00,7.55,Entertainment,POS
TXN_000016,CUST_0252,2026-06-14 07:04:00,16.12,Travel,POS
TXN_000017,CUST_0157,2026-01-09 19:06:00,59.27,Shopping,Mobile
TXN_000018,CUST_0261,2026-03-14 13:28:00,80.46,Restaurant,POS
TXN_000019,CUST_0028,2026-03-30 12:38:00,46.12,Restaurant,Online
TXN_000020,CUST_0407,2026-06-07 22:26:00,87.84,Utilities,Online
TXN_000021,CUST_0172,2026-04-07 15:42:00,76.31,Grocery,POS
TXN_000022,CUST_0462,2026-06-25 19:05:00,44.55,Shopping,Mobile
TXN_000023,CUST_0255,2026-06-20 08:30:00,17.91,Travel,Online
TXN_000024,CUST_0352,2026-05-09 17:00:00,46.2,Healthcare,POS
TXN_000025,CUST_0096,2026-06-22 22:02:00,15.15,Healthcare,POS
TXN_000026,CUST_0029,2026-05-28 18:46:00,50.6,Travel,ATM
TXN_000027,CUST_0187,2026-05-06 02:32:00,67.02,Restaurant,Mobile
TXN_000028,CUST_0134,2026-05-20 01:15:00,47.51,Travel,Mobile
TXN_000029,CUST_0340,2026-04-17 06:48:00,36.49,Restaurant,Online
TXN_000030,CUST_0231,2026-03-31 03:36:00,87.24,Utilities,Online
TXN_000031,CUST_0283,2026-05-12 08:05:00,118.36,Grocery,Online
TXN_000032,CUST_0456,2026-01-03 14:28:00,24.73,Shopping,POS
TXN_000033,CUST_0225,2026-02-12 10:07:00,23.51,Healthcare,Online
TXN_000034,CUST_0096,2026-05-09 18:56:00,14.85,Electronics,Mobile
TXN_000035,CUST_0318,2026-06-28 10:31:00,32.51,Grocery,Online
TXN_000036,CUST_0081,2026-06-12 13:53:00,6.21,Shopping,POS
TXN_000037,CUST_0220,2026-03-29 06:17:00,27.32,Restaurant,POS
TXN_000038,CUST_0160,2026-02-18 22:27:00,44.77,Utilities,Online
TXN_000039,CUST_0439,2026-03-15 19:48:00,15.25,Healthcare,Mobile
TXN_000040,CUST_0372,2026-01-25 02:18:00,71.75,Restaurant,POS
TXN_000041,CUST_0240,2026-01-11 21:48:00,21.27,Shopping,Online
TXN_000042,CUST_0259,2026-03-20 03:47:00,48.34,Travel,Online
TXN_000043,CUST_0403,2026-05-30 04:35:00,80.44,Travel,POS
TXN_000044,CUST_0489,2026-06-02 13:26:00,60.67,Grocery,POS
TXN_000045,CUST_0338,2026-02-02 19:34:00,53.62,Grocery,Online
TXN_000046,CUST_0415,2026-04-13 13:58:00,83.63,Utilities,POS
TXN_000047,CUST_0252,2026-06-28 22:35:00,5.99,Grocery,Online
TXN_000048,CUST_0453,2026-05-22 12:06:00,37.3,Entertainment,Mobile
TXN_000049,CUST_0009,2026-01-05 08:55:00,86.9,Electronics,Mobile
TXN_000050,CUST_0054,2026-04-22 08:51:00,11.42,Electronics,Mobile
TXN_000051,CUST_0075,2026-05-28 23:30:00,77.79,Electronics,Online
TXN_000052,CUST_0153,2026-01-15 19:57:00,198.06,Entertainment,Online
TXN_000053,CUST_0338,2026-03-04 16:32:00,1.86,Entertainment,Online
TXN_000054,CUST_0068,2026-06-01 07:43:00,14.83,Grocery,POS
TXN_000055,CUST_0404,2026-01-31 14:24:00,126.87,Shopping,POS
TXN_000056,CUST_0176,2026-05-03 15:17:00,15.89,Travel,POS
TXN_000057,CUST_0375,2026-02-22 22:13:00,56.8,Utilities,POS
TXN_000058,CUST_0264,2026-05-05 15:16:00,7.4,Shopping,POS
TXN_000059,CUST_0286,2026-04-30 07:56:00,129.6,Grocery,Online
TXN_000060,CUST_0304,2026-03-18 02:56:00,106.91,Shopping,POS
TXN_000061,CUST_0017,2026-05-04 19:14:00,32.73,Utilities,ATM
TXN_000062,CUST_0380,2026-01-03 09:00:00,40.07,Grocery,ATM
TXN_000063,CUST_0497,2026-02-15 15:26:00,275.58,Travel,Mobile
TXN_000064,CUST_0253,2026-05-06 23:28:00,155.48,Entertainment,Online
TXN_000065,CUST_0256,2026-05-17 22:17:00,3.26,Restaurant,ATM
TXN_000066,CUST_0323,2026-06-18 06:09:00,25.33,Electronics,Online
TXN_000067,CUST_0288,2026-06-10 06:25:00,10.51,Healthcare,POS
TXN_000068,CUST_0474,2026-03-15 12:24:00,132.9,Grocery,Mobile
TXN_000069,CUST_0299,2026-06-13 10:42:00,51.92,Restaurant,Mobile
TXN_000070,CUST_0306,2026-06-02 18:03:00,196.16,Grocery,POS
TXN_000071,CUST_0391,2026-06-14 23:09:00,139.4,Grocery,Online
TXN_000072,CUST_0400,2026-05-10 17:58:00,33.36,Utilities,Mobile
TXN_000073,CUST_0143,2026-03-24 12:34:00,15.29,Healthcare,POS
TXN_000074,CUST_0153,2026-05-06 22:52:00,26.13,Restaurant,POS
TXN_000075,CUST_0150,2026-05-08 19:58:00,21.88,Travel,Online
TXN_000076,CUST_0054,2026-03-20 21:52:00,35.88,Shopping,Online
TXN_000077,CUST_0264,2026-05-09 12:53:00,16.19,Entertainment,POS
TXN_000078,CUST_0365,2026-05-20 09:50:00,65.34,Electronics,POS
TXN_000079,CUST_0355,2026-06-18 14:33:00,129.47,Entertainment,ATM
TXN_000080,CUST_0158,2026-02-27 11:10:00,75.85,Shopping,Mobile
TXN_000081,CUST_0275,2026-01-05 03:09:00,14.99,Entertainment,Online
TXN_000082,CUST_0279,2026-02-21 21:40:00,29.53,Healthcare,POS
TXN_000083,CUST_0129,2026-01-04 15:17:00,23.71,Restaurant,Online
TXN_000084,CUST_0048,2026-03-21 13:08:00,24.1,Grocery,POS
TXN_000085,CUST_0385,2026-06-23 14:49:00,276.48,Healthcare,Online
TXN_000086,CUST_0144,2026-05-30 19:36:00,92.99,Shopping,Mobile
TXN_000087,CUST_0285,2026-03-26 03:32:00,26.12,Restaurant,Mobile
TXN_000088,CUST_0039,2026-02-11 01:01:00,215.29,Travel,Online
TXN_000089,CUST_0357,2026-03-29 14:11:00,169.43,Entertainment,Mobile
TXN_000090,CUST_0223,2026-03-11 23:53:00,7.92,Restaurant,POS
TXN_000091,CUST_0096,2026-05-12 01:51:00,49.65,Travel,POS
TXN_000092,CUST_0247,2026-03-05 04:47:00,82.25,Restaurant,Online
TXN_000093,CUST_0160,2026-03-05 16:00:00,37.1,Restaurant,POS
TXN_000094,CUST_0417,2026-06-24 15:32:00,64.21,Entertainment,POS
TXN_000095,CUST_0268,2026-04-16 10:36:00,51.38,Restaurant,Online
TXN_000096,CUST_0397,2026-04-10 11:13:00,29.71,Travel,Online
TXN_000097,CUST_0253,2026-03-03 13:48:00,43.86,Grocery,POS
TXN_000098,CUST_0410,2026-02-15 19:13:00,17.77,Restaurant,Online
TXN_000099,CUST_0115,2026-01-08 20:58:00,17.77,Entertainment,Online
TXN_000100,CUST_0413,2026-02-12 03:32:00,23.21,Electronics,Mobile
TXN_000101,CUST_0249,2026-03-21 09:52:00,3.61,Electronics,Mobile
TXN_000102,CUST_0099,2026-02-19 01:20:00,132.9,Electronics,Online
TXN_000103,CUST_0487,2026-04-27 04:00:00,94.04,Electronics,Mobile
TXN_000104,CUST_0183,2026-02-17 12:50:00,41.64,Entertainment,Mobile
TXN_000105,CUST_0361,2026-05-07 02:29:00,62.36,Travel,Mobile
TXN_000106,CUST_0397,2026-02-25 04:19:00,3.48,Shopping,Online
TXN_000107,CUST_0396,2026-02-07 13:38:00,49.01,Healthcare,ATM
TXN_000108,CUST_0367,2026-06-25 17:06:00,29.24,Electronics,POS
TXN_000109,CUST_0396,2026-05-18 08:15:00,110.49,Travel,ATM
TXN_000110,CUST_0057,2026-04-16 23:37:00,10.01,Healthcare,Online
TXN_000111,CUST_0186,2026-02-21 17:00:00,35.72,Entertainment,Mobile
TXN_000112,CUST_0235,2026-05-22 04:59:00,16.82,Shopping,Online
TXN_000113,CUST_0009,2026-01-16 01:17:00,61.18,Entertainment,Mobile
TXN_000114,CUST_0141,2026-03-06 15:45:00,128.75,Electronics,Online
TXN_000115,CUST_0283,2026-01-20 15:35:00,20.68,Entertainment,Online
TXN_000116,CUST_0496,2026-06-15 07:47:00,41.76,Entertainment,POS
TXN_000117,CUST_0145,2026-06-22 16:43:00,17.04,Healthcare,POS
TXN_000118,CUST_0182,2026-05-10 07:21:00,129.04,Healthcare,POS
TXN_000119,CUST_0019,2026-01-03 13:49:00,32.49,Entertainment,POS
TXN_000120,CUST_0058,2026-04-11 03:08:00,12.15,Travel,Online
TXN_000121,CUST_0383,2026-02-15 20:40:00,118.05,Entertainment,Online
TXN_000122,CUST_0191,2026-01-24 07:51:00,71.58,Travel,Online
TXN_000123,CUST_0417,2026-04-23 02:26:00,41.43,Entertainment,Online
TXN_000124,CUST_0020,2026-01-13 06:00:00,33.54,Grocery,POS
TXN_000125,CUST_0305,2026-05-19 20:18:00,21.5,Entertainment,POS
TXN_000126,CUST_0144,2026-02-24 18:19:00,212.72,Healthcare,Online
TXN_000127,CUST_0330,2026-06-25 09:39:00,295.84,Electronics,Online
TXN_000128,CUST_0090,2026-04-24 04:33:00,14.76,Electronics,POS
TXN_000129,CUST_0028,2026-03-09 08:47:00,4.89,Travel,POS
TXN_000130,CUST_0413,2026-03-23 22:52:00,47.58,Entertainment,ATM
TXN_000131,CUST_0390,2026-02-09 06:50:00,8.84,Electronics,Mobile
TXN_000132,CUST_0365,2026-06-27 14:56:00,206.74,Entertainment,Online
TXN_000133,CUST_0374,2026-01-05 20:10:00,44.5,Healthcare,POS
TXN_000134,CUST_0283,2026-01-13 12:17:00,11.05,Grocery,Mobile
TXN_000135,CUST_0105,2026-01-09 20:43:00,6.72,Electronics,Online
TXN_000136,CUST_0465,2026-06-13 10:45:00,18.19,Entertainment,ATM
TXN_000137,CUST_0259,2026-05-09 01:22:00,150.84,Entertainment,Mobile
TXN_000138,CUST_0145,2026-01-27 22:05:00,45.26,Entertainment,POS
TXN_000139,CUST_0001,2026-05-03 15:35:00,37.35,Utilities,Mobile
TXN_000140,CUST_0288,2026-04-07 01:11:00,55.39,Restaurant,POS
TXN_000141,CUST_0039,2026-04-24 06:41:00,42.2,Utilities,Mobile
TXN_000142,CUST_0268,2026-03-16 05:24:00,256.57,Grocery,POS
TXN_000143,CUST_0478,2026-01-11 14:14:00,25.82,Electronics,POS
TXN_000144,CUST_0207,2026-04-28 00:33:00,87.49,Entertainment,POS
TXN_000145,CUST_0075,2026-06-15 21:37:00,21.46,Travel,ATM
TXN_000146,CUST_0098,2026-04-18 06:18:00,23.52,Restaurant,POS
TXN_000147,CUST_0435,2026-01-30 09:18:00,25.29,Utilities,POS
TXN_000148,CUST_0030,2026-01-30 22:08:00,67.87,Healthcare,POS
TXN_000149,CUST_0133,2026-01-14 20:43:00,27.26,Grocery,POS
TXN_000150,CUST_0340,2026-02-21 00:37:00,136.96,Electronics,Online
TXN_000151,CUST_0053,2026-06-21 23:46:00,10.51,Shopping,Online
TXN_000152,CUST_0111,2026-05-28 01:51:00,18.13,Grocery,POS
TXN_000153,CUST_0095,2026-03-17 03:35:00,165.97,Travel,Online
TXN_000154,CUST_0281,2026-04-25 05:46:00,14.69,Shopping,Mobile
TXN_000155,CUST_0093,2026-06-01 11:16:00,35.73,Shopping,Online
TXN_000156,CUST_0466,2026-01-17 00:21:00,47.13,Travel,Online
TXN_000157,CUST_0405,2026-02-05 22:25:00,178.2,Travel,Online
TXN_000158,CUST_0433,2026-05-28 20:10:00,358.4,Utilities,Online
TXN_000159,CUST_0073,2026-05-10 15:57:00,31.77,Utilities,Online
TXN_000160,CUST_0107,2026-04-05 02:24:00,13.46,Healthcare,POS
TXN_000161,CUST_0026,2026-03-19 07:17:00,39.57,Healthcare,POS
TXN_000162,CUST_0014,2026-02-16 23:41:00,34.32,Restaurant,Mobile
TXN_000163,CUST_0216,2026-04-05 13:58:00,25.72,Shopping,Online
TXN_000164,CUST_0003,2026-05-10 16:10:00,37.62,Healthcare,Mobile
TXN_000165,CUST_0239,2026-03-19 03:16:00,10.28,Electronics,Online
TXN_000166,CUST_0028,2026-02-05 00:48:00,6.3,Restaurant,POS
TXN_000167,CUST_0231,2026-03-18 05:39:00,35.7,Grocery,Mobile
TXN_000168,CUST_0025,2026-02-27 01:12:00,13.8,Travel,POS
TXN_000169,CUST_0109,2026-02-21 00:39:00,434.12,Utilities,POS
TXN_000170,CUST_0424,2026-05-28 14:01:00,17.74,Grocery,POS
TXN_000171,CUST_0425,2026-02-22 13:43:00,67.45,Electronics,POS
TXN_000172,CUST_0315,2026-04-21 11:36:00,24.79,Entertainment,Online
TXN_000173,CUST_0289,2026-02-22 20:45:00,26.94,Utilities,Online
TXN_000174,CUST_0095,2026-04-11 01:58:00,3.39,Electronics,Mobile
TXN_000175,CUST_0387,2026-01-12 09:09:00,2.71,Travel,ATM
TXN_000176,CUST_0322,2026-03-27 08:03:00,65.67,Travel,ATM
TXN_000177,CUST_0335,2026-06-13 03:36:00,18.6,Electronics,Mobile
TXN_000178,CUST_0194,2026-06-19 23:21:00,70.48,Healthcare,POS
TXN_000179,CUST_0435,2026-03-05 20:02:00,21.52,Restaurant,Online
TXN_000180,CUST_0212,2026-06-13 15:39:00,54.3,Grocery,Mobile
TXN_000181,CUST_0047,2026-01-15 07:38:00,88.9,Utilities,POS
TXN_000182,CUST_0356,2026-01-14 23:28:00,71.11,Entertainment,POS
TXN_000183,CUST_0390,2026-01-28 15:29:00,14.01,Healthcare,POS
TXN_000184,CUST_0013,2026-01-06 21:52:00,22.54,Electronics,Mobile
TXN_000185,CUST_0319,2026-03-09 22:29:00,100.12,Shopping,POS
TXN_000186,CUST_0419,2026-02-28 00:04:00,71.64,Utilities,Online
TXN_000187,CUST_0318,2026-05-21 04:24:00,18.92,Entertainment,Mobile
TXN_000188,CUST_0418,2026-06-22 10:40:00,149.16,Travel,POS
TXN_000189,CUST_0296,2026-03-03 17:01:00,59.1,Entertainment,Online
TXN_000190,CUST_0291,2026-04-15 09:54:00,54.45,Entertainment,Online
TXN_000191,CUST_0379,2026-05-30 09:28:00,69.57,Grocery,Mobile
TXN_000192,CUST_0402,2026-04-22 08:39:00,42.24,Electronics,POS
TXN_000193,CUST_0014,2026-04-14 22:06:00,42.53,Grocery,Mobile
TXN_000194,CUST_0481,2026-01-08 19:26:00,74.12,Grocery,POS
TXN_000195,CUST_0450,2026-01-29 13:57:00,80.84,Shopping,POS
TXN_000196,CUST_0134,2026-01-18 00:39:00,36.44,Shopping,POS
TXN_000197,CUST_0042,2026-01-18 09:33:00,46.46,Entertainment,POS
TXN_000198,CUST_0231,2026-01-08 11:49:00,21.86,Shopping,Mobile
TXN_000199,CUST_0441,2026-02-17 01:39:00,11.12,Healthcare,Online
TXN_000200,CUST_0086,2026-06-18 23:22:00,14.63,Restaurant,Mobile
TXN_000201,CUST_0330,2026-03-31 11:56:00,93.46,Healthcare,POS
TXN_000202,CUST_0216,2026-06-11 12:44:00,19.89,Travel,POS
TXN_000203,CUST_0136,2026-06-20 05:46:00,21.6,Travel,Mobile
TXN_000204,CUST_0095,2026-06-09 20:09:00,19.06,Shopping,POS
TXN_000205,CUST_0299,2026-02-23 00:05:00,107.98,Utilities,ATM
TXN_000206,CUST_0134,2026-03-21 21:13:00,47.38,Electronics,POS
TXN_000207,CUST_0302,2026-01-13 01:28:00,70.95,Electronics,POS
TXN_000208,CUST_0481,2026-01-19 23:06:00,40.96,Healthcare,Mobile
TXN_000209,CUST_0460,2026-06-24 05:09:00,110.5,Healthcare,POS
TXN_000210,CUST_0051,2026-05-19 20:56:00,64.87,Entertainment,Online
TXN_000211,CUST_0214,2026-01-14 08:56:00,17.68,Travel,Online
TXN_000212,CUST_0001,2026-04-29 07:14:00,20.18,Healthcare,Online
TXN_000213,CUST_0424,2026-06-23 02:27:00,6.8,Entertainment,Online
TXN_000214,CUST_0313,2026-01-29 06:58:00,136.39,Entertainment,POS
TXN_000215,CUST_0063,2026-03-29 14:41:00,94.8,Utilities,Online
TXN_000216,CUST_0475,2026-04-06 17:35:00,25.86,Restaurant,ATM
TXN_000217,CUST_0427,2026-06-02 01:27:00,53.07,Travel,POS
TXN_000218,CUST_0161,2026-06-29 21:30:00,7.17,Grocery,Mobile
TXN_000219,CUST_0150,2026-02-02 01:23:00,16.9,Grocery,Online
TXN_000220,CUST_0361,2026-04-19 07:49:00,17.2,Grocery,POS
TXN_000221,CUST_0476,2026-06-28 14:04:00,8.67,Healthcare,POS
TXN_000222,CUST_0478,2026-04-25 10:31:00,38.43,Healthcare,POS
TXN_000223,CUST_0211,2026-03-04 18:37:00,21.16,Grocery,Online
TXN_000224,CUST_0144,2026-04-25 07:28:00,3.96,Electronics,POS
TXN_000225,CUST_0078,2026-01-19 13:37:00,41.88,Utilities,POS
TXN_000226,CUST_0222,2026-02-15 05:55:00,203.98,Utilities,Mobile
TXN_000227,CUST_0385,2026-06-10 07:37:00,18.77,Shopping,POS
TXN_000228,CUST_0467,2026-03-30 03:44:00,26.54,Utilities,POS
TXN_000229,CUST_0087,2026-06-19 05:11:00,25.62,Grocery,Online
TXN_000230,CUST_0471,2026-02-21 10:15:00,92.23,Shopping,POS
TXN_000231,CUST_0054,2026-03-12 09:18:00,74.63,Shopping,POS
TXN_000232,CUST_0264,2026-03-02 12:07:00,5.05,Restaurant,Mobile
TXN_000233,CUST_0078,2026-06-15 02:12:00,115.56,Electronics,POS
TXN_000234,CUST_0182,2026-02-16 01:58:00,50.42,Entertainment,POS
TXN_000235,CUST_0432,2026-05-09 02:26:00,41.72,Grocery,Online
TXN_000236,CUST_0112,2026-05-07 01:32:00,16.18,Entertainment,Mobile
TXN_000237,CUST_0188,2026-03-13 15:05:00,56.11,Entertainment,Online
TXN_000238,CUST_0386,2026-06-23 18:51:00,43.03,Shopping,POS
TXN_000239,CUST_0020,2026-05-15 10:28:00,9.2,Utilities,POS
TXN_000240,CUST_0428,2026-06-16 23:49:00,191.48,Shopping,ATM
TXN_000241,CUST_0364,2026-04-21 20:01:00,87.52,Electronics,Online
TXN_000242,CUST_0115,2026-01-25 13:27:00,32.11,Grocery,Online
TXN_000243,CUST_0450,2026-02-05 21:33:00,8.6,Utilities,POS
TXN_000244,CUST_0004,2026-05-25 10:20:00,69.63,Restaurant,POS
TXN_000245,CUST_0098,2026-03-26 14:29:00,6.49,Grocery,POS
TXN_000246,CUST_0378,2026-01-29 08:09:00,57.5,Travel,Online
TXN_000247,CUST_0342,2026-02-03 06:44:00,42.78,Travel,POS
TXN_000248,CUST_0455,2026-01-25 19:37:00,88.47,Restaurant,ATM
TXN_000249,CUST_0469,2026-01-27 21:09:00,48.6,Electronics,POS
TXN_000250,CUST_0363,2026-01-09 00:35:00,3.1,Grocery,Online
TXN_000251,CUST_0371,2026-05-22 06:27:00,17.97,Electronics,POS
TXN_000252,CUST_0113,2026-06-27 05:22:00,121.65,Shopping,Online
TXN_000253,CUST_0310,2026-06-03 02:31:00,265.42,Utilities,Online
TXN_000254,CUST_0289,2026-06-20 01:23:00,24.42,Restaurant,Online
TXN_000255,CUST_0467,2026-01-28 00:10:00,18.62,Utilities,ATM
TXN_000256,CUST_0482,2026-04-03 01:56:00,37.41,Grocery,Mobile
TXN_000257,CUST_0073,2026-02-28 00:39:00,39.64,Grocery,Mobile
TXN_000258,CUST_0042,2026-02-01 09:06:00,23.69,Grocery,Online
TXN_000259,CUST_0498,2026-01-17 00:11:00,62.33,Utilities,Online
TXN_000260,CUST_0275,2026-02-18 08:26:00,87.58,Entertainment,Online
TXN_000261,CUST_0305,2026-04-02 06:10:00,8.85,Utilities,ATM
TXN_000262,CUST_0264,2026-04-03 05:42:00,26.41,Healthcare,Mobile
TXN_000263,CUST_0485,2026-06-24 09:47:00,76.24,Grocery,ATM
TXN_000264,CUST_0143,2026-03-27 05:32:00,52.41,Shopping,ATM
TXN_000265,CUST_0026,2026-01-17 17:10:00,75.07,Utilities,Online
TXN_000266,CUST_0137,2026-05-29 23:13:00,37.86,Shopping,ATM
TXN_000267,CUST_0315,2026-01-14 11:46:00,31.83,Utilities,Online
TXN_000268,CUST_0402,2026-03-02 15:12:00,65.46,Shopping,Mobile
TXN_000269,CUST_0014,2026-05-29 00:02:00,8.12,Travel,POS
TXN_000270,CUST_0293,2026-04-16 08:54:00,54.65,Shopping,Online
TXN_000271,CUST_0471,2026-04-12 15:49:00,27.47,Grocery,POS
TXN_000272,CUST_0409,2026-06-06 10:55:00,21.33,Entertainment,POS
TXN_000273,CUST_0493,2026-05-17 21:53:00,8.59,Healthcare,POS
TXN_000274,CUST_0414,2026-01-20 07:08:00,59.47,Shopping,Mobile
TXN_000275,CUST_0274,2026-01-23 22:39:00,19.74,Entertainment,POS
TXN_000276,CUST_0440,2026-03-13 07:05:00,135.55,Travel,ATM
TXN_000277,CUST_0414,2026-05-31 12:32:00,6.16,Entertainment,Mobile
TXN_000278,CUST_0003,2026-01-23 12:13:00,5.71,Entertainment,POS
TXN_000279,CUST_0498,2026-06-03 14:05:00,12.13,Grocery,Online
TXN_000280,CUST_0463,2026-03-27 05:44:00,15.37,Grocery,Online
TXN_000281,CUST_0344,2026-03-28 08:23:00,17.31,Travel,POS
TXN_000282,CUST_0319,2026-04-22 16:29:00,73.84,Utilities,POS
TXN_000283,CUST_0333,2026-01-30 01:24:00,28.53,Entertainment,POS
TXN_000284,CUST_0243,2026-01-28 19:22:00,17.13,Entertainment,Online
TXN_000285,CUST_0226,2026-03-24 07:33:00,21.85,Restaurant,Mobile
TXN_000286,CUST_0005,2026-02-16 00:22:00,29.84,Entertainment,POS
TXN_000287,CUST_0177,2026-01-06 07:37:00,404.11,Grocery,Online
TXN_000288,CUST_0419,2026-06-25 17:52:00,52.96,Restaurant,POS
TXN_000289,CUST_0216,2026-05-24 15:10:00,30.35,Entertainment,Online
TXN_000290,CUST_0089,2026-02-27 20:20:00,85.23,Grocery,Mobile
TXN_000291,CUST_0098,2026-02-15 06:00:00,3.51,Shopping,Online
TXN_000292,CUST_0195,2026-03-07 12:57:00,13.76,Grocery,Mobile
TXN_000293,CUST_0009,2026-01-18 17:59:00,54.97,Shopping,Online
TXN_000294,CUST_0124,2026-04-17 03:06:00,27.09,Healthcare,Online
TXN_000295,CUST_0389,2026-04-04 02:52:00,34.66,Entertainment,Online
TXN_000296,CUST_0284,2026-06-12 22:09:00,17.62,Entertainment,ATM
TXN_000297,CUST_0040,2026-04-03 03:03:00,34.58,Shopping,Mobile
TXN_000298,CUST_0040,2026-06-04 23:40:00,92.8,Restaurant,POS
TXN_000299,CUST_0237,2026-06-19 11:44:00,38.76,Electronics,POS
TXN_000300,CUST_0059,2026-03-15 01:48:00,187.04,Shopping,Online
TXN_000301,CUST_0363,2026-02-03 22:34:00,45.5,Travel,Online
TXN_000302,CUST_0045,2026-05-09 17:34:00,17.65,Restaurant,POS
TXN_000303,CUST_0023,2026-05-05 22:37:00,41.66,Restaurant,Mobile
TXN_000304,CUST_0077,2026-02-22 13:53:00,28.43,Entertainment,Online
TXN_000305,CUST_0224,2026-04-24 05:18:00,25.84,Grocery,POS
TXN_000306,CUST_0354,2026-02-14 08:12:00,18.27,Travel,Online
TXN_000307,CUST_0163,2026-05-01 07:59:00,22.4,Healthcare,POS
TXN_000308,CUST_0482,2026-06-10 22:38:00,16.94,Healthcare,POS
TXN_000309,CUST_0222,2026-03-22 12:33:00,71.55,Travel,POS
TXN_000310,CUST_0324,2026-05-27 20:27:00,65.16,Shopping,Online
TXN_000311,CUST_0406,2026-03-21 15:22:00,26.21,Utilities,POS
TXN_000312,CUST_0210,2026-03-22 02:54:00,209.94,Restaurant,ATM
TXN_000313,CUST_0285,2026-06-01 11:18:00,249.74,Travel,Mobile
TXN_000314,CUST_0029,2026-01-22 22:38:00,15.8,Shopping,Mobile
TXN_000315,CUST_0079,2026-01-19 01:49:00,18.77,Healthcare,POS
TXN_000316,CUST_0226,2026-03-03 22:26:00,68.8,Entertainment,ATM
TXN_000317,CUST_0397,2026-01-17 06:11:00,36.2,Entertainment,POS
TXN_000318,CUST_0288,2026-02-06 07:47:00,106.26,Restaurant,Mobile
TXN_000319,CUST_0022,2026-02-03 23:01:00,50.95,Entertainment,POS
TXN_000320,CUST_0147,2026-01-04 21:46:00,42.24,Grocery,POS
TXN_000321,CUST_0257,2026-01-19 08:31:00,106.0,Restaurant,Online
TXN_000322,CUST_0497,2026-01-19 07:45:00,13.07,Grocery,Mobile
TXN_000323,CUST_0271,2026-04-06 00:48:00,409.75,Travel,Online
TXN_000324,CUST_0093,2026-02-27 14:50:00,6.32,Entertainment,Online
TXN_000325,CUST_0174,2026-06-15 11:00:00,22.87,Entertainment,Online
TXN_000326,CUST_0024,2026-04-12 14:43:00,33.9,Travel,ATM
TXN_000327,CUST_0046,2026-03-14 07:01:00,170.39,Travel,POS
TXN_000328,CUST_0432,2026-04-01 02:29:00,148.57,Grocery,Online
TXN_000329,CUST_0117,2026-03-13 03:51:00,7.74,Electronics,POS
TXN_000330,CUST_0277,2026-04-22 04:01:00,236.35,Restaurant,POS
TXN_000331,CUST_0366,2026-01-21 21:27:00,111.63,Travel,Mobile
TXN_000332,CUST_0267,2026-05-24 07:36:00,69.55,Utilities,Mobile
TXN_000333,CUST_0401,2026-06-07 05:09:00,38.97,Healthcare,POS
TXN_000334,CUST_0092,2026-05-23 20:55:00,13.31,Travel,Online
TXN_000335,CUST_0416,2026-03-20 07:15:00,92.12,Utilities,Online
TXN_000336,CUST_0154,2026-05-28 07:33:00,36.29,Utilities,Online
TXN_000337,CUST_0359,2026-01-07 07:18:00,62.31,Healthcare,Online
TXN_000338,CUST_0428,2026-02-10 01:00:00,12.44,Grocery,ATM
TXN_000339,CUST_0451,2026-04-20 02:07:00,40.88,Grocery,Online
TXN_000340,CUST_0041,2026-03-12 23:35:00,79.86,Restaurant,ATM
TXN_000341,CUST_0178,2026-04-20 12:22:00,117.35,Healthcare,Mobile
TXN_000342,CUST_0459,2026-01-09 02:13:00,57.94,Travel,POS
TXN_000343,CUST_0314,2026-03-08 00:41:00,29.94,Healthcare,POS
TXN_000344,CUST_0014,2026-02-20 11:55:00,148.2,Shopping,Mobile
TXN_000345,CUST_0087,2026-04-15 22:14:00,24.57,Shopping,Online
TXN_000346,CUST_0238,2026-01-20 17:00:00,288.2,Travel,Mobile
TXN_000347,CUST_0119,2026-03-15 04:01:00,18.86,Travel,POS
TXN_000348,CUST_0211,2026-06-26 13:43:00,30.51,Utilities,Online
TXN_000349,CUST_0361,2026-06-13 14:52:00,14.25,Shopping,POS
TXN_000350,CUST_0438,2026-06-26 23:34:00,32.67,Healthcare,Online
TXN_000351,CUST_0332,2026-01-19 00:43:00,102.64,Entertainment,Online
TXN_000352,CUST_0382,2026-03-21 07:45:00,25.16,Travel,POS
TXN_000353,CUST_0177,2026-04-17 07:27:00,443.0,Restaurant,Mobile
TXN_000354,CUST_0228,2026-05-25 06:59:00,50.01,Restaurant,POS
TXN_000355,CUST_0262,2026-03-29 20:23:00,13.62,Shopping,POS
TXN_000356,CUST_0021,2026-06-29 18:01:00,8.47,Healthcare,Online
TXN_000357,CUST_0008,2026-03-03 09:17:00,173.64,Restaurant,Online
TXN_000358,CUST_0002,2026-05-03 05:57:00,7.1,Healthcare,POS
TXN_000359,CUST_0493,2026-05-20 17:27:00,13.55,Entertainment,POS
TXN_000360,CUST_0231,2026-05-20 04:22:00,28.8,Grocery,POS
TXN_000361,CUST_0326,2026-06-27 05:24:00,8.8,Travel,Online
TXN_000362,CUST_0261,2026-03-02 01:15:00,96.84,Healthcare,POS
TXN_000363,CUST_0440,2026-02-01 01:38:00,8.12,Healthcare,Online
TXN_000364,CUST_0118,2026-05-21 12:12:00,19.06,Utilities,Online
TXN_000365,CUST_0266,2026-02-25 05:30:00,13.64,Entertainment,Online
TXN_000366,CUST_0460,2026-06-25 13:09:00,50.61,Grocery,Online
TXN_000367,CUST_0468,2026-03-06 02:44:00,134.9,Healthcare,POS
TXN_000368,CUST_0305,2026-02-25 07:51:00,6.65,Grocery,Mobile
TXN_000369,CUST_0156,2026-04-16 03:29:00,39.41,Shopping,Online
TXN_000370,CUST_0334,2026-06-04 12:20:00,98.44,Restaurant,Online
TXN_000371,CUST_0020,2026-04-21 17:56:00,38.44,Shopping,POS
TXN_000372,CUST_0059,2026-02-14 13:38:00,20.54,Entertainment,Online
TXN_000373,CUST_0206,2026-06-20 12:26:00,13.72,Restaurant,ATM
TXN_000374,CUST_0126,2026-02-12 12:12:00,166.66,Restaurant,Online
TXN_000375,CUST_0185,2026-06-14 13:31:00,7.07,Shopping,POS
TXN_000376,CUST_0294,2026-03-14 06:21:00,54.79,Travel,Online
TXN_000377,CUST_0301,2026-06-16 05:27:00,15.92,Entertainment,Online
TXN_000378,CUST_0157,2026-03-28 09:18:00,54.9,Electronics,Online
TXN_000379,CUST_0086,2026-03-03 02:49:00,74.08,Healthcare,ATM
TXN_000380,CUST_0414,2026-01-17 17:29:00,9.79,Restaurant,Online
TXN_000381,CUST_0136,2026-02-07 13:01:00,48.11,Shopping,ATM
TXN_000382,CUST_0452,2026-02-24 22:54:00,54.98,Grocery,POS
TXN_000383,CUST_0464,2026-01-26 00:59:00,54.92,Grocery,Online
TXN_000384,CUST_0450,2026-06-21 01:34:00,89.15,Restaurant,POS
TXN_000385,CUST_0073,2026-04-20 00:35:00,23.7,Healthcare,Mobile
TXN_000386,CUST_0098,2026-02-16 16:03:00,40.7,Entertainment,Mobile
TXN_000387,CUST_0102,2026-04-19 16:18:00,81.57,Entertainment,Mobile
TXN_000388,CUST_0365,2026-06-14 23:25:00,28.82,Shopping,POS
TXN_000389,CUST_0310,2026-06-12 15:02:00,8.67,Grocery,POS
TXN_000390,CUST_0143,2026-04-23 18:36:00,106.11,Entertainment,POS
TXN_000391,CUST_0473,2026-02-14 01:29:00,95.92,Shopping,Online
TXN_000392,CUST_0267,2026-06-25 14:37:00,312.98,Shopping,Online
TXN_000393,CUST_0330,2026-04-26 18:23:00,33.21,Entertainment,Mobile
TXN_000394,CUST_0450,2026-05-16 23:24:00,167.41,Utilities,ATM
TXN_000395,CUST_0154,2026-06-04 06:07:00,6.48,Travel,POS
TXN_000396,CUST_0343,2026-04-20 18:19:00,39.29,Utilities,Mobile
TXN_000397,CUST_0379,2026-02-11 02:22:00,123.81,Shopping,Online
TXN_000398,CUST_0117,2026-03-31 10:43:00,36.12,Travel,ATM
TXN_000399,CUST_0203,2026-05-04 13:53:00,9.8,Entertainment,POS
TXN_000400,CUST_0334,2026-02-10 01:56:00,20.45,Entertainment,POS
TXN_000401,CUST_0052,2026-03-26 17:19:00,55.84,Travel,POS
TXN_000402,CUST_0106,2026-01-09 12:49:00,40.73,Travel,Mobile
TXN_000403,CUST_0433,2026-02-20 09:48:00,11.49,Travel,Online
TXN_000404,CUST_0159,2026-02-03 14:08:00,35.27,Healthcare,Online
TXN_000405,CUST_0426,2026-02-19 07:51:00,14.55,Utilities,POS
TXN_000406,CUST_0173,2026-03-03 06:04:00,28.49,Restaurant,Online
TXN_000407,CUST_0375,2026-01-26 23:04:00,42.41,Travel,Online
TXN_000408,CUST_0271,2026-06-13 06:48:00,314.33,Restaurant,Online
TXN_000409,CUST_0125,2026-01-24 16:04:00,39.51,Grocery,Online
TXN_000410,CUST_0068,2026-04-27 08:03:00,43.18,Restaurant,Mobile
TXN_000411,CUST_0060,2026-05-19 15:28:00,92.65,Shopping,POS
TXN_000412,CUST_0439,2026-01-19 04:00:00,58.54,Restaurant,Online
TXN_000413,CUST_0483,2026-02-23 15:11:00,30.56,Entertainment,Online
TXN_000414,CUST_0293,2026-01-29 01:10:00,98.82,Healthcare,Online
TXN_000415,CUST_0160,2026-01-06 03:41:00,8.79,Entertainment,POS
TXN_000416,CUST_0409,2026-01-04 00:38:00,70.3,Restaurant,Online
TXN_000417,CUST_0085,2026-06-09 02:24:00,17.85,Entertainment,Mobile
TXN_000418,CUST_0459,2026-05-07 18:53:00,220.63,Healthcare,Online
TXN_000419,CUST_0019,2026-02-07 16:13:00,6.37,Electronics,Online
TXN_000420,CUST_0036,2026-05-22 23:31:00,1413.45,Electronics,POS
TXN_000421,CUST_0387,2026-03-22 03:15:00,6.13,Utilities,POS
TXN_000422,CUST_0269,2026-05-21 00:59:00,9.46,Grocery,Mobile
TXN_000423,CUST_0005,2026-06-27 10:57:00,40.29,Electronics,Mobile
TXN_000424,CUST_0067,2026-02-01 07:53:00,18.14,Utilities,Online
TXN_000425,CUST_0259,2026-06-19 02:05:00,7.39,Shopping,Mobile
TXN_000426,CUST_0116,2026-03-08 10:33:00,8.76,Electronics,POS
TXN_000427,CUST_0036,2026-01-01 03:27:00,36.98,Healthcare,Online
TXN_000428,CUST_0106,2026-03-28 19:02:00,48.33,Utilities,POS
TXN_000429,CUST_0400,2026-03-13 08:27:00,32.46,Utilities,Online
TXN_000430,CUST_0115,2026-06-24 21:39:00,48.6,Electronics,Online
TXN_000431,CUST_0360,2026-05-31 17:09:00,15.59,Utilities,POS
TXN_000432,CUST_0406,2026-01-04 09:35:00,72.92,Restaurant,Mobile
TXN_000433,CUST_0161,2026-03-24 05:33:00,38.68,Travel,Mobile
TXN_000434,CUST_0292,2026-03-28 10:41:00,389.84,Grocery,Online
TXN_000435,CUST_0361,2026-01-13 13:13:00,5.28,Travel,Online
TXN_000436,CUST_0196,2026-02-27 21:22:00,55.04,Restaurant,POS
TXN_000437,CUST_0406,2026-06-12 03:23:00,42.58,Entertainment,POS
TXN_000438,CUST_0239,2026-01-18 11:29:00,33.06,Grocery,Online
TXN_000439,CUST_0429,2026-05-08 08:02:00,1245.3,Utilities,Mobile
TXN_000440,CUST_0336,2026-05-23 06:32:00,24.77,Healthcare,Online
TXN_000441,CUST_0399,2026-05-22 15:41:00,10.1,Restaurant,Online
TXN_000442,CUST_0276,2026-04-05 22:48:00,23.27,Restaurant,POS
TXN_000443,CUST_0450,2026-05-23 09:17:00,32.3,Utilities,Mobile
TXN_000444,CUST_0381,2026-05-07 12:24:00,75.02,Travel,POS
TXN_000445,CUST_0390,2026-01-13 01:07:00,22.83,Electronics,POS
TXN_000446,CUST_0025,2026-03-31 13:15:00,12.28,Healthcare,ATM
TXN_000447,CUST_0012,2026-01-20 13:39:00,30.86,Entertainment,ATM
TXN_000448,CUST_0146,2026-02-24 07:33:00,53.87,Entertainment,Online
TXN_000449,CUST_0160,2026-05-21 23:58:00,56.83,Travel,POS
TXN_000450,CUST_0499,2026-03-09 09:13:00,9.18,Entertainment,Mobile
TXN_000451,CUST_0345,2026-02-01 04:56:00,38.42,Grocery,POS
TXN_000452,CUST_0099,2026-06-06 13:49:00,23.64,Entertainment,Online
TXN_000453,CUST_0494,2026-02-02 12:51:00,44.81,Travel,POS
TXN_000454,CUST_0103,2026-05-18 11:50:00,17.67,Electronics,Mobile
TXN_000455,CUST_0380,2026-02-09 14:09:00,85.59,Travel,Mobile
TXN_000456,CUST_0063,2026-02-19 11:09:00,7.5,Entertainment,Mobile
TXN_000457,CUST_0256,2026-01-22 15:34:00,19.94,Travel,POS
TXN_000458,CUST_0229,2026-05-15 01:01:00,10.27,Entertainment,Mobile
TXN_000459,CUST_0183,2026-06-16 20:36:00,18.61,Utilities,Mobile
TXN_000460,CUST_0138,2026-04-05 20:54:00,2.48,Healthcare,Online
TXN_000461,CUST_0389,2026-01-16 13:40:00,12.25,Travel,POS
TXN_000462,CUST_0308,2026-03-04 10:01:00,32.11,Electronics,Online
TXN_000463,CUST_0196,2026-04-11 18:48:00,22.43,Restaurant,POS
TXN_000464,CUST_0221,2026-06-28 03:53:00,57.62,Travel,Mobile
TXN_000465,CUST_0021,2026-05-06 13:15:00,44.32,Grocery,POS
TXN_000466,CUST_0048,2026-03-04 17:53:00,15.95,Entertainment,Online
TXN_000467,CUST_0314,2026-06-05 13:53:00,74.36,Travel,POS
TXN_000468,CUST_0264,2026-04-18 07:44:00,16.27,Shopping,POS
TXN_000469,CUST_0079,2026-01-21 21:51:00,29.26,Entertainment,Online
TXN_000470,CUST_0428,2026-05-01 04:23:00,87.9,Grocery,POS
TXN_000471,CUST_0333,2026-02-28 01:08:00,98.8,Shopping,Online
TXN_000472,CUST_0148,2026-04-09 01:34:00,58.87,Entertainment,POS
TXN_000473,CUST_0366,2026-03-29 17:03:00,11.28,Entertainment,POS
TXN_000474,CUST_0008,2026-04-21 15:42:00,5.59,Electronics,POS
TXN_000475,CUST_0480,2026-03-30 19:36:00,85.5,Electronics,Mobile
TXN_000476,CUST_0329,2026-06-04 06:26:00,34.29,Restaurant,POS
TXN_000477,CUST_0049,2026-03-27 14:17:00,13.99,Grocery,POS
TXN_000478,CUST_0119,2026-02-02 12:57:00,13.73,Utilities,Mobile
TXN_000479,CUST_0149,2026-03-17 03:32:00,30.78,Restaurant,POS
TXN_000480,CUST_0160,2026-05-14 04:15:00,11.39,Healthcare,POS
TXN_000481,CUST_0380,2026-01-27 21:14:00,41.68,Grocery,POS
TXN_000482,CUST_0334,2026-05-25 18:57:00,13.35,Travel,POS
TXN_000483,CUST_0278,2026-03-10 17:49:00,45.38,Travel,Online
TXN_000484,CUST_0113,2026-01-22 10:01:00,28.04,Electronics,ATM
TXN_000485,CUST_0032,2026-05-11 12:01:00,69.84,Travel,ATM
TXN_000486,CUST_0149,2026-01-12 02:37:00,23.1,Entertainment,Online
TXN_000487,CUST_0392,2026-06-06 14:55:00,48.06,Healthcare,POS
TXN_000488,CUST_0086,2026-01-31 05:41:00,163.88,Utilities,ATM
TXN_000489,CUST_0348,2026-06-04 15:10:00,49.39,Shopping,ATM
TXN_000490,CUST_0499,2026-02-10 03:24:00,17.26,Healthcare,Mobile
TXN_000491,CUST_0278,2026-04-14 13:09:00,330.44,Electronics,POS
TXN_000492,CUST_0019,2026-04-06 03:18:00,97.07,Healthcare,POS
TXN_000493,CUST_0108,2026-06-25 18:33:00,120.27,Healthcare,Online
TXN_000494,CUST_0144,2026-03-05 11:16:00,64.92,Electronics,Online
TXN_000495,CUST_0003,2026-04-25 18:28:00,120.06,Shopping,Online
TXN_000496,CUST_0384,2026-04-19 17:30:00,21.7,Utilities,POS
TXN_000497,CUST_0066,2026-03-17 12:57:00,109.58,Travel,POS
TXN_000498,CUST_0090,2026-01-19 15:12:00,18.0,Restaurant,Online
TXN_000499,CUST_0462,2026-05-09 18:13:00,7.77,Shopping,Mobile
TXN_000500,CUST_0312,2026-03-11 18:43:00,10.95,Shopping,ATM
TXN_000501,CUST_0111,2026-01-17 11:05:00,186.23,Electronics,Online
TXN_000502,CUST_0293,2026-01-02 09:43:00,22.21,Utilities,POS
TXN_000503,CUST_0359,2026-06-16 19:18:00,106.33,Travel,POS
TXN_000504,CUST_0004,2026-04-13 04:39:00,18.67,Entertainment,POS
TXN_000505,CUST_0229,2026-03-17 17:59:00,154.8,Travel,Online
TXN_000506,CUST_0162,2026-05-16 05:18:00,246.19,Utilities,Mobile
TXN_000507,CUST_0188,2026-05-06 14:47:00,32.88,Utilities,Online
TXN_000508,CUST_0109,2026-04-28 07:33:00,123.03,Travel,Mobile
TXN_000509,CUST_0117,2026-01-04 19:09:00,36.18,Electronics,POS
TXN_000510,CUST_0183,2026-04-25 14:09:00,145.12,Grocery,POS
TXN_000511,CUST_0319,2026-04-13 06:16:00,53.52,Shopping,Mobile
TXN_000512,CUST_0118,2026-05-03 10:45:00,8.45,Entertainment,Online
TXN_000513,CUST_0260,2026-02-28 08:45:00,8.78,Healthcare,POS
TXN_000514,CUST_0124,2026-06-18 05:45:00,32.6,Shopping,Mobile
TXN_000515,CUST_0400,2026-02-07 15:40:00,44.87,Restaurant,Online
TXN_000516,CUST_0107,2026-06-09 00:21:00,8.36,Grocery,POS
TXN_000517,CUST_0493,2026-02-27 21:29:00,50.85,Shopping,ATM
TXN_000518,CUST_0035,2026-03-07 19:48:00,40.34,Utilities,Online
TXN_000519,CUST_0349,2026-06-25 02:44:00,8.16,Entertainment,POS
TXN_000520,CUST_0356,2026-04-22 09:01:00,2.0,Utilities,POS
TXN_000521,CUST_0231,2026-02-01 16:03:00,25.17,Travel,POS
TXN_000522,CUST_0213,2026-04-28 01:13:00,12.19,Utilities,Online
TXN_000523,CUST_0414,2026-06-28 14:45:00,80.35,Restaurant,Online
TXN_000524,CUST_0479,2026-02-04 12:53:00,16.57,Restaurant,Mobile
TXN_000525,CUST_0044,2026-01-13 23:21:00,39.41,Shopping,Online
TXN_000526,CUST_0363,2026-01-12 20:33:00,27.96,Grocery,Online
TXN_000527,CUST_0417,2026-04-07 12:39:00,27.97,Healthcare,Online
TXN_000528,CUST_0203,2026-06-15 15:11:00,37.0,Travel,Online
TXN_000529,CUST_0199,2026-05-21 07:20:00,105.61,Electronics,Online
TXN_000530,CUST_0165,2026-01-20 14:28:00,22.72,Restaurant,ATM
TXN_000531,CUST_0131,2026-03-03 00:56:00,14.33,Grocery,POS
TXN_000532,CUST_0341,2026-04-06 14:20:00,61.0,Electronics,ATM
TXN_000533,CUST_0425,2026-02-13 01:52:00,14.54,Utilities,POS
TXN_000534,CUST_0152,2026-05-21 19:39:00,28.1,Entertainment,Online
TXN_000535,CUST_0442,2026-06-29 20:53:00,139.57,Grocery,POS
TXN_000536,CUST_0494,2026-05-05 07:37:00,40.85,Utilities,Mobile
TXN_000537,CUST_0341,2026-02-15 13:53:00,49.61,Grocery,POS
TXN_000538,CUST_0144,2026-02-18 02:46:00,13.68,Electronics,POS
TXN_000539,CUST_0086,2026-02-03 20:57:00,85.16,Utilities,Mobile
TXN_000540,CUST_0099,2026-01-08 12:00:00,16.62,Electronics,Mobile
TXN_000541,CUST_0448,2026-04-23 06:05:00,76.9,Restaurant,Online
TXN_000542,CUST_0372,2026-04-09 15:35:00,23.04,Utilities,Online
TXN_000543,CUST_0213,2026-01-20 04:24:00,12.5,Utilities,Online
TXN_000544,CUST_0168,2026-06-24 02:56:00,52.43,Restaurant,Mobile
TXN_000545,CUST_0447,2026-01-17 10:08:00,13.63,Shopping,ATM
TXN_000546,CUST_0042,2026-05-16 13:58:00,37.15,Travel,Mobile
TXN_000547,CUST_0436,2026-06-29 09:54:00,3.65,Shopping,Mobile
TXN_000548,CUST_0267,2026-05-06 03:51:00,11.73,Electronics,Online
TXN_000549,CUST_0408,2026-01-05 15:50:00,117.99,Entertainment,POS
TXN_000550,CUST_0393,2026-05-19 02:53:00,16.32,Healthcare,Online
TXN_000551,CUST_0104,2026-05-30 20:54:00,2.1,Utilities,Mobile
TXN_000552,CUST_0336,2026-04-02 05:14:00,95.91,Shopping,POS
TXN_000553,CUST_0114,2026-03-03 20:47:00,34.03,Travel,Online
TXN_000554,CUST_0008,2026-01-12 20:31:00,9.18,Entertainment,Mobile
TXN_000555,CUST_0107,2026-04-03 19:43:00,90.33,Utilities,Online
TXN_000556,CUST_0137,2026-03-18 16:54:00,17.67,Travel,Mobile
TXN_000557,CUST_0016,2026-03-24 16:12:00,32.82,Entertainment,POS
TXN_000558,CUST_0162,2026-05-18 14:17:00,44.84,Travel,ATM
TXN_000559,CUST_0223,2026-06-16 15:28:00,13.99,Entertainment,POS
TXN_000560,CUST_0196,2026-04-18 20:09:00,47.63,Grocery,Mobile
TXN_000561,CUST_0382,2026-04-08 16:19:00,44.41,Travel,Mobile
TXN_000562,CUST_0486,2026-02-26 19:55:00,30.72,Restaurant,Online
TXN_000563,CUST_0377,2026-05-28 16:55:00,123.61,Travel,Online
TXN_000564,CUST_0226,2026-01-09 20:43:00,29.43,Utilities,Mobile
TXN_000565,CUST_0286,2026-03-08 10:08:00,57.16,Electronics,Online
TXN_000566,CUST_0469,2026-05-03 08:08:00,14.3,Shopping,Online
TXN_000567,CUST_0307,2026-05-01 02:07:00,166.56,Grocery,POS
TXN_000568,CUST_0150,2026-04-14 13:30:00,23.99,Grocery,Mobile
TXN_000569,CUST_0350,2026-03-03 02:09:00,34.4,Travel,Mobile
TXN_000570,CUST_0066,2026-01-01 02:35:00,37.92,Shopping,POS
TXN_000571,CUST_0047,2026-04-27 10:30:00,43.96,Travel,ATM
TXN_000572,CUST_0343,2026-06-25 06:59:00,25.56,Electronics,POS
TXN_000573,CUST_0442,2026-04-08 15:20:00,4.78,Healthcare,Online
TXN_000574,CUST_0117,2026-02-03 21:01:00,37.56,Entertainment,POS
TXN_000575,CUST_0484,2026-05-11 06:38:00,47.02,Shopping,Online
TXN_000576,CUST_0210,2026-02-20 15:54:00,54.01,Shopping,ATM
TXN_000577,CUST_0219,2026-05-17 15:09:00,12.6,Electronics,POS
TXN_000578,CUST_0100,2026-03-29 20:18:00,38.48,Entertainment,POS
TXN_000579,CUST_0147,2026-06-19 16:05:00,19.39,Electronics,Online
TXN_000580,CUST_0215,2026-05-09 01:22:00,30.25,Utilities,Mobile
TXN_000581,CUST_0110,2026-05-24 18:20:00,40.28,Grocery,Mobile
TXN_000582,CUST_0327,2026-01-08 15:22:00,682.05,Utilities,Mobile
TXN_000583,CUST_0124,2026-06-27 03:35:00,19.38,Healthcare,POS
TXN_000584,CUST_0422,2026-04-24 00:07:00,74.3,Entertainment,POS
TXN_000585,CUST_0465,2026-04-09 19:52:00,5.03,Shopping,Online
TXN_000586,CUST_0443,2026-05-21 13:55:00,24.62,Utilities,Mobile
TXN_000587,CUST_0068,2026-06-01 05:42:00,9.99,Electronics,Online
TXN_000588,CUST_0016,2026-02-05 20:31:00,9.27,Entertainment,Mobile
TXN_000589,CUST_0158,2026-03-08 15:58:00,6.51,Utilities,Mobile
TXN_000590,CUST_0149,2026-02-01 04:20:00,20.17,Entertainment,Online
TXN_000591,CUST_0451,2026-02-02 05:23:00,185.28,Grocery,ATM
TXN_000592,CUST_0035,2026-02-11 13:51:00,30.44,Grocery,Online
TXN_000593,CUST_0065,2026-03-03 13:48:00,10.8,Shopping,Mobile
TXN_000594,CUST_0406,2026-06-16 01:41:00,29.67,Electronics,ATM
TXN_000595,CUST_0276,2026-04-23 17:31:00,59.14,Healthcare,POS
TXN_000596,CUST_0260,2026-01-07 02:10:00,109.91,Utilities,Mobile
TXN_000597,CUST_0342,2026-05-01 17:04:00,13.52,Shopping,Mobile
TXN_000598,CUST_0072,2026-01-02 13:41:00,13.05,Healthcare,POS
TXN_000599,CUST_0153,2026-04-18 16:32:00,74.19,Shopping,Online
TXN_000600,CUST_0441,2026-03-08 00:34:00,40.69,Entertainment,POS
TXN_000601,CUST_0424,2026-04-06 17:48:00,2.67,Travel,Online
TXN_000602,CUST_0189,2026-06-24 02:56:00,7.77,Utilities,Mobile
TXN_000603,CUST_0190,2026-04-13 15:16:00,44.61,Grocery,Online
TXN_000604,CUST_0245,2026-01-22 18:17:00,44.2,Grocery,Online
TXN_000605,CUST_0363,2026-01-25 17:54:00,18.53,Grocery,Online
TXN_000606,CUST_0059,2026-01-16 07:34:00,77.77,Healthcare,POS
TXN_000607,CUST_0397,2026-02-06 15:41:00,24.69,Shopping,Online
TXN_000608,CUST_0045,2026-01-06 16:50:00,37.08,Grocery,POS
TXN_000609,CUST_0332,2026-05-19 19:59:00,46.7,Entertainment,POS
TXN_000610,CUST_0417,2026-06-09 23:23:00,71.44,Entertainment,Mobile
TXN_000611,CUST_0250,2026-04-26 21:32:00,65.88,Utilities,Online
TXN_000612,CUST_0431,2026-02-16 19:31:00,50.38,Healthcare,Online
TXN_000613,CUST_0338,2026-04-13 19:29:00,75.09,Grocery,POS
TXN_000614,CUST_0485,2026-03-10 21:59:00,9.92,Shopping,POS
TXN_000615,CUST_0084,2026-02-12 14:30:00,26.97,Shopping,POS
TXN_000616,CUST_0258,2026-03-21 18:49:00,78.09,Healthcare,POS
TXN_000617,CUST_0450,2026-02-23 09:57:00,41.78,Utilities,POS
TXN_000618,CUST_0201,2026-04-13 22:26:00,82.57,Grocery,Online
TXN_000619,CUST_0084,2026-04-06 05:03:00,125.4,Entertainment,Online
TXN_000620,CUST_0350,2026-06-23 10:48:00,70.94,Electronics,Mobile
TXN_000621,CUST_0268,2026-04-28 13:56:00,29.12,Entertainment,POS
TXN_000622,CUST_0213,2026-03-24 15:26:00,5.04,Utilities,POS
TXN_000623,CUST_0409,2026-04-14 04:26:00,77.9,Travel,POS
TXN_000624,CUST_0146,2026-06-03 20:38:00,119.98,Travel,POS
TXN_000625,CUST_0073,2026-03-11 12:47:00,90.07,Travel,Online
TXN_000626,CUST_0451,2026-01-28 14:38:00,16.93,Shopping,Mobile
TXN_000627,CUST_0041,2026-06-20 15:54:00,5.37,Electronics,Online
TXN_000628,CUST_0313,2026-05-31 16:32:00,16.56,Utilities,Mobile
TXN_000629,CUST_0408,2026-04-29 08:04:00,11.12,Entertainment,POS
TXN_000630,CUST_0056,2026-05-02 16:51:00,21.96,Grocery,Online
TXN_000631,CUST_0275,2026-01-31 13:34:00,34.8,Travel,Online
TXN_000632,CUST_0479,2026-06-29 18:24:00,28.18,Shopping,POS
TXN_000633,CUST_0369,2026-03-05 14:15:00,86.91,Restaurant,Mobile
TXN_000634,CUST_0204,2026-05-05 17:07:00,166.6,Utilities,POS
TXN_000635,CUST_0113,2026-06-06 03:14:00,31.63,Electronics,ATM
TXN_000636,CUST_0075,2026-06-15 19:06:00,10.52,Entertainment,POS
TXN_000637,CUST_0430,2026-04-15 00:05:00,30.31,Restaurant,POS
TXN_000638,CUST_0315,2026-06-29 13:49:00,22.87,Entertainment,POS
TXN_000639,CUST_0426,2026-05-18 01:53:00,30.16,Healthcare,POS
TXN_000640,CUST_0201,2026-01-15 06:18:00,624.6,Grocery,Online
TXN_000641,CUST_0431,2026-03-02 07:16:00,32.51,Entertainment,POS
TXN_000642,CUST_0379,2026-03-19 21:29:00,49.27,Healthcare,POS
TXN_000643,CUST_0354,2026-02-27 03:42:00,15.06,Grocery,POS
TXN_000644,CUST_0492,2026-04-02 06:30:00,17.8,Entertainment,ATM
TXN_000645,CUST_0324,2026-01-27 05:32:00,86.61,Electronics,ATM
TXN_000646,CUST_0111,2026-05-16 09:54:00,5.34,Restaurant,POS
TXN_000647,CUST_0273,2026-06-14 02:01:00,13.44,Utilities,POS
TXN_000648,CUST_0275,2026-04-15 04:23:00,95.64,Entertainment,Mobile
TXN_000649,CUST_0284,2026-04-29 02:07:00,52.2,Utilities,Online
TXN_000650,CUST_0091,2026-01-19 08:21:00,70.86,Entertainment,POS
TXN_000651,CUST_0173,2026-01-12 16:59:00,19.19,Utilities,Mobile
TXN_000652,CUST_0005,2026-05-18 21:28:00,31.53,Grocery,POS
TXN_000653,CUST_0046,2026-03-08 00:31:00,33.74,Travel,POS
TXN_000654,CUST_0070,2026-03-13 23:31:00,63.67,Healthcare,Online
TXN_000655,CUST_0102,2026-05-15 04:26:00,479.87,Healthcare,POS
TXN_000656,CUST_0192,2026-01-26 05:04:00,86.21,Grocery,POS
TXN_000657,CUST_0179,2026-01-05 06:22:00,29.77,Travel,Mobile
TXN_000658,CUST_0239,2026-05-09 02:42:00,86.07,Travel,Mobile
TXN_000659,CUST_0048,2026-02-17 05:46:00,11.9,Healthcare,Mobile
TXN_000660,CUST_0325,2026-05-07 08:28:00,14.96,Entertainment,ATM
TXN_000661,CUST_0287,2026-06-01 05:30:00,80.28,Utilities,POS
TXN_000662,CUST_0323,2026-04-20 17:35:00,72.9,Utilities,POS
TXN_000663,CUST_0126,2026-02-04 14:47:00,97.96,Grocery,Online
TXN_000664,CUST_0286,2026-01-20 07:30:00,54.05,Grocery,Mobile
TXN_000665,CUST_0019,2026-03-25 13:56:00,29.26,Entertainment,Mobile
TXN_000666,CUST_0141,2026-03-23 04:43:00,23.19,Electronics,ATM
TXN_000667,CUST_0128,2026-05-08 08:39:00,39.67,Shopping,POS
TXN_000668,CUST_0023,2026-02-03 16:31:00,38.29,Grocery,Mobile
TXN_000669,CUST_0260,2026-01-30 01:49:00,16.86,Shopping,POS
TXN_000670,CUST_0188,2026-06-01 16:01:00,28.66,Entertainment,ATM
TXN_000671,CUST_0045,2026-02-19 12:32:00,34.13,Electronics,POS
TXN_000672,CUST_0375,2026-06-14 17:19:00,60.86,Restaurant,Mobile
TXN_000673,CUST_0358,2026-02-17 13:27:00,6.64,Travel,Mobile
TXN_000674,CUST_0215,2026-06-13 05:42:00,15.44,Utilities,Online
TXN_000675,CUST_0027,2026-04-12 20:24:00,35.15,Healthcare,Online
TXN_000676,CUST_0158,2026-03-26 21:38:00,23.53,Entertainment,Online
TXN_000677,CUST_0053,2026-04-07 00:22:00,145.65,Healthcare,Mobile
TXN_000678,CUST_0032,2026-03-04 04:51:00,20.52,Utilities,POS
TXN_000679,CUST_0456,2026-03-14 19:39:00,257.8,Restaurant,Online
TXN_000680,CUST_0366,2026-06-08 10:54:00,75.05,Travel,Online
TXN_000681,CUST_0022,2026-05-21 09:53:00,12.1,Shopping,Mobile
TXN_000682,CUST_0012,2026-04-12 21:21:00,39.16,Healthcare,Online
TXN_000683,CUST_0338,2026-03-04 06:38:00,57.76,Grocery,Mobile
TXN_000684,CUST_0441,2026-06-21 23:24:00,74.61,Healthcare,Online
TXN_000685,CUST_0154,2026-05-12 09:53:00,66.28,Grocery,Online
TXN_000686,CUST_0264,2026-02-26 02:51:00,163.38,Grocery,Online
TXN_000687,CUST_0377,2026-06-12 10:19:00,27.95,Grocery,Mobile
TXN_000688,CUST_0452,2026-06-04 04:02:00,38.46,Travel,ATM
TXN_000689,CUST_0141,2026-06-17 09:40:00,5.06,Electronics,ATM
TXN_000690,CUST_0401,2026-06-10 15:24:00,10.08,Restaurant,Online
TXN_000691,CUST_0417,2026-01-11 16:12:00,14.26,Entertainment,Mobile
TXN_000692,CUST_0101,2026-03-10 15:06:00,49.92,Grocery,Online
TXN_000693,CUST_0273,2026-03-15 05:06:00,49.29,Grocery,Online
TXN_000694,CUST_0211,2026-02-01 22:08:00,38.77,Travel,ATM
TXN_000695,CUST_0101,2026-06-23 00:14:00,2.93,Electronics,POS
TXN_000696,CUST_0496,2026-03-27 11:46:00,32.13,Restaurant,POS
TXN_000697,CUST_0236,2026-02-26 13:03:00,41.26,Travel,Mobile
TXN_000698,CUST_0137,2026-03-24 08:21:00,8.79,Grocery,Mobile
TXN_000699,CUST_0440,2026-02-09 22:25:00,104.52,Healthcare,POS
TXN_000700,CUST_0393,2026-06-07 17:07:00,58.74,Electronics,ATM
TXN_000701,CUST_0274,2026-02-21 10:43:00,570.45,Utilities,Online
TXN_000702,CUST_0021,2026-06-21 17:48:00,23.57,Travel,Online
TXN_000703,CUST_0313,2026-04-03 11:32:00,55.39,Entertainment,Online
TXN_000704,CUST_0074,2026-06-22 20:53:00,59.72,Utilities,Online
TXN_000705,CUST_0280,2026-01-17 23:52:00,54.78,Utilities,POS
TXN_000706,CUST_0387,2026-06-29 00:43:00,74.67,Healthcare,Online
TXN_000707,CUST_0182,2026-05-31 04:11:00,82.6,Grocery,ATM
TXN_000708,CUST_0346,2026-03-13 04:38:00,12.83,Utilities,Mobile
TXN_000709,CUST_0156,2026-01-03 16:26:00,13.93,Travel,ATM
TXN_000710,CUST_0181,2026-03-21 10:37:00,16.13,Restaurant,Mobile
TXN_000711,CUST_0233,2026-01-21 08:56:00,23.24,Electronics,Online
TXN_000712,CUST_0033,2026-02-06 01:55:00,18.66,Healthcare,POS
TXN_000713,CUST_0313,2026-05-09 05:06:00,89.0,Healthcare,Mobile
TXN_000714,CUST_0457,2026-06-17 23:28:00,8.57,Electronics,Mobile
TXN_000715,CUST_0471,2026-05-03 17:43:00,26.49,Utilities,Online
TXN_000716,CUST_0195,2026-03-06 10:09:00,146.92,Entertainment,Online
TXN_000717,CUST_0226,2026-06-15 08:03:00,176.18,Healthcare,POS
TXN_000718,CUST_0090,2026-04-10 07:00:00,29.74,Electronics,ATM
TXN_000719,CUST_0312,2026-02-04 07:49:00,33.81,Healthcare,POS
TXN_000720,CUST_0233,2026-04-07 08:11:00,41.71,Grocery,Online
TXN_000721,CUST_0199,2026-06-08 19:30:00,46.47,Restaurant,Online
TXN_000722,CUST_0267,2026-03-29 17:11:00,12.25,Entertainment,Mobile
TXN_000723,CUST_0068,2026-01-23 12:30:00,160.86,Shopping,Mobile
TXN_000724,CUST_0052,2026-02-22 09:31:00,12.0,Utilities,Online
TXN_000725,CUST_0057,2026-01-12 06:41:00,46.07,Restaurant,POS
TXN_000726,CUST_0005,2026-05-05 01:14:00,61.55,Travel,POS
TXN_000727,CUST_0248,2026-03-31 06:37:00,6.63,Entertainment,ATM
TXN_000728,CUST_0453,2026-02-28 17:25:00,39.83,Utilities,Online
TXN_000729,CUST_0446,2026-03-08 20:18:00,295.2,Entertainment,POS
TXN_000730,CUST_0478,2026-02-23 15:07:00,4.98,Utilities,POS
TXN_000731,CUST_0493,2026-01-09 22:27:00,21.56,Utilities,Online
TXN_000732,CUST_0355,2026-06-07 17:35:00,59.65,Travel,ATM
TXN_000733,CUST_0187,2026-02-14 06:41:00,34.74,Shopping,POS
TXN_000734,CUST_0019,2026-03-27 22:45:00,46.15,Healthcare,Online
TXN_000735,CUST_0466,2026-04-15 01:45:00,50.7,Healthcare,POS
TXN_000736,CUST_0008,2026-03-19 03:26:00,33.76,Utilities,Mobile
TXN_000737,CUST_0094,2026-03-29 06:41:00,133.28,Shopping,ATM
TXN_000738,CUST_0342,2026-02-24 03:20:00,107.26,Entertainment,POS
TXN_000739,CUST_0421,2026-04-15 22:14:00,9.48,Travel,Online
TXN_000740,CUST_0456,2026-06-05 10:44:00,60.61,Electronics,Online
TXN_000741,CUST_0155,2026-02-17 10:43:00,32.47,Entertainment,Online
TXN_000742,CUST_0265,2026-04-19 13:14:00,20.36,Utilities,POS
TXN_000743,CUST_0034,2026-03-17 02:05:00,17.3,Travel,Online
TXN_000744,CUST_0163,2026-04-15 22:50:00,124.13,Shopping,ATM
TXN_000745,CUST_0346,2026-05-29 09:24:00,109.07,Travel,POS
TXN_000746,CUST_0091,2026-05-07 15:45:00,18.32,Restaurant,POS
TXN_000747,CUST_0257,2026-06-19 03:48:00,33.59,Shopping,Mobile
TXN_000748,CUST_0378,2026-01-31 02:41:00,12.76,Grocery,Online
TXN_000749,CUST_0237,2026-02-01 22:42:00,23.0,Electronics,POS
TXN_000750,CUST_0149,2026-06-29 02:26:00,7.68,Shopping,Online
TXN_000751,CUST_0403,2026-05-03 16:39:00,26.63,Healthcare,ATM
TXN_000752,CUST_0133,2026-05-02 10:30:00,10.91,Entertainment,Mobile
TXN_000753,CUST_0362,2026-04-29 10:16:00,37.06,Entertainment,POS
TXN_000754,CUST_0368,2026-04-11 15:41:00,88.51,Shopping,POS
TXN_000755,CUST_0412,2026-03-11 23:32:00,8.32,Restaurant,ATM
TXN_000756,CUST_0385,2026-03-18 06:50:00,132.31,Shopping,Online
TXN_000757,CUST_0040,2026-03-27 06:48:00,17.24,Travel,Online
TXN_000758,CUST_0433,2026-06-02 14:43:00,111.43,Healthcare,Online
TXN_000759,CUST_0279,2026-02-04 16:56:00,28.02,Entertainment,Mobile
TXN_000760,CUST_0249,2026-01-24 17:08:00,64.47,Travel,POS
TXN_000761,CUST_0313,2026-03-04 19:33:00,11.16,Shopping,Mobile
TXN_000762,CUST_0303,2026-05-31 01:41:00,11.18,Travel,ATM
TXN_000763,CUST_0499,2026-02-05 10:01:00,111.87,Entertainment,Mobile
TXN_000764,CUST_0306,2026-04-18 00:56:00,75.23,Utilities,Online
TXN_000765,CUST_0112,2026-04-07 00:46:00,20.81,Utilities,Online
TXN_000766,CUST_0374,2026-04-20 20:39:00,52.57,Travel,ATM
TXN_000767,CUST_0022,2026-05-03 07:18:00,142.56,Grocery,POS
TXN_000768,CUST_0287,2026-03-13 10:02:00,5.93,Restaurant,Mobile
TXN_000769,CUST_0162,2026-06-16 21:41:00,50.32,Shopping,POS
TXN_000770,CUST_0273,2026-02-24 19:58:00,134.5,Travel,ATM
TXN_000771,CUST_0153,2026-05-01 16:24:00,39.33,Grocery,POS
TXN_000772,CUST_0051,2026-03-08 01:02:00,11.48,Travel,ATM
TXN_000773,CUST_0088,2026-04-15 12:48:00,23.22,Healthcare,POS
TXN_000774,CUST_0495,2026-01-24 02:36:00,22.69,Healthcare,Online
TXN_000775,CUST_0126,2026-01-16 00:44:00,26.98,Grocery,Online
TXN_000776,CUST_0070,2026-04-26 08:52:00,30.94,Utilities,POS
TXN_000777,CUST_0003,2026-01-25 07:18:00,45.23,Electronics,POS
TXN_000778,CUST_0192,2026-02-22 05:45:00,21.14,Grocery,Online
TXN_000779,CUST_0271,2026-05-20 23:14:00,2.9,Travel,POS
TXN_000780,CUST_0043,2026-01-03 21:33:00,38.25,Travel,Online
TXN_000781,CUST_0314,2026-04-21 10:34:00,97.07,Healthcare,Online
TXN_000782,CUST_0413,2026-05-29 14:24:00,47.61,Shopping,Mobile
TXN_000783,CUST_0433,2026-04-02 07:01:00,3.21,Entertainment,Mobile
TXN_000784,CUST_0488,2026-06-14 22:21:00,127.71,Entertainment,ATM
TXN_000785,CUST_0483,2026-01-20 07:18:00,39.93,Healthcare,Online
TXN_000786,CUST_0002,2026-05-31 23:20:00,41.68,Electronics,Mobile
TXN_000787,CUST_0485,2026-01-17 21:35:00,26.97,Healthcare,POS
TXN_000788,CUST_0083,2026-01-26 22:07:00,20.69,Shopping,Online
TXN_000789,CUST_0328,2026-03-05 21:56:00,35.51,Utilities,POS
TXN_000790,CUST_0283,2026-01-14 13:52:00,17.47,Travel,POS
TXN_000791,CUST_0005,2026-03-01 01:04:00,17.65,Utilities,Online
TXN_000792,CUST_0318,2026-02-26 21:38:00,153.5,Restaurant,POS
TXN_000793,CUST_0214,2026-06-13 18:08:00,21.49,Healthcare,POS
TXN_000794,CUST_0141,2026-02-26 14:06:00,28.13,Travel,POS
TXN_000795,CUST_0215,2026-01-16 22:11:00,23.11,Utilities,POS
TXN_000796,CUST_0029,2026-02-06 01:13:00,8.79,Electronics,Online
TXN_000797,CUST_0361,2026-02-13 15:55:00,8.77,Utilities,POS
TXN_000798,CUST_0318,2026-03-18 10:01:00,35.78,Grocery,Mobile
TXN_000799,CUST_0468,2026-02-11 12:18:00,5.23,Travel,Online
TXN_000800,CUST_0266,2026-04-30 14:39:00,13.07,Restaurant,POS
TXN_000801,CUST_0002,2026-03-09 20:38:00,85.49,Utilities,Online
TXN_000802,CUST_0295,2026-01-22 11:49:00,9.15,Shopping,Online
TXN_000803,CUST_0020,2026-06-11 18:10:00,19.17,Travel,POS
TXN_000804,CUST_0367,2026-04-15 09:05:00,25.24,Restaurant,Online
TXN_000805,CUST_0406,2026-04-27 16:35:00,108.84,Electronics,POS
TXN_000806,CUST_0059,2026-01-29 01:07:00,91.26,Travel,Online
TXN_000807,CUST_0065,2026-03-13 13:41:00,28.97,Entertainment,ATM
TXN_000808,CUST_0435,2026-03-11 03:35:00,12.1,Electronics,Online
TXN_000809,CUST_0278,2026-02-11 20:32:00,7.81,Entertainment,POS
TXN_000810,CUST_0301,2026-06-25 17:44:00,138.43,Travel,ATM
TXN_000811,CUST_0164,2026-02-21 07:43:00,70.66,Electronics,POS
TXN_000812,CUST_0166,2026-03-22 21:46:00,142.47,Grocery,POS
TXN_000813,CUST_0054,2026-06-06 16:46:00,68.58,Entertainment,ATM
TXN_000814,CUST_0271,2026-06-26 09:44:00,23.98,Travel,POS
TXN_000815,CUST_0411,2026-03-05 07:36:00,33.64,Grocery,POS
TXN_000816,CUST_0170,2026-03-07 04:23:00,30.36,Restaurant,Mobile
TXN_000817,CUST_0039,2026-03-13 19:43:00,44.44,Electronics,ATM
TXN_000818,CUST_0063,2026-06-12 04:20:00,26.2,Grocery,Online
TXN_000819,CUST_0299,2026-02-16 14:07:00,182.18,Restaurant,POS
TXN_000820,CUST_0338,2026-06-04 18:17:00,24.51,Utilities,ATM
TXN_000821,CUST_0338,2026-03-20 13:43:00,54.58,Shopping,Online
TXN_000822,CUST_0174,2026-03-09 10:08:00,53.09,Shopping,POS
TXN_000823,CUST_0376,2026-01-06 13:44:00,22.34,Entertainment,POS
TXN_000824,CUST_0295,2026-04-15 10:08:00,144.0,Grocery,Mobile
TXN_000825,CUST_0182,2026-02-19 04:43:00,21.75,Restaurant,Online
TXN_000826,CUST_0230,2026-06-06 04:01:00,129.36,Restaurant,POS
TXN_000827,CUST_0252,2026-03-15 16:53:00,48.56,Restaurant,Mobile
TXN_000828,CUST_0139,2026-03-03 16:35:00,20.5,Restaurant,Online
TXN_000829,CUST_0214,2026-01-23 00:27:00,16.6,Utilities,Online
TXN_000830,CUST_0207,2026-01-10 05:01:00,33.25,Grocery,Mobile
TXN_000831,CUST_0422,2026-01-18 17:00:00,9.43,Utilities,Online
TXN_000832,CUST_0133,2026-04-14 20:04:00,74.68,Grocery,Online
TXN_000833,CUST_0242,2026-06-24 04:19:00,37.93,Travel,POS
TXN_000834,CUST_0069,2026-02-23 15:23:00,39.05,Grocery,Online
TXN_000835,CUST_0283,2026-04-20 10:01:00,632.13,Entertainment,Mobile
TXN_000836,CUST_0052,2026-06-18 17:58:00,114.97,Electronics,Mobile
TXN_000837,CUST_0302,2026-04-09 17:19:00,10.53,Restaurant,Online
TXN_000838,CUST_0097,2026-04-02 02:48:00,8.47,Grocery,Online
TXN_000839,CUST_0006,2026-06-05 04:52:00,39.46,Utilities,POS
TXN_000840,CUST_0426,2026-06-03 13:35:00,655.41,Healthcare,Mobile
TXN_000841,CUST_0451,2026-01-02 04:20:00,26.77,Grocery,Online
TXN_000842,CUST_0087,2026-04-24 07:47:00,31.9,Entertainment,Mobile
TXN_000843,CUST_0495,2026-06-01 01:37:00,2.09,Healthcare,Online
TXN_000844,CUST_0485,2026-04-11 16:29:00,21.83,Utilities,Mobile
TXN_000845,CUST_0150,2026-05-22 10:49:00,4.22,Utilities,Online
TXN_000846,CUST_0499,2026-06-19 05:34:00,57.45,Utilities,Online
TXN_000847,CUST_0115,2026-06-10 21:10:00,36.81,Travel,Online
TXN_000848,CUST_0047,2026-05-04 19:33:00,7.19,Utilities,Online
TXN_000849,CUST_0399,2026-01-11 18:54:00,51.87,Shopping,POS
TXN_000850,CUST_0289,2026-03-11 19:46:00,156.97,Utilities,Mobile
TXN_000851,CUST_0330,2026-04-05 22:10:00,146.9,Entertainment,POS
TXN_000852,CUST_0141,2026-05-20 10:36:00,19.73,Utilities,POS
TXN_000853,CUST_0432,2026-05-25 06:52:00,37.83,Entertainment,Online
TXN_000854,CUST_0295,2026-02-19 18:56:00,44.76,Electronics,ATM
TXN_000855,CUST_0071,2026-06-09 20:32:00,44.33,Shopping,Online
TXN_000856,CUST_0103,2026-01-26 06:53:00,21.65,Entertainment,Mobile
TXN_000857,CUST_0017,2026-01-26 07:48:00,50.34,Shopping,POS
TXN_000858,CUST_0491,2026-04-08 12:31:00,78.56,Electronics,Mobile
TXN_000859,CUST_0025,2026-04-25 03:04:00,82.72,Electronics,Mobile
TXN_000860,CUST_0086,2026-01-19 00:43:00,96.87,Electronics,Online
TXN_000861,CUST_0435,2026-06-12 19:13:00,43.22,Entertainment,Online
TXN_000862,CUST_0425,2026-01-03 22:34:00,5.43,Entertainment,POS
TXN_000863,CUST_0181,2026-05-07 23:11:00,192.02,Restaurant,ATM
TXN_000864,CUST_0194,2026-02-05 21:57:00,11.32,Electronics,Online
TXN_000865,CUST_0204,2026-01-08 16:24:00,58.67,Healthcare,Online
TXN_000866,CUST_0049,2026-01-05 11:56:00,15.66,Entertainment,POS
TXN_000867,CUST_0045,2026-05-27 12:42:00,15.63,Utilities,POS
TXN_000868,CUST_0439,2026-04-18 18:35:00,30.16,Utilities,POS
TXN_000869,CUST_0372,2026-02-17 19:22:00,29.07,Electronics,Online
TXN_000870,CUST_0386,2026-02-03 08:08:00,334.5,Utilities,Mobile
TXN_000871,CUST_0348,2026-06-20 05:44:00,15.44,Electronics,POS
TXN_000872,CUST_0420,2026-06-25 03:37:00,42.48,Electronics,POS
TXN_000873,CUST_0357,2026-01-15 00:16:00,3.8,Electronics,POS
TXN_000874,CUST_0355,2026-04-30 11:55:00,44.91,Entertainment,Online
TXN_000875,CUST_0029,2026-04-26 20:12:00,160.46,Healthcare,Mobile
TXN_000876,CUST_0442,2026-01-13 01:34:00,11.01,Grocery,Online
TXN_000877,CUST_0387,2026-01-19 02:29:00,143.89,Restaurant,POS
TXN_000878,CUST_0062,2026-06-11 17:32:00,23.15,Restaurant,Online
TXN_000879,CUST_0269,2026-05-16 20:23:00,14.8,Electronics,Online
TXN_000880,CUST_0237,2026-05-25 03:41:00,149.22,Shopping,Mobile
TXN_000881,CUST_0204,2026-05-30 16:33:00,84.99,Electronics,Online
TXN_000882,CUST_0178,2026-04-05 09:58:00,78.29,Travel,POS
TXN_000883,CUST_0146,2026-03-13 06:38:00,30.52,Utilities,POS
TXN_000884,CUST_0195,2026-01-16 16:28:00,57.02,Utilities,Mobile
TXN_000885,CUST_0129,2026-03-21 11:24:00,121.2,Entertainment,POS
TXN_000886,CUST_0411,2026-03-31 07:05:00,37.13,Travel,Mobile
TXN_000887,CUST_0487,2026-04-28 04:53:00,61.19,Electronics,Mobile
TXN_000888,CUST_0472,2026-04-17 21:39:00,56.17,Travel,Mobile
TXN_000889,CUST_0204,2026-05-18 07:01:00,21.96,Entertainment,Online
TXN_000890,CUST_0381,2026-05-21 11:58:00,19.94,Entertainment,Mobile
TXN_000891,CUST_0005,2026-04-03 11:35:00,88.24,Electronics,Online
TXN_000892,CUST_0366,2026-03-10 02:06:00,47.27,Shopping,POS
TXN_000893,CUST_0413,2026-05-19 04:26:00,220.69,Restaurant,Mobile
TXN_000894,CUST_0481,2026-04-28 17:09:00,16.07,Utilities,Mobile
TXN_000895,CUST_0176,2026-02-13 23:44:00,383.55,Electronics,POS
TXN_000896,CUST_0291,2026-06-22 17:24:00,10.21,Travel,Mobile
TXN_000897,CUST_0499,2026-03-12 05:54:00,27.36,Travel,POS
TXN_000898,CUST_0086,2026-04-25 09:59:00,31.92,Utilities,Online
TXN_000899,CUST_0114,2026-02-27 18:18:00,11.8,Healthcare,Mobile
TXN_000900,CUST_0442,2026-03-02 05:24:00,100.82,Shopping,ATM
TXN_000901,CUST_0341,2026-02-18 14:54:00,6.34,Travel,ATM
TXN_000902,CUST_0019,2026-01-24 03:40:00,7.58,Shopping,POS
TXN_000903,CUST_0427,2026-01-04 23:41:00,172.7,Healthcare,ATM
TXN_000904,CUST_0482,2026-02-17 18:38:00,215.71,Healthcare,POS
TXN_000905,CUST_0315,2026-04-05 15:44:00,2.67,Restaurant,POS
TXN_000906,CUST_0170,2026-04-19 19:25:00,8.52,Travel,ATM
TXN_000907,CUST_0203,2026-06-27 23:16:00,84.62,Electronics,ATM
TXN_000908,CUST_0428,2026-04-02 10:02:00,23.22,Entertainment,Online
TXN_000909,CUST_0345,2026-02-20 08:38:00,8.92,Shopping,Mobile
TXN_000910,CUST_0260,2026-05-14 23:17:00,78.86,Grocery,Online
TXN_000911,CUST_0214,2026-05-02 21:07:00,8.84,Utilities,Online
TXN_000912,CUST_0434,2026-05-22 13:14:00,309.91,Electronics,Online
TXN_000913,CUST_0043,2026-05-19 09:38:00,4.51,Travel,ATM
TXN_000914,CUST_0156,2026-03-13 02:52:00,4.26,Electronics,ATM
TXN_000915,CUST_0461,2026-03-17 01:46:00,108.22,Restaurant,ATM
TXN_000916,CUST_0456,2026-05-25 11:01:00,44.69,Travel,POS
TXN_000917,CUST_0148,2026-05-07 19:31:00,30.75,Utilities,ATM
TXN_000918,CUST_0116,2026-05-26 15:25:00,21.08,Healthcare,Mobile
TXN_000919,CUST_0235,2026-02-11 08:26:00,50.85,Healthcare,POS
TXN_000920,CUST_0181,2026-03-25 13:18:00,23.54,Healthcare,Online
TXN_000921,CUST_0073,2026-04-25 15:10:00,42.66,Healthcare,POS
TXN_000922,CUST_0095,2026-02-08 14:11:00,75.21,Entertainment,Online
TXN_000923,CUST_0380,2026-06-23 20:29:00,46.67,Utilities,Online
TXN_000924,CUST_0011,2026-04-26 10:51:00,45.08,Restaurant,Online
TXN_000925,CUST_0058,2026-06-08 12:15:00,27.75,Utilities,ATM
TXN_000926,CUST_0052,2026-06-12 01:06:00,7.04,Healthcare,Online
TXN_000927,CUST_0293,2026-03-21 18:39:00,6.04,Electronics,Online
TXN_000928,CUST_0392,2026-05-01 05:15:00,20.85,Entertainment,Online
TXN_000929,CUST_0138,2026-04-04 21:23:00,229.95,Entertainment,Online
TXN_000930,CUST_0101,2026-01-31 17:34:00,9.06,Restaurant,Mobile
TXN_000931,CUST_0338,2026-02-03 06:13:00,79.93,Healthcare,Online
TXN_000932,CUST_0130,2026-06-10 16:27:00,22.64,Healthcare,Online
TXN_000933,CUST_0302,2026-04-15 14:55:00,23.11,Utilities,Mobile
TXN_000934,CUST_0238,2026-03-01 02:23:00,44.75,Electronics,POS
TXN_000935,CUST_0316,2026-02-20 19:53:00,14.2,Healthcare,ATM
TXN_000936,CUST_0313,2026-03-26 00:55:00,32.31,Healthcare,Online
TXN_000937,CUST_0226,2026-02-07 15:39:00,188.45,Electronics,POS
TXN_000938,CUST_0424,2026-04-08 14:38:00,24.02,Grocery,Mobile
TXN_000939,CUST_0463,2026-05-31 18:47:00,112.6,Grocery,Mobile
TXN_000940,CUST_0148,2026-02-07 17:53:00,37.97,Restaurant,Online
TXN_000941,CUST_0333,2026-01-05 13:47:00,31.42,Travel,POS
TXN_000942,CUST_0327,2026-01-17 08:49:00,182.02,Grocery,Mobile
TXN_000943,CUST_0400,2026-04-26 12:55:00,19.57,Grocery,POS
TXN_000944,CUST_0397,2026-02-16 09:08:00,4.64,Entertainment,ATM
TXN_000945,CUST_0390,2026-01-15 10:29:00,222.32,Restaurant,Mobile
TXN_000946,CUST_0132,2026-05-05 23:52:00,168.34,Travel,POS
TXN_000947,CUST_0333,2026-02-26 22:12:00,13.57,Utilities,Mobile
TXN_000948,CUST_0222,2026-04-22 19:24:00,49.51,Shopping,Online
TXN_000949,CUST_0246,2026-05-30 12:06:00,19.14,Entertainment,POS
TXN_000950,CUST_0072,2026-04-19 22:37:00,76.2,Utilities,Online
TXN_000951,CUST_0032,2026-04-08 06:50:00,19.45,Shopping,Online
TXN_000952,CUST_0287,2026-02-09 14:21:00,109.41,Entertainment,Mobile
TXN_000953,CUST_0308,2026-05-04 10:27:00,11.0,Utilities,POS
TXN_000954,CUST_0487,2026-05-09 08:44:00,65.45,Healthcare,Online
TXN_000955,CUST_0045,2026-01-01 05:36:00,44.53,Travel,POS
TXN_000956,CUST_0438,2026-03-10 21:34:00,48.19,Travel,POS
TXN_000957,CUST_0461,2026-03-15 10:30:00,32.1,Restaurant,ATM
TXN_000958,CUST_0174,2026-05-25 16:25:00,13.33,Electronics,Online
TXN_000959,CUST_0111,2026-04-14 14:20:00,30.89,Grocery,Mobile
TXN_000960,CUST_0272,2026-06-09 18:57:00,80.64,Healthcare,POS
TXN_000961,CUST_0401,2026-04-25 13:17:00,47.45,Restaurant,POS
TXN_000962,CUST_0338,2026-02-14 12:13:00,39.2,Entertainment,POS
TXN_000963,CUST_0149,2026-03-08 06:32:00,37.77,Shopping,POS
TXN_000964,CUST_0180,2026-05-26 11:00:00,22.03,Restaurant,Mobile
TXN_000965,CUST_0471,2026-01-24 22:45:00,7.96,Grocery,POS
TXN_000966,CUST_0367,2026-02-02 14:02:00,74.66,Grocery,Mobile
TXN_000967,CUST_0098,2026-03-03 19:57:00,17.33,Travel,Mobile
TXN_000968,CUST_0441,2026-04-12 19:41:00,10.77,Electronics,Online
TXN_000969,CUST_0268,2026-05-13 16:38:00,112.31,Utilities,Online
TXN_000970,CUST_0171,2026-06-16 16:31:00,20.35,Healthcare,Mobile
TXN_000971,CUST_0221,2026-01-10 04:33:00,40.53,Electronics,POS
TXN_000972,CUST_0102,2026-03-04 22:10:00,41.06,Entertainment,Mobile
TXN_000973,CUST_0310,2026-02-10 09:20:00,25.87,Shopping,Online
TXN_000974,CUST_0149,2026-06-17 21:27:00,20.73,Shopping,Online
TXN_000975,CUST_0339,2026-05-14 16:05:00,110.88,Utilities,POS
TXN_000976,CUST_0028,2026-02-24 05:56:00,181.79,Restaurant,POS
TXN_000977,CUST_0371,2026-05-07 14:49:00,3.69,Grocery,Online
TXN_000978,CUST_0269,2026-06-07 02:56:00,36.34,Travel,POS
TXN_000979,CUST_0105,2026-01-19 00:34:00,14.68,Shopping,Online
TXN_000980,CUST_0238,2026-05-20 22:19:00,4.78,Electronics,Online
TXN_000981,CUST_0385,2026-05-05 08:35:00,46.01,Electronics,POS
TXN_000982,CUST_0422,2026-06-29 10:54:00,34.05,Travel,Online
TXN_000983,CUST_0400,2026-06-26 17:28:00,11.98,Healthcare,ATM
TXN_000984,CUST_0290,2026-02-08 18:05:00,84.88,Shopping,Online
TXN_000985,CUST_0118,2026-01-23 04:34:00,110.61,Electronics,Online
TXN_000986,CUST_0323,2026-03-28 16:57:00,72.05,Electronics,Mobile
TXN_000987,CUST_0283,2026-06-09 06:14:00,62.52,Restaurant,Mobile
TXN_000988,CUST_0351,2026-06-18 20:38:00,10.83,Restaurant,Mobile
TXN_000989,CUST_0132,2026-04-20 04:49:00,103.09,Grocery,POS
TXN_000990,CUST_0158,2026-03-19 11:36:00,10.95,Shopping,Online
TXN_000991,CUST_0340,2026-01-29 10:33:00,41.65,Utilities,POS
TXN_000992,CUST_0250,2026-01-18 23:41:00,183.58,Utilities,POS
TXN_000993,CUST_0025,2026-04-30 19:02:00,82.38,Electronics,Online
TXN_000994,CUST_0452,2026-06-23 11:39:00,36.81,Shopping,ATM
TXN_000995,CUST_0227,2026-04-09 05:29:00,223.5,Shopping,POS
TXN_000996,CUST_0345,2026-02-08 17:58:00,74.43,Travel,Online
TXN_000997,CUST_0203,2026-03-31 23:32:00,29.29,Entertainment,Online
TXN_000998,CUST_0056,2026-04-16 03:08:00,36.36,Shopping,ATM
TXN_000999,CUST_0197,2026-01-02 23:46:00,38.43,Grocery,POS
TXN_001000,CUST_0030,2026-06-12 17:15:00,16.79,Shopping,POS
TXN_001001,CUST_0423,2026-03-26 12:44:00,42.85,Healthcare,POS
TXN_001002,CUST_0438,2026-03-23 09:12:00,9.57,Travel,ATM
TXN_001003,CUST_0103,2026-04-29 10:06:00,31.0,Healthcare,Online
TXN_001004,CUST_0052,2026-05-10 00:22:00,51.97,Grocery,POS
TXN_001005,CUST_0278,2026-05-05 18:49:00,57.77,Grocery,Online
TXN_001006,CUST_0182,2026-02-22 01:20:00,8.71,Restaurant,Mobile
TXN_001007,CUST_0022,2026-03-25 17:52:00,3.8,Electronics,Online
TXN_001008,CUST_0017,2026-04-08 04:00:00,23.84,Utilities,Online
TXN_001009,CUST_0166,2026-06-14 15:09:00,7.25,Utilities,POS
TXN_001010,CUST_0239,2026-02-15 08:53:00,1.95,Electronics,Mobile
TXN_001011,CUST_0283,2026-06-06 10:45:00,16.21,Electronics,ATM
TXN_001012,CUST_0197,2026-05-17 19:34:00,81.2,Utilities,Online
TXN_001013,CUST_0217,2026-03-16 10:45:00,62.83,Restaurant,POS
TXN_001014,CUST_0059,2026-02-22 04:19:00,38.44,Electronics,POS
TXN_001015,CUST_0273,2026-01-17 16:42:00,16.11,Healthcare,POS
TXN_001016,CUST_0239,2026-05-07 20:50:00,15.45,Travel,POS
TXN_001017,CUST_0403,2026-04-14 17:11:00,69.22,Restaurant,Mobile
TXN_001018,CUST_0408,2026-03-29 16:38:00,11.12,Entertainment,POS
TXN_001019,CUST_0363,2026-05-05 07:21:00,465.9,Travel,POS
TXN_001020,CUST_0128,2026-04-22 06:06:00,56.25,Utilities,Online
TXN_001021,CUST_0239,2026-05-15 12:45:00,52.78,Electronics,Mobile
TXN_001022,CUST_0388,2026-03-21 12:47:00,5.73,Entertainment,Online
TXN_001023,CUST_0237,2026-05-03 10:18:00,19.28,Electronics,POS
TXN_001024,CUST_0159,2026-02-04 19:13:00,43.87,Grocery,Online
TXN_001025,CUST_0264,2026-06-28 16:56:00,31.49,Healthcare,POS
TXN_001026,CUST_0464,2026-01-20 08:37:00,17.48,Shopping,Online
TXN_001027,CUST_0146,2026-05-12 03:48:00,10.32,Utilities,Online
TXN_001028,CUST_0350,2026-03-10 06:20:00,3.99,Utilities,ATM
TXN_001029,CUST_0494,2026-04-15 15:13:00,42.7,Utilities,Online
TXN_001030,CUST_0271,2026-04-05 04:24:00,22.83,Electronics,POS
TXN_001031,CUST_0229,2026-03-19 09:06:00,28.68,Electronics,Online
TXN_001032,CUST_0106,2026-04-29 19:43:00,40.57,Shopping,Mobile
TXN_001033,CUST_0388,2026-02-04 15:17:00,10.81,Shopping,Online
TXN_001034,CUST_0454,2026-01-15 04:35:00,15.82,Shopping,ATM
TXN_001035,CUST_0150,2026-01-10 12:24:00,16.33,Shopping,Mobile
TXN_001036,CUST_0316,2026-06-20 19:44:00,77.91,Travel,POS
TXN_001037,CUST_0018,2026-01-25 18:59:00,51.6,Healthcare,POS
TXN_001038,CUST_0256,2026-01-25 19:39:00,10.47,Healthcare,POS
TXN_001039,CUST_0482,2026-05-31 09:13:00,24.51,Grocery,Mobile
TXN_001040,CUST_0494,2026-04-06 17:34:00,9.88,Restaurant,Online
TXN_001041,CUST_0425,2026-05-22 01:56:00,18.56,Shopping,Online
TXN_001042,CUST_0214,2026-05-31 13:04:00,26.44,Entertainment,Online
TXN_001043,CUST_0448,2026-03-14 13:41:00,12.51,Grocery,POS
TXN_001044,CUST_0331,2026-02-05 05:05:00,12.63,Electronics,POS
TXN_001045,CUST_0483,2026-05-20 17:14:00,35.61,Utilities,Mobile
TXN_001046,CUST_0431,2026-04-13 10:51:00,21.94,Healthcare,Online
TXN_001047,CUST_0188,2026-03-27 06:18:00,46.73,Restaurant,Online
TXN_001048,CUST_0283,2026-01-23 05:26:00,30.74,Healthcare,Online
TXN_001049,CUST_0191,2026-04-13 11:56:00,77.23,Electronics,Online
TXN_001050,CUST_0254,2026-02-12 20:12:00,3.95,Shopping,Mobile
TXN_001051,CUST_0465,2026-02-06 02:43:00,62.53,Entertainment,Online
TXN_001052,CUST_0284,2026-03-07 11:23:00,19.13,Utilities,Online
TXN_001053,CUST_0101,2026-02-26 11:26:00,1.81,Shopping,POS
TXN_001054,CUST_0430,2026-04-16 16:09:00,22.76,Travel,Online
TXN_001055,CUST_0021,2026-02-25 15:52:00,60.85,Travel,POS
TXN_001056,CUST_0326,2026-01-25 19:33:00,67.65,Healthcare,POS
TXN_001057,CUST_0224,2026-01-25 00:18:00,22.42,Travel,POS
TXN_001058,CUST_0471,2026-03-16 12:45:00,38.79,Restaurant,Online
TXN_001059,CUST_0374,2026-05-03 21:28:00,55.89,Travel,Online
TXN_001060,CUST_0231,2026-06-08 06:29:00,23.91,Shopping,POS
TXN_001061,CUST_0116,2026-01-03 04:01:00,87.82,Grocery,POS
TXN_001062,CUST_0338,2026-04-18 02:37:00,55.46,Entertainment,Online
TXN_001063,CUST_0075,2026-06-08 06:36:00,134.48,Entertainment,ATM
TXN_001064,CUST_0298,2026-02-22 17:10:00,10.57,Grocery,Online
TXN_001065,CUST_0068,2026-01-19 04:46:00,80.88,Entertainment,POS
TXN_001066,CUST_0181,2026-06-21 23:47:00,206.36,Electronics,POS
TXN_001067,CUST_0138,2026-03-15 23:11:00,5.28,Grocery,POS
TXN_001068,CUST_0302,2026-01-03 04:58:00,15.11,Healthcare,ATM
TXN_001069,CUST_0088,2026-05-03 05:02:00,41.36,Travel,POS
TXN_001070,CUST_0306,2026-03-04 00:32:00,118.97,Travel,Online
TXN_001071,CUST_0459,2026-05-05 23:31:00,64.29,Restaurant,POS
TXN_001072,CUST_0108,2026-03-18 07:03:00,16.05,Shopping,Online
TXN_001073,CUST_0306,2026-05-30 21:14:00,81.48,Travel,Online
TXN_001074,CUST_0369,2026-04-22 09:19:00,52.0,Utilities,POS
TXN_001075,CUST_0386,2026-02-13 10:39:00,5.93,Utilities,Online
TXN_001076,CUST_0381,2026-06-18 09:11:00,205.96,Restaurant,POS
TXN_001077,CUST_0225,2026-04-14 06:45:00,130.39,Restaurant,Online
TXN_001078,CUST_0208,2026-03-02 01:23:00,66.37,Entertainment,POS
TXN_001079,CUST_0242,2026-05-11 04:24:00,24.87,Restaurant,POS
TXN_001080,CUST_0076,2026-06-16 06:55:00,4.0,Restaurant,Online
TXN_001081,CUST_0226,2026-05-28 15:23:00,31.12,Restaurant,POS
TXN_001082,CUST_0164,2026-05-29 21:21:00,113.16,Electronics,POS
TXN_001083,CUST_0159,2026-04-24 04:11:00,21.75,Healthcare,Mobile
TXN_001084,CUST_0340,2026-03-06 15:16:00,116.48,Entertainment,Online
TXN_001085,CUST_0394,2026-04-05 15:59:00,111.76,Electronics,Online
TXN_001086,CUST_0314,2026-04-05 21:25:00,39.14,Travel,Online
TXN_001087,CUST_0036,2026-01-06 08:17:00,6.74,Entertainment,POS
TXN_001088,CUST_0294,2026-05-23 02:52:00,79.37,Shopping,Online
TXN_001089,CUST_0123,2026-02-24 12:53:00,14.85,Healthcare,Online
TXN_001090,CUST_0396,2026-05-11 13:10:00,22.75,Electronics,ATM
TXN_001091,CUST_0142,2026-05-29 04:03:00,30.47,Entertainment,Online
TXN_001092,CUST_0343,2026-02-17 01:49:00,1.37,Electronics,Online
TXN_001093,CUST_0335,2026-02-18 07:50:00,59.38,Utilities,Online
TXN_001094,CUST_0288,2026-06-26 03:31:00,4.93,Electronics,Mobile
TXN_001095,CUST_0291,2026-04-16 01:57:00,37.45,Healthcare,POS
TXN_001096,CUST_0450,2026-02-28 19:38:00,83.46,Entertainment,ATM
TXN_001097,CUST_0089,2026-02-20 21:30:00,21.41,Travel,Online
TXN_001098,CUST_0423,2026-01-03 19:22:00,2.98,Healthcare,ATM
TXN_001099,CUST_0413,2026-02-26 06:06:00,30.25,Healthcare,Online
TXN_001100,CUST_0129,2026-06-26 22:43:00,88.0,Grocery,POS
TXN_001101,CUST_0326,2026-03-31 08:34:00,173.85,Grocery,POS
TXN_001102,CUST_0197,2026-02-02 20:35:00,72.7,Shopping,Online
TXN_001103,CUST_0109,2026-03-15 07:33:00,72.3,Shopping,POS
TXN_001104,CUST_0475,2026-06-19 03:56:00,17.73,Entertainment,Mobile
TXN_001105,CUST_0188,2026-05-14 13:41:00,15.58,Healthcare,POS
TXN_001106,CUST_0043,2026-03-18 05:27:00,94.46,Shopping,Online
TXN_001107,CUST_0298,2026-06-09 22:19:00,5.44,Healthcare,POS
TXN_001108,CUST_0137,2026-02-28 19:59:00,40.27,Travel,POS
TXN_001109,CUST_0039,2026-02-23 02:01:00,32.33,Healthcare,Online
TXN_001110,CUST_0042,2026-02-28 17:37:00,51.48,Shopping,ATM
TXN_001111,CUST_0427,2026-06-03 12:57:00,16.88,Travel,Online
TXN_001112,CUST_0220,2026-04-10 18:47:00,7.2,Grocery,ATM
TXN_001113,CUST_0443,2026-06-29 05:33:00,16.46,Shopping,ATM
TXN_001114,CUST_0309,2026-03-05 11:24:00,105.9,Electronics,ATM
TXN_001115,CUST_0089,2026-01-07 10:50:00,19.79,Travel,POS
TXN_001116,CUST_0480,2026-05-27 05:13:00,79.13,Grocery,POS
TXN_001117,CUST_0011,2026-01-29 02:35:00,75.05,Entertainment,Online
TXN_001118,CUST_0235,2026-04-14 00:56:00,4.03,Healthcare,Online
TXN_001119,CUST_0054,2026-03-05 03:09:00,14.79,Utilities,Online
TXN_001120,CUST_0348,2026-01-13 14:37:00,31.08,Grocery,Online
TXN_001121,CUST_0414,2026-03-08 12:30:00,45.06,Utilities,POS
TXN_001122,CUST_0181,2026-04-19 10:33:00,32.12,Electronics,POS
TXN_001123,CUST_0422,2026-04-21 17:21:00,3.4,Healthcare,POS
TXN_001124,CUST_0497,2026-02-27 21:44:00,10.04,Grocery,Online
TXN_001125,CUST_0391,2026-06-11 01:36:00,12.22,Shopping,Online
TXN_001126,CUST_0236,2026-01-02 01:39:00,35.33,Entertainment,POS
TXN_001127,CUST_0401,2026-02-14 10:05:00,148.51,Travel,POS
TXN_001128,CUST_0178,2026-03-09 21:59:00,82.13,Grocery,Online
TXN_001129,CUST_0253,2026-06-13 00:58:00,14.08,Travel,Online
TXN_001130,CUST_0032,2026-03-25 07:23:00,11.85,Utilities,Online
TXN_001131,CUST_0413,2026-03-02 00:36:00,30.75,Shopping,POS
TXN_001132,CUST_0017,2026-01-20 21:13:00,30.7,Healthcare,ATM
TXN_001133,CUST_0432,2026-03-25 05:53:00,110.22,Utilities,Online
TXN_001134,CUST_0108,2026-03-08 12:01:00,45.47,Travel,Mobile
TXN_001135,CUST_0090,2026-02-22 12:09:00,40.26,Grocery,Online
TXN_001136,CUST_0087,2026-03-02 03:17:00,30.0,Restaurant,Online
TXN_001137,CUST_0044,2026-04-07 12:45:00,29.92,Entertainment,POS
TXN_001138,CUST_0357,2026-02-16 22:56:00,20.23,Utilities,POS
TXN_001139,CUST_0458,2026-01-04 21:26:00,16.86,Healthcare,POS
TXN_001140,CUST_0373,2026-04-15 00:02:00,22.13,Travel,Online
TXN_001141,CUST_0135,2026-05-16 08:43:00,26.2,Entertainment,ATM
TXN_001142,CUST_0443,2026-05-20 18:43:00,74.25,Healthcare,Mobile
TXN_001143,CUST_0379,2026-04-14 10:09:00,5.61,Entertainment,Online
TXN_001144,CUST_0172,2026-05-08 07:20:00,95.96,Healthcare,POS
TXN_001145,CUST_0185,2026-05-01 14:46:00,29.64,Electronics,Online
TXN_001146,CUST_0433,2026-03-29 22:13:00,37.38,Grocery,Online
TXN_001147,CUST_0416,2026-03-22 14:01:00,54.55,Entertainment,POS
TXN_001148,CUST_0251,2026-03-15 21:58:00,58.18,Healthcare,POS
TXN_001149,CUST_0413,2026-03-23 11:58:00,14.03,Shopping,Online
TXN_001150,CUST_0294,2026-03-01 01:38:00,74.71,Entertainment,ATM
TXN_001151,CUST_0392,2026-03-30 14:12:00,14.46,Healthcare,POS
TXN_001152,CUST_0451,2026-01-08 19:59:00,17.78,Entertainment,POS
TXN_001153,CUST_0333,2026-06-27 11:49:00,19.79,Healthcare,Online
TXN_001154,CUST_0226,2026-06-25 00:16:00,23.99,Grocery,ATM
TXN_001155,CUST_0485,2026-05-08 05:43:00,4.66,Electronics,Mobile
TXN_001156,CUST_0369,2026-03-09 19:04:00,18.83,Grocery,ATM
TXN_001157,CUST_0465,2026-05-19 13:44:00,63.13,Utilities,Online
TXN_001158,CUST_0279,2026-03-20 21:24:00,69.76,Shopping,POS
TXN_001159,CUST_0427,2026-03-14 03:04:00,25.47,Shopping,Online
TXN_001160,CUST_0092,2026-05-04 11:43:00,20.06,Shopping,Online
TXN_001161,CUST_0111,2026-02-27 10:53:00,196.67,Travel,Online
TXN_001162,CUST_0249,2026-03-29 09:29:00,12.12,Restaurant,Online
TXN_001163,CUST_0392,2026-05-19 20:28:00,56.21,Healthcare,POS
TXN_001164,CUST_0197,2026-04-19 16:17:00,35.06,Grocery,Online
TXN_001165,CUST_0367,2026-01-30 17:34:00,49.6,Entertainment,POS
TXN_001166,CUST_0076,2026-06-28 13:34:00,8.62,Healthcare,POS
TXN_001167,CUST_0249,2026-04-29 13:33:00,89.14,Healthcare,Online
TXN_001168,CUST_0014,2026-01-07 21:43:00,50.64,Utilities,Mobile
TXN_001169,CUST_0233,2026-03-15 14:13:00,129.78,Utilities,Online
TXN_001170,CUST_0275,2026-01-20 16:59:00,69.75,Restaurant,Mobile
TXN_001171,CUST_0348,2026-03-28 22:20:00,15.31,Travel,Mobile
TXN_001172,CUST_0126,2026-01-04 23:30:00,133.88,Grocery,ATM
TXN_001173,CUST_0098,2026-02-27 20:06:00,19.09,Utilities,POS
TXN_001174,CUST_0310,2026-05-03 07:11:00,264.46,Utilities,Online
TXN_001175,CUST_0419,2026-02-05 16:53:00,12.17,Travel,Mobile
TXN_001176,CUST_0085,2026-02-19 16:56:00,24.94,Restaurant,ATM
TXN_001177,CUST_0489,2026-05-06 01:14:00,18.51,Electronics,Mobile
TXN_001178,CUST_0407,2026-04-02 08:42:00,10.24,Electronics,POS
TXN_001179,CUST_0146,2026-01-25 01:30:00,10.17,Grocery,Online
TXN_001180,CUST_0301,2026-03-10 04:02:00,43.1,Travel,Online
TXN_001181,CUST_0303,2026-06-28 00:26:00,31.53,Restaurant,Online
TXN_001182,CUST_0134,2026-01-25 06:04:00,28.21,Shopping,POS
TXN_001183,CUST_0313,2026-05-25 11:28:00,63.88,Electronics,Online
TXN_001184,CUST_0343,2026-04-06 17:24:00,75.8,Travel,Online
TXN_001185,CUST_0092,2026-05-23 10:16:00,46.84,Grocery,Online
TXN_001186,CUST_0134,2026-05-30 17:09:00,408.12,Shopping,Online
TXN_001187,CUST_0390,2026-06-26 06:12:00,35.31,Electronics,Online
TXN_001188,CUST_0355,2026-02-01 09:21:00,23.1,Grocery,Online
TXN_001189,CUST_0448,2026-06-22 02:08:00,3.71,Entertainment,Online
TXN_001190,CUST_0484,2026-04-05 05:15:00,109.35,Grocery,Online
TXN_001191,CUST_0126,2026-05-16 00:54:00,84.45,Restaurant,POS
TXN_001192,CUST_0211,2026-02-19 09:54:00,39.84,Grocery,Mobile
TXN_001193,CUST_0329,2026-05-05 08:07:00,9.3,Restaurant,Online
TXN_001194,CUST_0439,2026-02-26 19:08:00,44.12,Restaurant,Online
TXN_001195,CUST_0045,2026-02-27 22:34:00,6.99,Electronics,Mobile
TXN_001196,CUST_0039,2026-02-03 02:05:00,213.31,Healthcare,Online
TXN_001197,CUST_0244,2026-01-22 08:14:00,25.68,Entertainment,Mobile
TXN_001198,CUST_0004,2026-03-17 19:24:00,34.51,Healthcare,Mobile
TXN_001199,CUST_0137,2026-01-06 13:07:00,11.83,Healthcare,Online
TXN_001200,CUST_0069,2026-04-29 02:22:00,13.35,Healthcare,POS
TXN_001201,CUST_0146,2026-01-11 21:29:00,35.21,Travel,ATM
TXN_001202,CUST_0189,2026-01-01 01:06:00,35.69,Healthcare,Online
TXN_001203,CUST_0496,2026-01-27 17:38:00,22.39,Utilities,Online
TXN_001204,CUST_0485,2026-05-12 16:03:00,28.24,Entertainment,Online
TXN_001205,CUST_0376,2026-06-19 10:59:00,5.4,Travel,Mobile
TXN_001206,CUST_0199,2026-06-21 01:31:00,11.49,Restaurant,POS
TXN_001207,CUST_0279,2026-05-02 17:49:00,111.36,Entertainment,ATM
TXN_001208,CUST_0474,2026-01-12 21:18:00,53.55,Shopping,Mobile
TXN_001209,CUST_0089,2026-02-20 13:53:00,21.22,Healthcare,Online
TXN_001210,CUST_0153,2026-01-01 12:11:00,13.42,Entertainment,POS
TXN_001211,CUST_0106,2026-02-17 13:09:00,14.67,Shopping,POS
TXN_001212,CUST_0340,2026-03-20 00:21:00,132.2,Electronics,POS
TXN_001213,CUST_0315,2026-02-05 16:55:00,33.47,Utilities,Mobile
TXN_001214,CUST_0361,2026-01-02 01:15:00,26.46,Travel,Mobile
TXN_001215,CUST_0439,2026-03-26 23:34:00,19.1,Shopping,ATM
TXN_001216,CUST_0030,2026-05-29 17:19:00,49.84,Shopping,Mobile
TXN_001217,CUST_0111,2026-05-28 13:07:00,73.83,Restaurant,Online
TXN_001218,CUST_0083,2026-06-22 05:00:00,18.23,Restaurant,POS
TXN_001219,CUST_0461,2026-02-15 10:31:00,45.27,Travel,Online
TXN_001220,CUST_0402,2026-04-15 14:53:00,49.75,Healthcare,Mobile
TXN_001221,CUST_0409,2026-02-26 06:10:00,38.59,Shopping,POS
TXN_001222,CUST_0382,2026-01-10 07:06:00,22.13,Restaurant,Online
TXN_001223,CUST_0166,2026-03-05 09:59:00,32.64,Electronics,Online
TXN_001224,CUST_0359,2026-04-17 18:58:00,29.07,Utilities,ATM
TXN_001225,CUST_0276,2026-03-13 00:32:00,85.4,Healthcare,Online
TXN_001226,CUST_0157,2026-05-23 05:09:00,16.37,Healthcare,Online
TXN_001227,CUST_0196,2026-06-22 06:50:00,144.61,Entertainment,Online
TXN_001228,CUST_0001,2026-02-21 20:54:00,125.41,Shopping,Online
TXN_001229,CUST_0172,2026-05-23 16:49:00,54.86,Restaurant,POS
TXN_001230,CUST_0063,2026-02-08 04:10:00,20.47,Travel,POS
TXN_001231,CUST_0383,2026-04-25 00:51:00,141.64,Electronics,Mobile
TXN_001232,CUST_0175,2026-04-29 22:37:00,29.58,Utilities,POS
TXN_001233,CUST_0447,2026-03-30 21:43:00,51.95,Healthcare,Mobile
TXN_001234,CUST_0116,2026-03-21 06:45:00,41.24,Healthcare,POS
TXN_001235,CUST_0206,2026-03-26 11:15:00,19.8,Shopping,POS
TXN_001236,CUST_0247,2026-06-01 05:49:00,26.89,Electronics,POS
TXN_001237,CUST_0047,2026-01-21 10:24:00,35.17,Electronics,Online
TXN_001238,CUST_0269,2026-03-13 03:58:00,46.88,Grocery,Online
TXN_001239,CUST_0236,2026-04-05 21:48:00,9.15,Restaurant,POS
TXN_001240,CUST_0415,2026-01-15 14:29:00,36.89,Electronics,POS
TXN_001241,CUST_0014,2026-03-13 08:19:00,41.05,Electronics,POS
TXN_001242,CUST_0085,2026-04-12 04:18:00,18.88,Entertainment,Mobile
TXN_001243,CUST_0485,2026-02-13 06:07:00,54.43,Grocery,Online
TXN_001244,CUST_0442,2026-06-21 01:56:00,96.52,Healthcare,Mobile
TXN_001245,CUST_0423,2026-03-03 21:56:00,81.17,Healthcare,Mobile
TXN_001246,CUST_0148,2026-05-15 19:52:00,6.22,Electronics,Online
TXN_001247,CUST_0165,2026-06-03 11:54:00,22.86,Grocery,Online
TXN_001248,CUST_0100,2026-05-11 07:49:00,8.6,Utilities,Mobile
TXN_001249,CUST_0162,2026-06-21 00:32:00,38.45,Grocery,Online
TXN_001250,CUST_0216,2026-02-17 16:49:00,24.82,Travel,POS
TXN_001251,CUST_0283,2026-05-31 08:22:00,138.22,Travel,Online
TXN_001252,CUST_0228,2026-01-04 21:03:00,7.58,Travel,ATM
TXN_001253,CUST_0290,2026-02-19 20:32:00,29.77,Restaurant,POS
TXN_001254,CUST_0229,2026-05-12 03:21:00,21.04,Shopping,POS
TXN_001255,CUST_0465,2026-06-03 10:14:00,43.7,Electronics,Online
TXN_001256,CUST_0296,2026-01-12 12:16:00,32.39,Utilities,Online
TXN_001257,CUST_0068,2026-02-13 16:14:00,44.19,Utilities,Mobile
TXN_001258,CUST_0332,2026-03-06 11:30:00,18.86,Restaurant,Online
TXN_001259,CUST_0198,2026-05-05 22:13:00,90.18,Utilities,ATM
TXN_001260,CUST_0241,2026-01-31 21:02:00,20.13,Grocery,Online
TXN_001261,CUST_0455,2026-06-06 20:13:00,41.9,Healthcare,Online
TXN_001262,CUST_0286,2026-03-18 05:39:00,8.8,Entertainment,Mobile
TXN_001263,CUST_0126,2026-03-26 17:33:00,4.16,Restaurant,Mobile
TXN_001264,CUST_0112,2026-04-05 01:20:00,30.38,Restaurant,Online
TXN_001265,CUST_0294,2026-04-21 21:22:00,13.19,Utilities,ATM
TXN_001266,CUST_0056,2026-04-30 09:47:00,20.24,Healthcare,Online
TXN_001267,CUST_0482,2026-03-16 13:52:00,39.69,Entertainment,Online
TXN_001268,CUST_0219,2026-05-23 13:31:00,121.91,Entertainment,Mobile
TXN_001269,CUST_0379,2026-04-24 06:08:00,159.15,Restaurant,POS
TXN_001270,CUST_0377,2026-01-03 18:51:00,35.47,Shopping,Mobile
TXN_001271,CUST_0181,2026-03-02 14:05:00,12.26,Utilities,ATM
TXN_001272,CUST_0078,2026-03-12 03:30:00,11.99,Electronics,Online
TXN_001273,CUST_0002,2026-01-04 15:49:00,19.84,Entertainment,Mobile
TXN_001274,CUST_0288,2026-02-04 10:29:00,13.49,Grocery,POS
TXN_001275,CUST_0239,2026-05-25 10:08:00,14.06,Restaurant,Online
TXN_001276,CUST_0279,2026-03-07 16:38:00,36.51,Healthcare,Online
TXN_001277,CUST_0335,2026-03-04 23:18:00,28.96,Healthcare,POS
TXN_001278,CUST_0192,2026-03-15 19:40:00,50.0,Shopping,ATM
TXN_001279,CUST_0130,2026-03-01 12:31:00,22.2,Healthcare,POS
TXN_001280,CUST_0334,2026-05-13 07:42:00,43.35,Entertainment,Online
TXN_001281,CUST_0067,2026-06-02 13:58:00,22.64,Grocery,POS
TXN_001282,CUST_0003,2026-05-02 07:13:00,23.78,Restaurant,POS
TXN_001283,CUST_0043,2026-04-26 13:25:00,27.04,Utilities,POS
TXN_001284,CUST_0103,2026-04-05 00:33:00,19.53,Restaurant,Online
TXN_001285,CUST_0158,2026-04-01 17:54:00,21.26,Grocery,POS
TXN_001286,CUST_0191,2026-04-11 22:23:00,107.96,Healthcare,Online
TXN_001287,CUST_0204,2026-02-27 02:03:00,165.47,Healthcare,Mobile
TXN_001288,CUST_0209,2026-04-16 14:09:00,75.81,Electronics,POS
TXN_001289,CUST_0442,2026-02-03 18:39:00,23.86,Healthcare,POS
TXN_001290,CUST_0447,2026-02-16 23:37:00,73.78,Restaurant,Online
TXN_001291,CUST_0025,2026-02-27 03:03:00,8.2,Utilities,Online
TXN_001292,CUST_0424,2026-04-23 19:28:00,59.82,Utilities,Online
TXN_001293,CUST_0216,2026-04-22 20:00:00,11.46,Grocery,Online
TXN_001294,CUST_0117,2026-05-14 19:19:00,31.64,Restaurant,ATM
TXN_001295,CUST_0442,2026-03-04 23:37:00,45.58,Healthcare,Online
TXN_001296,CUST_0365,2026-04-02 08:47:00,173.06,Grocery,Online
TXN_001297,CUST_0212,2026-04-24 21:16:00,25.89,Grocery,Mobile
TXN_001298,CUST_0223,2026-02-07 23:15:00,60.08,Travel,ATM
TXN_001299,CUST_0376,2026-06-09 09:30:00,85.63,Grocery,Online
TXN_001300,CUST_0271,2026-01-26 23:14:00,42.22,Travel,Online
TXN_001301,CUST_0346,2026-04-12 23:44:00,28.7,Restaurant,Online
TXN_001302,CUST_0338,2026-03-20 12:49:00,72.75,Electronics,POS
TXN_001303,CUST_0481,2026-06-23 06:47:00,38.21,Grocery,POS
TXN_001304,CUST_0319,2026-03-07 19:34:00,77.45,Shopping,POS
TXN_001305,CUST_0154,2026-05-23 23:09:00,109.25,Entertainment,POS
TXN_001306,CUST_0302,2026-01-24 14:20:00,19.0,Travel,Mobile
TXN_001307,CUST_0310,2026-02-15 14:39:00,18.99,Restaurant,Online
TXN_001308,CUST_0442,2026-05-26 15:55:00,29.08,Electronics,Mobile
TXN_001309,CUST_0134,2026-05-30 19:05:00,10.64,Grocery,Online
TXN_001310,CUST_0090,2026-02-07 08:25:00,53.94,Utilities,Online
TXN_001311,CUST_0121,2026-03-18 17:29:00,7.4,Travel,POS
TXN_001312,CUST_0459,2026-01-09 00:29:00,30.21,Restaurant,POS
TXN_001313,CUST_0049,2026-01-25 19:09:00,35.16,Entertainment,POS
TXN_001314,CUST_0098,2026-05-22 10:35:00,85.59,Travel,Online
TXN_001315,CUST_0304,2026-04-02 22:11:00,86.51,Travel,Mobile
TXN_001316,CUST_0187,2026-05-28 09:15:00,52.59,Utilities,POS
TXN_001317,CUST_0296,2026-01-02 09:16:00,5.15,Entertainment,POS
TXN_001318,CUST_0192,2026-03-10 15:07:00,78.59,Travel,Online
TXN_001319,CUST_0180,2026-02-18 16:31:00,48.38,Shopping,Online
TXN_001320,CUST_0048,2026-03-03 23:22:00,113.32,Shopping,Online
TXN_001321,CUST_0053,2026-02-04 05:34:00,36.49,Shopping,POS
TXN_001322,CUST_0192,2026-01-01 08:54:00,28.67,Shopping,Online
TXN_001323,CUST_0181,2026-02-02 02:33:00,294.15,Entertainment,Online
TXN_001324,CUST_0405,2026-06-05 22:02:00,58.59,Electronics,Online
TXN_001325,CUST_0422,2026-01-17 16:54:00,49.93,Shopping,Online
TXN_001326,CUST_0014,2026-01-01 06:03:00,79.86,Restaurant,ATM
TXN_001327,CUST_0119,2026-04-16 01:36:00,18.03,Utilities,Mobile
TXN_001328,CUST_0268,2026-06-18 19:24:00,47.61,Healthcare,POS
TXN_001329,CUST_0354,2026-03-10 06:42:00,142.31,Travel,POS
TXN_001330,CUST_0130,2026-05-06 18:09:00,7.42,Travel,Mobile
TXN_001331,CUST_0262,2026-04-29 11:55:00,58.45,Healthcare,Online
TXN_001332,CUST_0329,2026-04-03 04:26:00,11.59,Restaurant,POS
TXN_001333,CUST_0124,2026-01-17 04:51:00,8.07,Travel,Online
TXN_001334,CUST_0477,2026-05-10 01:49:00,36.24,Restaurant,POS
TXN_001335,CUST_0240,2026-02-21 12:45:00,6.12,Entertainment,Online
TXN_001336,CUST_0167,2026-06-06 12:54:00,20.67,Travel,ATM
TXN_001337,CUST_0393,2026-02-24 02:29:00,108.12,Utilities,Mobile
TXN_001338,CUST_0044,2026-04-30 17:29:00,14.03,Restaurant,ATM
TXN_001339,CUST_0390,2026-03-21 00:23:00,171.29,Electronics,Online
TXN_001340,CUST_0200,2026-05-31 15:16:00,47.5,Entertainment,POS
TXN_001341,CUST_0057,2026-04-03 22:51:00,29.97,Shopping,Mobile
TXN_001342,CUST_0313,2026-02-08 06:07:00,6.72,Travel,Mobile
TXN_001343,CUST_0298,2026-05-04 12:57:00,33.87,Travel,POS
TXN_001344,CUST_0282,2026-03-10 18:41:00,8.12,Grocery,Online
TXN_001345,CUST_0057,2026-02-05 17:08:00,107.51,Restaurant,Online
TXN_001346,CUST_0226,2026-04-22 13:05:00,26.77,Travel,POS
TXN_001347,CUST_0246,2026-04-24 12:59:00,9.18,Electronics,Online
TXN_001348,CUST_0309,2026-04-30 14:08:00,123.63,Restaurant,POS
TXN_001349,CUST_0139,2026-06-29 01:11:00,39.89,Grocery,POS
TXN_001350,CUST_0089,2026-06-13 16:49:00,95.64,Travel,Mobile
TXN_001351,CUST_0229,2026-05-19 12:48:00,13.23,Shopping,Online
TXN_001352,CUST_0140,2026-02-24 18:00:00,17.37,Electronics,POS
TXN_001353,CUST_0392,2026-05-28 05:00:00,39.77,Restaurant,POS
TXN_001354,CUST_0339,2026-05-19 09:11:00,9.31,Entertainment,Online
TXN_001355,CUST_0379,2026-01-04 07:23:00,43.09,Restaurant,Online
TXN_001356,CUST_0082,2026-04-09 19:23:00,21.85,Entertainment,Mobile
TXN_001357,CUST_0258,2026-06-01 14:19:00,21.88,Healthcare,POS
TXN_001358,CUST_0329,2026-05-24 05:00:00,85.12,Electronics,Online
TXN_001359,CUST_0005,2026-01-01 10:54:00,61.13,Grocery,Online
TXN_001360,CUST_0362,2026-03-13 20:23:00,13.99,Electronics,ATM
TXN_001361,CUST_0412,2026-02-11 17:41:00,10.08,Electronics,Online
TXN_001362,CUST_0065,2026-05-14 16:57:00,95.01,Travel,Online
TXN_001363,CUST_0445,2026-02-27 14:08:00,30.18,Electronics,Online
TXN_001364,CUST_0219,2026-05-09 11:02:00,25.9,Healthcare,Online
TXN_001365,CUST_0123,2026-04-23 19:42:00,62.41,Travel,Mobile
TXN_001366,CUST_0309,2026-03-15 20:59:00,16.47,Restaurant,Online
TXN_001367,CUST_0090,2026-02-18 05:24:00,35.86,Travel,POS
TXN_001368,CUST_0438,2026-04-21 10:31:00,35.35,Travel,POS
TXN_001369,CUST_0099,2026-03-11 02:28:00,11.04,Restaurant,POS
TXN_001370,CUST_0033,2026-06-21 12:23:00,137.07,Healthcare,Mobile
TXN_001371,CUST_0101,2026-01-26 17:25:00,63.39,Entertainment,POS
TXN_001372,CUST_0307,2026-04-20 12:19:00,74.53,Restaurant,Online
TXN_001373,CUST_0351,2026-01-03 13:21:00,127.88,Grocery,POS
TXN_001374,CUST_0420,2026-03-22 01:00:00,80.33,Entertainment,POS
TXN_001375,CUST_0309,2026-04-01 21:48:00,16.84,Grocery,POS
TXN_001376,CUST_0425,2026-01-20 05:15:00,11.09,Healthcare,POS
TXN_001377,CUST_0170,2026-02-28 13:35:00,13.7,Electronics,POS
TXN_001378,CUST_0251,2026-01-20 16:13:00,7.98,Shopping,Mobile
TXN_001379,CUST_0170,2026-03-19 11:20:00,99.93,Travel,Mobile
TXN_001380,CUST_0324,2026-02-23 17:20:00,18.14,Healthcare,Online
TXN_001381,CUST_0472,2026-03-25 07:35:00,44.29,Healthcare,POS
TXN_001382,CUST_0048,2026-03-13 01:26:00,23.09,Shopping,POS
TXN_001383,CUST_0216,2026-05-22 10:22:00,3.78,Grocery,Mobile
TXN_001384,CUST_0027,2026-03-13 10:37:00,19.83,Travel,ATM
TXN_001385,CUST_0492,2026-05-13 23:20:00,167.17,Grocery,Online
TXN_001386,CUST_0242,2026-01-18 11:23:00,28.37,Healthcare,POS
TXN_001387,CUST_0311,2026-05-14 19:58:00,24.2,Utilities,POS
TXN_001388,CUST_0151,2026-03-15 04:04:00,50.41,Travel,Online
TXN_001389,CUST_0463,2026-05-28 11:29:00,114.95,Shopping,Online
TXN_001390,CUST_0206,2026-05-27 02:27:00,33.45,Utilities,POS
TXN_001391,CUST_0308,2026-01-03 20:57:00,103.71,Healthcare,ATM
TXN_001392,CUST_0297,2026-05-03 05:13:00,21.28,Entertainment,Online
TXN_001393,CUST_0394,2026-02-14 08:39:00,15.31,Electronics,Online
TXN_001394,CUST_0193,2026-05-19 17:17:00,9.23,Travel,ATM
TXN_001395,CUST_0085,2026-04-12 11:04:00,29.56,Grocery,Mobile
TXN_001396,CUST_0062,2026-04-15 17:43:00,35.58,Healthcare,POS
TXN_001397,CUST_0166,2026-05-27 08:45:00,5.45,Restaurant,Online
TXN_001398,CUST_0097,2026-03-01 16:16:00,22.89,Utilities,POS
TXN_001399,CUST_0292,2026-04-11 07:34:00,3.04,Utilities,ATM
TXN_001400,CUST_0442,2026-03-24 13:50:00,20.17,Shopping,POS
TXN_001401,CUST_0080,2026-06-29 05:12:00,33.48,Travel,POS
TXN_001402,CUST_0156,2026-06-18 21:37:00,58.04,Entertainment,Online
TXN_001403,CUST_0431,2026-05-04 21:32:00,12.36,Electronics,Mobile
TXN_001404,CUST_0387,2026-06-06 23:04:00,12.56,Restaurant,POS
TXN_001405,CUST_0040,2026-06-13 12:35:00,26.97,Utilities,Online
TXN_001406,CUST_0436,2026-06-23 11:32:00,10.25,Travel,Online
TXN_001407,CUST_0184,2026-04-09 11:40:00,73.54,Healthcare,Mobile
TXN_001408,CUST_0322,2026-02-21 02:46:00,5.16,Shopping,ATM
TXN_001409,CUST_0118,2026-05-15 02:05:00,24.04,Healthcare,POS
TXN_001410,CUST_0100,2026-06-29 11:50:00,33.95,Shopping,Mobile
TXN_001411,CUST_0466,2026-06-13 20:23:00,45.81,Grocery,Mobile
TXN_001412,CUST_0429,2026-05-17 07:32:00,5.45,Travel,ATM
TXN_001413,CUST_0158,2026-06-21 20:07:00,408.11,Grocery,Online
TXN_001414,CUST_0014,2026-06-01 12:08:00,31.8,Entertainment,POS
TXN_001415,CUST_0211,2026-06-01 15:50:00,6.88,Electronics,Mobile
TXN_001416,CUST_0209,2026-05-13 10:35:00,128.45,Grocery,Online
TXN_001417,CUST_0265,2026-02-11 19:06:00,30.42,Entertainment,POS
TXN_001418,CUST_0211,2026-01-26 02:40:00,149.92,Entertainment,Mobile
TXN_001419,CUST_0213,2026-05-15 11:11:00,33.96,Healthcare,Online
TXN_001420,CUST_0446,2026-03-08 05:37:00,7.08,Healthcare,POS
TXN_001421,CUST_0368,2026-03-08 18:56:00,35.58,Restaurant,POS
TXN_001422,CUST_0477,2026-04-21 01:57:00,53.06,Restaurant,Mobile
TXN_001423,CUST_0479,2026-04-11 22:18:00,14.35,Restaurant,Online
TXN_001424,CUST_0393,2026-04-07 03:19:00,137.62,Shopping,Mobile
TXN_001425,CUST_0255,2026-05-23 22:27:00,99.98,Utilities,Online
TXN_001426,CUST_0167,2026-04-15 19:39:00,294.65,Travel,Online
TXN_001427,CUST_0204,2026-03-10 13:07:00,23.63,Healthcare,Online
TXN_001428,CUST_0381,2026-04-18 16:46:00,23.33,Utilities,Online
TXN_001429,CUST_0088,2026-06-13 15:32:00,50.03,Healthcare,POS
TXN_001430,CUST_0108,2026-01-05 12:43:00,18.13,Restaurant,Online
TXN_001431,CUST_0396,2026-01-11 00:57:00,151.76,Healthcare,POS
TXN_001432,CUST_0017,2026-03-09 09:44:00,35.76,Travel,POS
TXN_001433,CUST_0479,2026-01-24 05:57:00,23.24,Healthcare,POS
TXN_001434,CUST_0498,2026-01-26 00:18:00,93.74,Utilities,ATM
TXN_001435,CUST_0382,2026-01-06 16:17:00,165.1,Utilities,Mobile
TXN_001436,CUST_0416,2026-03-04 11:01:00,13.5,Shopping,ATM
TXN_001437,CUST_0074,2026-04-09 20:19:00,7.25,Entertainment,POS
TXN_001438,CUST_0138,2026-03-13 20:35:00,30.29,Healthcare,Mobile
TXN_001439,CUST_0134,2026-05-02 09:22:00,73.66,Grocery,Online
TXN_001440,CUST_0277,2026-01-12 11:35:00,84.41,Electronics,Mobile
TXN_001441,CUST_0443,2026-01-29 15:49:00,7.9,Entertainment,Online
TXN_001442,CUST_0291,2026-05-03 15:20:00,4.03,Healthcare,Online
TXN_001443,CUST_0296,2026-04-28 21:04:00,41.41,Entertainment,POS
TXN_001444,CUST_0420,2026-02-05 10:24:00,22.87,Electronics,Online
TXN_001445,CUST_0489,2026-02-22 03:58:00,17.85,Shopping,Mobile
TXN_001446,CUST_0107,2026-06-06 00:59:00,19.63,Healthcare,Mobile
TXN_001447,CUST_0442,2026-06-02 10:08:00,38.9,Entertainment,ATM
TXN_001448,CUST_0057,2026-03-10 17:03:00,13.16,Electronics,POS
TXN_001449,CUST_0173,2026-01-26 11:53:00,198.59,Entertainment,POS
TXN_001450,CUST_0116,2026-05-07 22:54:00,38.37,Restaurant,POS
TXN_001451,CUST_0075,2026-05-10 17:03:00,5.43,Utilities,Online
TXN_001452,CUST_0020,2026-01-11 06:39:00,21.1,Grocery,Online
TXN_001453,CUST_0409,2026-04-30 09:00:00,5.45,Entertainment,Mobile
TXN_001454,CUST_0407,2026-05-06 23:33:00,53.62,Shopping,POS
TXN_001455,CUST_0130,2026-04-16 03:08:00,42.76,Healthcare,POS
TXN_001456,CUST_0072,2026-06-13 01:04:00,73.39,Entertainment,Mobile
TXN_001457,CUST_0278,2026-03-20 11:32:00,17.96,Restaurant,POS
TXN_001458,CUST_0293,2026-03-27 21:51:00,70.56,Utilities,POS
TXN_001459,CUST_0138,2026-03-14 16:32:00,20.69,Travel,Mobile
TXN_001460,CUST_0016,2026-02-20 21:53:00,6.52,Utilities,POS
TXN_001461,CUST_0156,2026-03-01 06:46:00,260.67,Electronics,Online
TXN_001462,CUST_0092,2026-05-30 18:59:00,44.66,Entertainment,Online
TXN_001463,CUST_0280,2026-04-09 05:19:00,8.34,Entertainment,Online
TXN_001464,CUST_0007,2026-05-31 04:10:00,96.65,Restaurant,Mobile
TXN_001465,CUST_0038,2026-03-14 15:21:00,106.57,Entertainment,Mobile
TXN_001466,CUST_0048,2026-04-18 18:39:00,21.92,Healthcare,POS
TXN_001467,CUST_0349,2026-01-05 23:30:00,26.5,Healthcare,ATM
TXN_001468,CUST_0064,2026-05-21 20:48:00,42.2,Entertainment,ATM
TXN_001469,CUST_0358,2026-01-13 03:49:00,97.52,Entertainment,POS
TXN_001470,CUST_0046,2026-01-03 19:22:00,85.01,Restaurant,Online
TXN_001471,CUST_0111,2026-03-24 01:31:00,125.26,Shopping,POS
TXN_001472,CUST_0103,2026-05-11 11:17:00,124.1,Grocery,ATM
TXN_001473,CUST_0084,2026-05-14 07:56:00,29.51,Restaurant,Online
TXN_001474,CUST_0448,2026-02-14 06:25:00,22.53,Restaurant,Online
TXN_001475,CUST_0418,2026-02-03 04:19:00,72.0,Restaurant,Online
TXN_001476,CUST_0085,2026-06-22 18:55:00,31.31,Grocery,Online
TXN_001477,CUST_0177,2026-02-17 02:19:00,58.76,Restaurant,Mobile
TXN_001478,CUST_0026,2026-01-15 09:50:00,68.6,Electronics,Online
TXN_001479,CUST_0123,2026-02-12 04:06:00,50.86,Entertainment,POS
TXN_001480,CUST_0235,2026-01-30 23:22:00,16.17,Entertainment,Mobile
TXN_001481,CUST_0166,2026-05-16 00:42:00,531.81,Utilities,Mobile
TXN_001482,CUST_0456,2026-03-29 14:30:00,34.46,Electronics,POS
TXN_001483,CUST_0320,2026-03-16 23:27:00,10.0,Utilities,Mobile
TXN_001484,CUST_0248,2026-05-02 19:25:00,14.74,Travel,POS
TXN_001485,CUST_0031,2026-06-13 07:21:00,52.47,Grocery,Online
TXN_001486,CUST_0394,2026-05-25 21:55:00,312.38,Entertainment,Mobile
TXN_001487,CUST_0084,2026-02-18 03:51:00,22.27,Healthcare,POS
TXN_001488,CUST_0093,2026-06-13 20:31:00,9.52,Electronics,POS
TXN_001489,CUST_0166,2026-06-23 05:13:00,5.58,Shopping,Online
TXN_001490,CUST_0029,2026-03-03 20:11:00,46.57,Shopping,Online
TXN_001491,CUST_0220,2026-01-10 00:03:00,88.33,Restaurant,Online
TXN_001492,CUST_0361,2026-03-23 15:29:00,102.68,Shopping,POS
TXN_001493,CUST_0025,2026-02-27 13:07:00,62.04,Healthcare,POS
TXN_001494,CUST_0153,2026-03-08 20:21:00,128.88,Utilities,Online
TXN_001495,CUST_0125,2026-05-20 01:58:00,98.4,Restaurant,Mobile
TXN_001496,CUST_0002,2026-04-20 18:59:00,16.46,Travel,POS
TXN_001497,CUST_0103,2026-03-14 10:40:00,30.02,Grocery,Online
TXN_001498,CUST_0117,2026-02-24 02:48:00,41.3,Travel,ATM
TXN_001499,CUST_0495,2026-05-21 10:19:00,63.81,Electronics,Online
TXN_001500,CUST_0301,2026-06-28 03:35:00,66.04,Restaurant,POS
TXN_001501,CUST_0458,2026-06-23 04:42:00,33.24,Electronics,Online
TXN_001502,CUST_0465,2026-03-08 01:19:00,167.7,Shopping,Online
TXN_001503,CUST_0271,2026-02-05 05:55:00,78.0,Healthcare,POS
TXN_001504,CUST_0299,2026-02-28 14:01:00,177.22,Entertainment,POS
TXN_001505,CUST_0075,2026-03-20 21:26:00,11.81,Restaurant,Online
TXN_001506,CUST_0315,2026-03-11 17:20:00,11.66,Healthcare,ATM
TXN_001507,CUST_0026,2026-01-08 10:57:00,53.99,Electronics,ATM
TXN_001508,CUST_0117,2026-02-05 01:48:00,9.34,Travel,Online
TXN_001509,CUST_0001,2026-01-25 04:08:00,15.27,Utilities,Online
TXN_001510,CUST_0439,2026-02-17 08:18:00,31.32,Grocery,POS
TXN_001511,CUST_0065,2026-04-28 14:11:00,27.65,Electronics,POS
TXN_001512,CUST_0357,2026-06-05 01:39:00,13.11,Entertainment,POS
TXN_001513,CUST_0292,2026-05-12 22:13:00,17.65,Electronics,POS
TXN_001514,CUST_0066,2026-01-17 22:03:00,20.2,Entertainment,Online
TXN_001515,CUST_0103,2026-06-12 21:28:00,25.51,Travel,POS
TXN_001516,CUST_0479,2026-02-08 18:09:00,9.6,Utilities,Online
TXN_001517,CUST_0244,2026-04-09 17:42:00,32.64,Grocery,ATM
TXN_001518,CUST_0442,2026-01-02 01:37:00,26.72,Healthcare,Mobile
TXN_001519,CUST_0243,2026-03-01 19:55:00,54.86,Restaurant,POS
TXN_001520,CUST_0029,2026-06-12 20:27:00,336.0,Healthcare,Online
TXN_001521,CUST_0355,2026-04-23 05:36:00,13.66,Electronics,ATM
TXN_001522,CUST_0069,2026-03-28 08:16:00,38.93,Entertainment,Online
TXN_001523,CUST_0417,2026-03-15 07:45:00,95.81,Utilities,ATM
TXN_001524,CUST_0462,2026-03-24 22:15:00,30.77,Grocery,Online
TXN_001525,CUST_0170,2026-04-27 13:36:00,30.59,Restaurant,POS
TXN_001526,CUST_0172,2026-06-27 06:05:00,24.52,Healthcare,Online
TXN_001527,CUST_0387,2026-01-21 12:25:00,168.84,Electronics,Online
TXN_001528,CUST_0210,2026-04-18 01:29:00,6.63,Restaurant,Online
TXN_001529,CUST_0112,2026-04-27 23:35:00,77.67,Travel,Online
TXN_001530,CUST_0300,2026-01-11 22:13:00,9.69,Restaurant,Mobile
TXN_001531,CUST_0069,2026-06-04 07:56:00,19.95,Utilities,Online
TXN_001532,CUST_0131,2026-02-23 21:17:00,14.16,Restaurant,POS
TXN_001533,CUST_0393,2026-04-26 16:02:00,10.21,Entertainment,ATM
TXN_001534,CUST_0311,2026-01-02 00:28:00,204.5,Healthcare,Online
TXN_001535,CUST_0246,2026-05-04 10:12:00,68.41,Restaurant,Online
TXN_001536,CUST_0058,2026-01-01 12:47:00,37.97,Restaurant,Mobile
TXN_001537,CUST_0312,2026-01-13 14:54:00,20.91,Entertainment,POS
TXN_001538,CUST_0454,2026-01-26 21:00:00,11.25,Utilities,POS
TXN_001539,CUST_0003,2026-04-20 15:23:00,127.15,Entertainment,Online
TXN_001540,CUST_0186,2026-06-10 16:48:00,29.71,Grocery,Mobile
TXN_001541,CUST_0484,2026-01-02 11:47:00,169.88,Restaurant,Online
TXN_001542,CUST_0104,2026-06-29 09:25:00,122.94,Travel,Online
TXN_001543,CUST_0181,2026-04-08 02:05:00,15.91,Healthcare,Online
TXN_001544,CUST_0264,2026-03-28 06:32:00,16.95,Restaurant,Online
TXN_001545,CUST_0115,2026-06-29 20:10:00,140.04,Electronics,POS
TXN_001546,CUST_0040,2026-02-04 14:53:00,19.84,Electronics,POS
TXN_001547,CUST_0083,2026-01-29 06:56:00,26.06,Healthcare,Mobile
TXN_001548,CUST_0467,2026-05-23 11:26:00,33.41,Entertainment,Mobile
TXN_001549,CUST_0016,2026-06-16 11:21:00,47.29,Travel,POS
TXN_001550,CUST_0220,2026-04-28 12:41:00,116.92,Entertainment,Mobile
TXN_001551,CUST_0133,2026-06-02 01:36:00,60.35,Grocery,POS
TXN_001552,CUST_0235,2026-04-08 06:21:00,22.3,Restaurant,Online
TXN_001553,CUST_0282,2026-01-05 17:09:00,4.4,Utilities,Online
TXN_001554,CUST_0046,2026-01-31 17:27:00,1.95,Restaurant,POS
TXN_001555,CUST_0146,2026-02-07 06:53:00,26.22,Restaurant,Online
TXN_001556,CUST_0413,2026-02-25 13:41:00,463.21,Restaurant,ATM
TXN_001557,CUST_0246,2026-05-21 11:30:00,34.66,Shopping,POS
TXN_001558,CUST_0151,2026-03-16 14:41:00,61.77,Electronics,POS
TXN_001559,CUST_0089,2026-03-05 15:36:00,13.32,Entertainment,Online
TXN_001560,CUST_0079,2026-02-01 19:56:00,272.36,Travel,POS
TXN_001561,CUST_0226,2026-04-02 00:09:00,17.43,Utilities,POS
TXN_001562,CUST_0120,2026-01-11 23:11:00,175.1,Shopping,POS
TXN_001563,CUST_0192,2026-06-13 03:55:00,13.15,Healthcare,Online
TXN_001564,CUST_0133,2026-04-06 17:01:00,40.57,Shopping,Online
TXN_001565,CUST_0452,2026-06-13 04:59:00,66.21,Healthcare,POS
TXN_001566,CUST_0333,2026-06-21 11:56:00,100.07,Grocery,Online
TXN_001567,CUST_0208,2026-02-03 01:19:00,81.25,Utilities,Mobile
TXN_001568,CUST_0143,2026-02-16 22:00:00,102.54,Travel,Online
TXN_001569,CUST_0299,2026-01-18 14:25:00,14.88,Electronics,Online
TXN_001570,CUST_0152,2026-05-17 04:46:00,25.27,Healthcare,ATM
TXN_001571,CUST_0371,2026-02-26 00:24:00,44.38,Restaurant,Mobile
TXN_001572,CUST_0304,2026-03-26 23:17:00,31.31,Grocery,Online
TXN_001573,CUST_0346,2026-03-22 15:16:00,42.57,Entertainment,Mobile
TXN_001574,CUST_0283,2026-03-29 11:02:00,74.42,Restaurant,Online
TXN_001575,CUST_0044,2026-04-26 13:13:00,86.08,Healthcare,POS
TXN_001576,CUST_0244,2026-06-01 23:07:00,31.86,Shopping,Mobile
TXN_001577,CUST_0450,2026-02-27 15:48:00,58.34,Utilities,Online
TXN_001578,CUST_0267,2026-01-21 14:40:00,19.01,Entertainment,Online
TXN_001579,CUST_0450,2026-02-02 18:58:00,360.82,Utilities,POS
TXN_001580,CUST_0220,2026-06-18 18:30:00,108.23,Travel,Online
TXN_001581,CUST_0377,2026-06-12 04:52:00,34.39,Shopping,Online
TXN_001582,CUST_0021,2026-03-10 22:04:00,25.19,Restaurant,Online
TXN_001583,CUST_0341,2026-04-08 19:04:00,30.54,Utilities,POS
TXN_001584,CUST_0386,2026-01-01 07:33:00,1.39,Grocery,Mobile
TXN_001585,CUST_0169,2026-03-09 11:30:00,49.74,Shopping,Mobile
TXN_001586,CUST_0396,2026-06-22 08:18:00,12.66,Electronics,Online
TXN_001587,CUST_0291,2026-04-05 08:24:00,15.02,Utilities,Online
TXN_001588,CUST_0175,2026-01-14 08:52:00,34.26,Utilities,Mobile
TXN_001589,CUST_0468,2026-01-25 07:51:00,1.49,Utilities,Mobile
TXN_001590,CUST_0434,2026-06-18 21:05:00,37.66,Travel,POS
TXN_001591,CUST_0372,2026-01-11 03:11:00,99.88,Healthcare,ATM
TXN_001592,CUST_0480,2026-01-31 10:22:00,25.63,Utilities,Online
TXN_001593,CUST_0172,2026-02-11 17:31:00,49.0,Electronics,POS
TXN_001594,CUST_0480,2026-03-07 09:52:00,17.1,Restaurant,POS
TXN_001595,CUST_0319,2026-04-05 18:56:00,13.15,Restaurant,Mobile
TXN_001596,CUST_0146,2026-02-12 23:32:00,10.39,Healthcare,POS
TXN_001597,CUST_0060,2026-02-23 19:02:00,21.93,Restaurant,Mobile
TXN_001598,CUST_0245,2026-02-03 23:28:00,5.57,Utilities,POS
TXN_001599,CUST_0153,2026-05-13 13:01:00,29.55,Shopping,ATM
TXN_001600,CUST_0093,2026-05-22 23:48:00,8.32,Travel,POS
TXN_001601,CUST_0359,2026-04-07 12:22:00,97.83,Utilities,Mobile
TXN_001602,CUST_0488,2026-04-03 09:03:00,18.84,Restaurant,POS
TXN_001603,CUST_0189,2026-04-08 03:16:00,49.32,Utilities,Mobile
TXN_001604,CUST_0034,2026-06-26 22:33:00,41.08,Travel,POS
TXN_001605,CUST_0202,2026-05-01 17:00:00,23.6,Electronics,Online
TXN_001606,CUST_0222,2026-01-24 11:18:00,41.88,Healthcare,Online
TXN_001607,CUST_0272,2026-04-21 17:52:00,22.82,Utilities,POS
TXN_001608,CUST_0021,2026-04-18 08:47:00,64.74,Restaurant,Online
TXN_001609,CUST_0273,2026-06-15 17:37:00,32.76,Shopping,Mobile
TXN_001610,CUST_0137,2026-02-03 08:37:00,8.53,Travel,POS
TXN_001611,CUST_0259,2026-03-11 02:45:00,78.9,Healthcare,POS
TXN_001612,CUST_0301,2026-03-16 02:52:00,30.2,Restaurant,POS
TXN_001613,CUST_0026,2026-03-23 12:09:00,57.65,Healthcare,POS
TXN_001614,CUST_0031,2026-06-26 04:44:00,86.7,Electronics,Online
TXN_001615,CUST_0106,2026-06-21 00:15:00,38.24,Travel,Online
TXN_001616,CUST_0024,2026-02-23 22:18:00,5.81,Entertainment,POS
TXN_001617,CUST_0025,2026-01-19 07:53:00,29.79,Utilities,Online
TXN_001618,CUST_0137,2026-03-14 09:43:00,31.8,Travel,POS
TXN_001619,CUST_0404,2026-02-06 03:46:00,41.04,Utilities,Online
TXN_001620,CUST_0235,2026-06-29 12:00:00,190.1,Healthcare,Mobile
TXN_001621,CUST_0496,2026-01-21 04:46:00,151.2,Shopping,Online
TXN_001622,CUST_0427,2026-03-24 20:44:00,65.79,Entertainment,Online
TXN_001623,CUST_0114,2026-04-22 04:51:00,18.1,Travel,Online
TXN_001624,CUST_0214,2026-04-24 19:38:00,12.33,Restaurant,Online
TXN_001625,CUST_0090,2026-02-22 04:44:00,4.24,Restaurant,Online
TXN_001626,CUST_0139,2026-04-12 16:29:00,5224.65,Entertainment,Mobile
TXN_001627,CUST_0050,2026-06-27 13:18:00,30.69,Grocery,ATM
TXN_001628,CUST_0364,2026-06-15 15:02:00,22.82,Travel,Online
TXN_001629,CUST_0078,2026-01-08 22:34:00,249.72,Grocery,Mobile
TXN_001630,CUST_0015,2026-02-02 02:28:00,35.17,Shopping,POS
TXN_001631,CUST_0188,2026-06-26 17:12:00,57.34,Travel,POS
TXN_001632,CUST_0121,2026-01-21 08:52:00,45.82,Shopping,POS
TXN_001633,CUST_0442,2026-02-11 15:06:00,22.67,Grocery,Online
TXN_001634,CUST_0095,2026-01-02 22:05:00,5.11,Restaurant,Mobile
TXN_001635,CUST_0067,2026-06-03 21:10:00,39.83,Restaurant,Online
TXN_001636,CUST_0413,2026-04-14 23:25:00,88.64,Grocery,POS
TXN_001637,CUST_0156,2026-04-12 05:38:00,8.21,Electronics,Mobile
TXN_001638,CUST_0344,2026-05-25 05:43:00,18.27,Utilities,Online
TXN_001639,CUST_0229,2026-04-08 22:02:00,32.41,Electronics,ATM
TXN_001640,CUST_0214,2026-04-15 00:17:00,32.19,Utilities,Online
TXN_001641,CUST_0044,2026-05-05 03:40:00,34.94,Restaurant,Online
TXN_001642,CUST_0042,2026-01-06 02:53:00,87.5,Travel,POS
TXN_001643,CUST_0466,2026-04-01 15:03:00,63.94,Utilities,Online
TXN_001644,CUST_0388,2026-04-25 11:12:00,94.23,Shopping,ATM
TXN_001645,CUST_0305,2026-05-10 00:24:00,38.53,Healthcare,POS
TXN_001646,CUST_0293,2026-05-19 14:31:00,5.8,Restaurant,POS
TXN_001647,CUST_0092,2026-04-12 12:01:00,20.8,Healthcare,POS
TXN_001648,CUST_0486,2026-02-05 02:19:00,109.06,Travel,Online
TXN_001649,CUST_0112,2026-06-28 23:58:00,0.81,Entertainment,POS
TXN_001650,CUST_0367,2026-05-01 14:10:00,191.49,Restaurant,ATM
TXN_001651,CUST_0240,2026-06-10 11:40:00,12.02,Healthcare,Mobile
TXN_001652,CUST_0455,2026-03-13 09:22:00,5.28,Utilities,Online
TXN_001653,CUST_0058,2026-06-20 19:53:00,2.31,Grocery,Online
TXN_001654,CUST_0281,2026-02-14 15:20:00,33.42,Travel,Online
TXN_001655,CUST_0403,2026-01-01 20:14:00,23.98,Shopping,Online
TXN_001656,CUST_0324,2026-06-26 13:15:00,60.01,Shopping,Online
TXN_001657,CUST_0213,2026-03-27 09:44:00,30.8,Utilities,Online
TXN_001658,CUST_0466,2026-02-03 04:59:00,92.4,Shopping,ATM
TXN_001659,CUST_0310,2026-04-04 07:25:00,22.53,Travel,POS
TXN_001660,CUST_0258,2026-06-18 18:36:00,79.91,Grocery,POS
TXN_001661,CUST_0225,2026-06-21 12:59:00,59.0,Grocery,Mobile
TXN_001662,CUST_0127,2026-04-15 20:47:00,121.87,Electronics,Mobile
TXN_001663,CUST_0155,2026-05-22 07:00:00,28.17,Utilities,POS
TXN_001664,CUST_0273,2026-01-17 18:41:00,18.0,Utilities,POS
TXN_001665,CUST_0137,2026-02-02 05:09:00,24.08,Healthcare,Mobile
TXN_001666,CUST_0084,2026-03-25 00:27:00,11.82,Restaurant,Mobile
TXN_001667,CUST_0190,2026-02-11 00:15:00,41.34,Utilities,Online
TXN_001668,CUST_0008,2026-02-18 17:52:00,21.94,Healthcare,POS
TXN_001669,CUST_0302,2026-02-05 05:21:00,181.2,Shopping,Online
TXN_001670,CUST_0352,2026-02-08 14:08:00,4.11,Healthcare,Mobile
TXN_001671,CUST_0161,2026-03-11 12:48:00,255.45,Electronics,Online
TXN_001672,CUST_0444,2026-04-25 01:24:00,44.27,Grocery,Mobile
TXN_001673,CUST_0186,2026-01-22 01:48:00,26.55,Electronics,Mobile
TXN_001674,CUST_0065,2026-06-08 01:49:00,35.49,Travel,POS
TXN_001675,CUST_0392,2026-04-23 12:08:00,13.77,Grocery,Online
TXN_001676,CUST_0011,2026-04-27 07:02:00,2.99,Utilities,POS
TXN_001677,CUST_0053,2026-06-12 05:09:00,74.29,Electronics,POS
TXN_001678,CUST_0388,2026-03-20 22:15:00,14.18,Entertainment,Online
TXN_001679,CUST_0291,2026-06-09 03:31:00,127.02,Shopping,Mobile
TXN_001680,CUST_0080,2026-03-16 12:58:00,120.69,Healthcare,Online
TXN_001681,CUST_0440,2026-05-11 03:18:00,163.75,Shopping,Online
TXN_001682,CUST_0128,2026-06-15 14:01:00,68.96,Shopping,POS
TXN_001683,CUST_0062,2026-04-22 21:00:00,34.56,Grocery,ATM
TXN_001684,CUST_0439,2026-03-23 12:39:00,54.28,Healthcare,Online
TXN_001685,CUST_0428,2026-03-05 22:51:00,27.5,Entertainment,Online
TXN_001686,CUST_0411,2026-06-20 23:42:00,6.69,Healthcare,Online
TXN_001687,CUST_0033,2026-01-06 11:43:00,54.11,Grocery,Online
TXN_001688,CUST_0368,2026-05-29 20:28:00,89.0,Utilities,Online
TXN_001689,CUST_0085,2026-01-30 10:12:00,60.55,Restaurant,Mobile
TXN_001690,CUST_0141,2026-03-22 14:42:00,36.96,Travel,POS
TXN_001691,CUST_0099,2026-03-05 08:44:00,45.15,Electronics,POS
TXN_001692,CUST_0167,2026-04-08 03:01:00,55.8,Entertainment,Mobile
TXN_001693,CUST_0382,2026-05-06 17:13:00,122.4,Grocery,POS
TXN_001694,CUST_0204,2026-05-14 10:34:00,77.91,Electronics,POS
TXN_001695,CUST_0240,2026-06-16 20:10:00,74.69,Entertainment,POS
TXN_001696,CUST_0254,2026-02-08 18:23:00,29.68,Entertainment,POS
TXN_001697,CUST_0145,2026-01-11 19:00:00,44.6,Electronics,Online
TXN_001698,CUST_0349,2026-03-18 17:34:00,271.13,Grocery,Mobile
TXN_001699,CUST_0300,2026-05-31 16:41:00,18.7,Healthcare,Online
TXN_001700,CUST_0176,2026-03-06 18:46:00,19.25,Travel,Mobile
TXN_001701,CUST_0402,2026-01-31 16:34:00,17.23,Travel,POS
TXN_001702,CUST_0226,2026-05-07 02:05:00,76.92,Utilities,POS
TXN_001703,CUST_0453,2026-01-24 00:41:00,60.92,Utilities,Mobile
TXN_001704,CUST_0184,2026-06-15 09:31:00,6.99,Grocery,POS
TXN_001705,CUST_0070,2026-03-11 20:12:00,189.12,Grocery,ATM
TXN_001706,CUST_0464,2026-05-02 17:35:00,258.39,Utilities,Online
TXN_001707,CUST_0008,2026-02-25 13:52:00,86.17,Shopping,POS
TXN_001708,CUST_0287,2026-04-05 14:25:00,338.55,Shopping,POS
TXN_001709,CUST_0242,2026-04-09 14:52:00,61.99,Healthcare,Online
TXN_001710,CUST_0131,2026-06-27 08:33:00,25.1,Shopping,Online
TXN_001711,CUST_0113,2026-06-19 03:14:00,80.57,Grocery,ATM
TXN_001712,CUST_0340,2026-04-15 14:35:00,10.79,Electronics,Online
TXN_001713,CUST_0219,2026-01-12 23:01:00,67.1,Restaurant,POS
TXN_001714,CUST_0379,2026-04-21 10:09:00,108.93,Grocery,Mobile
TXN_001715,CUST_0484,2026-03-13 11:51:00,11.82,Utilities,Mobile
TXN_001716,CUST_0275,2026-02-20 02:58:00,34.68,Shopping,POS
TXN_001717,CUST_0320,2026-05-01 12:47:00,63.12,Electronics,Mobile
TXN_001718,CUST_0177,2026-04-21 07:37:00,32.71,Grocery,POS
TXN_001719,CUST_0327,2026-02-22 08:19:00,8.33,Travel,POS
TXN_001720,CUST_0024,2026-04-26 15:26:00,21.41,Healthcare,Online
TXN_001721,CUST_0234,2026-05-08 20:07:00,17.28,Grocery,ATM
TXN_001722,CUST_0011,2026-01-26 21:50:00,60.97,Grocery,Online
TXN_001723,CUST_0452,2026-02-05 17:08:00,38.46,Healthcare,Online
TXN_001724,CUST_0423,2026-06-04 14:03:00,36.52,Electronics,Mobile
TXN_001725,CUST_0290,2026-05-11 12:14:00,34.49,Electronics,POS
TXN_001726,CUST_0386,2026-06-07 22:02:00,138.74,Healthcare,ATM
TXN_001727,CUST_0034,2026-01-30 10:46:00,16.57,Restaurant,ATM
TXN_001728,CUST_0077,2026-04-21 03:55:00,17.13,Entertainment,ATM
TXN_001729,CUST_0124,2026-06-28 16:40:00,21.65,Entertainment,Mobile
TXN_001730,CUST_0203,2026-04-30 03:05:00,95.39,Electronics,Online
TXN_001731,CUST_0071,2026-03-11 11:05:00,16.06,Restaurant,POS
TXN_001732,CUST_0326,2026-03-28 10:36:00,33.1,Grocery,POS
TXN_001733,CUST_0092,2026-04-20 22:42:00,49.77,Grocery,POS
TXN_001734,CUST_0262,2026-03-24 14:02:00,33.66,Restaurant,Mobile
TXN_001735,CUST_0481,2026-02-28 15:13:00,27.72,Grocery,Online
TXN_001736,CUST_0489,2026-02-14 08:48:00,4.5,Utilities,Online
TXN_001737,CUST_0439,2026-04-05 22:14:00,41.86,Entertainment,Online
TXN_001738,CUST_0342,2026-03-05 07:01:00,86.01,Entertainment,Online
TXN_001739,CUST_0500,2026-04-24 17:26:00,45.96,Healthcare,POS
TXN_001740,CUST_0167,2026-05-29 15:51:00,14.8,Travel,POS
TXN_001741,CUST_0228,2026-06-10 05:39:00,40.83,Utilities,ATM
TXN_001742,CUST_0413,2026-06-08 03:14:00,35.18,Travel,ATM
TXN_001743,CUST_0473,2026-03-18 18:25:00,63.17,Utilities,Online
TXN_001744,CUST_0150,2026-03-17 11:24:00,42.68,Utilities,Online
TXN_001745,CUST_0289,2026-03-21 00:55:00,12.34,Grocery,POS
TXN_001746,CUST_0323,2026-03-29 17:20:00,14.29,Healthcare,POS
TXN_001747,CUST_0094,2026-05-03 15:24:00,72.76,Travel,Online
TXN_001748,CUST_0427,2026-04-04 09:24:00,26.81,Grocery,POS
TXN_001749,CUST_0057,2026-06-13 20:53:00,2.49,Restaurant,Online
TXN_001750,CUST_0356,2026-05-19 13:42:00,260.4,Electronics,Mobile
TXN_001751,CUST_0023,2026-05-02 03:49:00,40.33,Entertainment,Online
TXN_001752,CUST_0434,2026-03-07 04:08:00,15.29,Utilities,POS
TXN_001753,CUST_0125,2026-06-15 03:40:00,8.64,Electronics,Online
TXN_001754,CUST_0454,2026-03-01 03:44:00,23.4,Utilities,Mobile
TXN_001755,CUST_0316,2026-04-01 18:18:00,26.95,Restaurant,POS
TXN_001756,CUST_0292,2026-05-09 19:24:00,18.68,Travel,POS
TXN_001757,CUST_0146,2026-04-18 03:39:00,308.95,Entertainment,Online
TXN_001758,CUST_0386,2026-06-07 00:10:00,13.63,Utilities,Online
TXN_001759,CUST_0415,2026-04-22 08:51:00,19.0,Shopping,POS
TXN_001760,CUST_0092,2026-03-19 13:12:00,43.29,Restaurant,Online
TXN_001761,CUST_0050,2026-05-23 15:19:00,8.59,Restaurant,Online
TXN_001762,CUST_0002,2026-06-15 17:14:00,24.33,Electronics,POS
TXN_001763,CUST_0154,2026-04-27 12:49:00,51.17,Electronics,POS
TXN_001764,CUST_0213,2026-04-03 13:08:00,176.28,Travel,Mobile
TXN_001765,CUST_0088,2026-03-14 00:13:00,121.04,Utilities,Online
TXN_001766,CUST_0292,2026-01-25 20:11:00,20.76,Entertainment,Online
TXN_001767,CUST_0351,2026-06-26 00:25:00,230.35,Entertainment,Online
TXN_001768,CUST_0194,2026-03-31 19:44:00,119.99,Electronics,Online
TXN_001769,CUST_0497,2026-03-17 07:23:00,567.3,Utilities,POS
TXN_001770,CUST_0285,2026-06-27 03:53:00,169.64,Shopping,Online
TXN_001771,CUST_0187,2026-05-25 04:47:00,22.95,Restaurant,Mobile
TXN_001772,CUST_0426,2026-05-09 06:24:00,122.82,Electronics,Mobile
TXN_001773,CUST_0056,2026-04-19 14:30:00,7.0,Grocery,POS
TXN_001774,CUST_0455,2026-04-13 01:25:00,141.92,Travel,Online
TXN_001775,CUST_0290,2026-03-26 03:47:00,47.91,Travel,POS
TXN_001776,CUST_0380,2026-03-30 19:20:00,51.14,Electronics,Online
TXN_001777,CUST_0105,2026-01-22 02:48:00,7.77,Restaurant,Mobile
TXN_001778,CUST_0134,2026-05-21 23:10:00,24.15,Shopping,Mobile
TXN_001779,CUST_0007,2026-01-17 12:02:00,374.43,Shopping,Online
TXN_001780,CUST_0165,2026-06-06 22:49:00,14.38,Entertainment,POS
TXN_001781,CUST_0214,2026-05-06 07:42:00,17.17,Grocery,Mobile
TXN_001782,CUST_0020,2026-05-13 14:48:00,25.53,Travel,Online
TXN_001783,CUST_0202,2026-03-11 15:40:00,12.37,Travel,Mobile
TXN_001784,CUST_0402,2026-04-06 18:41:00,21.09,Entertainment,Online
TXN_001785,CUST_0176,2026-01-11 16:41:00,97.92,Entertainment,Mobile
TXN_001786,CUST_0085,2026-04-13 05:34:00,40.87,Grocery,Online
TXN_001787,CUST_0483,2026-01-20 08:22:00,6.62,Utilities,POS
TXN_001788,CUST_0071,2026-06-27 06:16:00,16.49,Electronics,Online
TXN_001789,CUST_0475,2026-02-20 09:32:00,42.78,Healthcare,POS
TXN_001790,CUST_0305,2026-01-04 05:57:00,109.21,Grocery,Online
TXN_001791,CUST_0293,2026-04-14 22:27:00,82.42,Entertainment,POS
TXN_001792,CUST_0420,2026-01-24 22:17:00,16.96,Entertainment,Mobile
TXN_001793,CUST_0036,2026-06-19 18:13:00,11.54,Electronics,Mobile
TXN_001794,CUST_0426,2026-03-08 00:17:00,50.8,Entertainment,POS
TXN_001795,CUST_0010,2026-01-19 07:42:00,28.26,Healthcare,POS
TXN_001796,CUST_0388,2026-06-05 19:53:00,20.35,Travel,Mobile
TXN_001797,CUST_0343,2026-02-22 12:03:00,39.16,Entertainment,Online
TXN_001798,CUST_0065,2026-05-03 17:19:00,105.88,Entertainment,Online
TXN_001799,CUST_0271,2026-04-07 15:09:00,17.66,Grocery,Online
TXN_001800,CUST_0139,2026-06-16 11:14:00,24.71,Travel,Online
TXN_001801,CUST_0317,2026-05-27 20:23:00,129.44,Healthcare,ATM
TXN_001802,CUST_0405,2026-01-25 16:04:00,24.44,Entertainment,Online
TXN_001803,CUST_0198,2026-01-28 06:27:00,29.62,Entertainment,Online
TXN_001804,CUST_0054,2026-01-22 12:24:00,140.02,Restaurant,Mobile
TXN_001805,CUST_0470,2026-03-01 05:09:00,433.54,Shopping,Mobile
TXN_001806,CUST_0326,2026-04-24 13:21:00,3.49,Restaurant,Mobile
TXN_001807,CUST_0032,2026-04-27 02:57:00,64.05,Entertainment,Online
TXN_001808,CUST_0397,2026-01-11 07:35:00,11.32,Healthcare,POS
TXN_001809,CUST_0330,2026-04-09 01:23:00,127.87,Entertainment,Online
TXN_001810,CUST_0277,2026-01-03 00:09:00,7.3,Restaurant,Online
TXN_001811,CUST_0354,2026-01-23 06:29:00,23.22,Travel,POS
TXN_001812,CUST_0334,2026-04-09 00:47:00,9.03,Travel,Online
TXN_001813,CUST_0359,2026-06-02 12:12:00,36.7,Grocery,Online
TXN_001814,CUST_0331,2026-05-02 16:07:00,38.45,Electronics,Online
TXN_001815,CUST_0075,2026-06-02 06:54:00,17.65,Utilities,Mobile
TXN_001816,CUST_0026,2026-02-28 07:50:00,40.32,Restaurant,POS
TXN_001817,CUST_0047,2026-06-27 11:24:00,10.1,Electronics,Online
TXN_001818,CUST_0419,2026-01-19 13:08:00,22.26,Grocery,Online
TXN_001819,CUST_0416,2026-04-11 10:13:00,82.17,Grocery,POS
TXN_001820,CUST_0096,2026-03-12 12:11:00,22.02,Utilities,Mobile
TXN_001821,CUST_0421,2026-03-13 09:01:00,16.29,Healthcare,POS
TXN_001822,CUST_0138,2026-03-12 18:45:00,63.09,Healthcare,ATM
TXN_001823,CUST_0396,2026-01-06 10:48:00,12.43,Restaurant,POS
TXN_001824,CUST_0451,2026-03-09 00:14:00,22.28,Entertainment,ATM
TXN_001825,CUST_0270,2026-03-18 22:17:00,86.83,Restaurant,Online
TXN_001826,CUST_0128,2026-05-03 06:22:00,32.46,Restaurant,POS
TXN_001827,CUST_0253,2026-04-16 09:39:00,8.9,Healthcare,POS
TXN_001828,CUST_0401,2026-04-12 11:09:00,73.21,Utilities,Mobile
TXN_001829,CUST_0350,2026-02-21 22:44:00,46.61,Shopping,ATM
TXN_001830,CUST_0175,2026-04-06 17:43:00,31.19,Utilities,Online
TXN_001831,CUST_0004,2026-06-18 05:03:00,41.07,Healthcare,Mobile
TXN_001832,CUST_0240,2026-04-05 10:59:00,71.28,Shopping,Online
TXN_001833,CUST_0324,2026-02-04 04:28:00,248.2,Travel,POS
TXN_001834,CUST_0304,2026-03-16 00:41:00,62.64,Electronics,Mobile
TXN_001835,CUST_0333,2026-02-06 07:40:00,9.63,Electronics,ATM
TXN_001836,CUST_0077,2026-04-26 14:25:00,518.1,Restaurant,POS
TXN_001837,CUST_0266,2026-04-14 00:28:00,14.9,Grocery,Mobile
TXN_001838,CUST_0368,2026-03-13 11:44:00,95.31,Travel,Online
TXN_001839,CUST_0401,2026-02-19 01:38:00,16.99,Shopping,POS
TXN_001840,CUST_0125,2026-04-01 13:01:00,70.42,Travel,Mobile
TXN_001841,CUST_0464,2026-03-28 06:10:00,6.35,Utilities,ATM
TXN_001842,CUST_0246,2026-04-10 01:47:00,16.63,Grocery,ATM
TXN_001843,CUST_0015,2026-06-29 00:00:00,26.64,Healthcare,Mobile
TXN_001844,CUST_0301,2026-03-02 15:10:00,92.85,Utilities,POS
TXN_001845,CUST_0500,2026-05-15 13:41:00,37.99,Utilities,POS
TXN_001846,CUST_0428,2026-04-25 23:25:00,15.54,Shopping,Online
TXN_001847,CUST_0473,2026-05-22 12:35:00,13.48,Shopping,Online
TXN_001848,CUST_0033,2026-02-25 12:24:00,23.15,Electronics,POS
TXN_001849,CUST_0354,2026-03-10 10:55:00,94.91,Entertainment,POS
TXN_001850,CUST_0246,2026-02-23 13:16:00,30.68,Electronics,Mobile
TXN_001851,CUST_0271,2026-03-17 04:01:00,125.02,Utilities,ATM
TXN_001852,CUST_0495,2026-01-29 10:49:00,11.75,Grocery,POS
TXN_001853,CUST_0049,2026-01-24 21:36:00,19.16,Grocery,Online
TXN_001854,CUST_0133,2026-04-22 04:39:00,64.44,Healthcare,POS
TXN_001855,CUST_0349,2026-05-02 23:15:00,90.03,Healthcare,Online
TXN_001856,CUST_0421,2026-02-18 09:12:00,20.94,Shopping,Online
TXN_001857,CUST_0167,2026-02-19 18:48:00,155.89,Shopping,Mobile
TXN_001858,CUST_0013,2026-02-21 01:35:00,72.98,Travel,Online
TXN_001859,CUST_0052,2026-06-28 18:16:00,70.12,Restaurant,ATM
TXN_001860,CUST_0141,2026-01-26 09:18:00,14.16,Electronics,POS
TXN_001861,CUST_0427,2026-03-07 03:43:00,68.38,Electronics,Online
TXN_001862,CUST_0105,2026-03-17 09:01:00,140.26,Restaurant,Online
TXN_001863,CUST_0489,2026-03-14 03:55:00,100.17,Utilities,Online
TXN_001864,CUST_0496,2026-03-31 23:20:00,28.81,Entertainment,Mobile
TXN_001865,CUST_0268,2026-04-03 05:17:00,39.08,Grocery,Online
TXN_001866,CUST_0089,2026-02-18 20:00:00,6723.45,Shopping,Mobile
TXN_001867,CUST_0014,2026-01-18 11:52:00,31.08,Electronics,Mobile
TXN_001868,CUST_0483,2026-04-05 07:17:00,7.76,Shopping,POS
TXN_001869,CUST_0094,2026-05-17 01:29:00,40.85,Utilities,POS
TXN_001870,CUST_0186,2026-03-25 02:01:00,25.44,Grocery,ATM
TXN_001871,CUST_0431,2026-05-25 15:10:00,98.27,Electronics,POS
TXN_001872,CUST_0339,2026-06-21 13:46:00,66.13,Electronics,POS
TXN_001873,CUST_0074,2026-01-01 15:09:00,20.54,Travel,Online
TXN_001874,CUST_0447,2026-01-24 16:32:00,10.78,Entertainment,POS
TXN_001875,CUST_0324,2026-03-21 00:06:00,221.47,Grocery,POS
TXN_001876,CUST_0215,2026-03-24 23:42:00,92.12,Electronics,Mobile
TXN_001877,CUST_0269,2026-05-17 12:58:00,295.45,Electronics,POS
TXN_001878,CUST_0187,2026-04-29 23:04:00,26.21,Utilities,Online
TXN_001879,CUST_0411,2026-05-05 14:28:00,15.58,Travel,Online
TXN_001880,CUST_0254,2026-04-28 03:18:00,48.55,Entertainment,Online
TXN_001881,CUST_0241,2026-06-14 10:49:00,18.33,Healthcare,Online
TXN_001882,CUST_0010,2026-06-02 15:23:00,12.49,Electronics,ATM
TXN_001883,CUST_0158,2026-03-25 18:27:00,25.95,Shopping,Online
TXN_001884,CUST_0101,2026-05-30 03:26:00,27.72,Electronics,Online
TXN_001885,CUST_0393,2026-01-22 06:15:00,43.38,Electronics,POS
TXN_001886,CUST_0435,2026-03-23 12:48:00,22.58,Restaurant,Online
TXN_001887,CUST_0016,2026-02-10 09:42:00,31.87,Restaurant,ATM
TXN_001888,CUST_0242,2026-05-23 05:49:00,15.31,Restaurant,POS
TXN_001889,CUST_0359,2026-05-17 15:47:00,64.81,Entertainment,Mobile
TXN_001890,CUST_0290,2026-03-30 01:59:00,107.64,Electronics,POS
TXN_001891,CUST_0096,2026-06-01 12:34:00,24.62,Grocery,Online
TXN_001892,CUST_0225,2026-03-10 08:21:00,7.68,Travel,ATM
TXN_001893,CUST_0482,2026-04-06 13:25:00,72.7,Shopping,Online
TXN_001894,CUST_0244,2026-04-02 14:57:00,18.92,Grocery,POS
TXN_001895,CUST_0422,2026-01-02 09:35:00,194.92,Healthcare,POS
TXN_001896,CUST_0123,2026-01-05 01:09:00,9.76,Entertainment,Mobile
TXN_001897,CUST_0078,2026-02-10 13:38:00,13.79,Entertainment,Mobile
TXN_001898,CUST_0275,2026-02-20 15:14:00,14.79,Entertainment,Mobile
TXN_001899,CUST_0280,2026-01-22 13:55:00,42.49,Electronics,POS
TXN_001900,CUST_0490,2026-02-14 19:55:00,32.72,Entertainment,Online
TXN_001901,CUST_0493,2026-06-08 02:10:00,66.28,Restaurant,POS
TXN_001902,CUST_0111,2026-05-10 17:20:00,67.8,Restaurant,POS
TXN_001903,CUST_0198,2026-05-03 11:44:00,107.76,Grocery,Mobile
TXN_001904,CUST_0189,2026-02-06 14:46:00,262.44,Electronics,Mobile
TXN_001905,CUST_0196,2026-06-20 04:34:00,47.45,Electronics,Online
TXN_001906,CUST_0056,2026-03-25 15:37:00,20.11,Healthcare,Online
TXN_001907,CUST_0102,2026-05-15 21:07:00,18.6,Healthcare,Mobile
TXN_001908,CUST_0250,2026-06-07 20:40:00,15.83,Healthcare,POS
TXN_001909,CUST_0023,2026-06-24 01:30:00,35.46,Utilities,Mobile
TXN_001910,CUST_0203,2026-03-06 04:03:00,5.77,Entertainment,Mobile
TXN_001911,CUST_0327,2026-06-14 20:43:00,19.23,Entertainment,ATM
TXN_001912,CUST_0280,2026-04-07 12:51:00,22.72,Entertainment,Mobile
TXN_001913,CUST_0113,2026-06-17 12:54:00,29.82,Electronics,Online
TXN_001914,CUST_0124,2026-06-08 05:50:00,61.12,Restaurant,POS
TXN_001915,CUST_0156,2026-02-24 21:44:00,347.85,Healthcare,Online
TXN_001916,CUST_0399,2026-01-11 12:47:00,19.07,Restaurant,Mobile
TXN_001917,CUST_0496,2026-04-09 15:25:00,36.13,Shopping,Mobile
TXN_001918,CUST_0091,2026-06-21 10:08:00,11.75,Healthcare,Mobile
TXN_001919,CUST_0376,2026-03-08 19:33:00,17.6,Shopping,Online
TXN_001920,CUST_0395,2026-01-09 01:20:00,5.06,Restaurant,POS
TXN_001921,CUST_0164,2026-05-12 05:43:00,89.77,Utilities,Online
TXN_001922,CUST_0287,2026-04-29 15:22:00,19.14,Utilities,Online
TXN_001923,CUST_0370,2026-05-26 14:59:00,4.54,Restaurant,Online
TXN_001924,CUST_0288,2026-02-06 04:57:00,4.94,Restaurant,Online
TXN_001925,CUST_0048,2026-03-10 10:40:00,40.83,Entertainment,Online
TXN_001926,CUST_0065,2026-05-01 21:44:00,18.9,Healthcare,POS
TXN_001927,CUST_0410,2026-06-28 17:11:00,121.92,Grocery,POS
TXN_001928,CUST_0433,2026-02-19 23:07:00,36.98,Healthcare,POS
TXN_001929,CUST_0069,2026-01-24 05:19:00,35.01,Grocery,POS
TXN_001930,CUST_0490,2026-05-30 01:54:00,56.92,Restaurant,Mobile
TXN_001931,CUST_0316,2026-02-25 10:03:00,43.37,Grocery,Online
TXN_001932,CUST_0366,2026-05-24 07:44:00,30.35,Travel,POS
TXN_001933,CUST_0332,2026-05-15 08:35:00,29.29,Shopping,Online
TXN_001934,CUST_0465,2026-02-16 08:09:00,26.68,Restaurant,Online
TXN_001935,CUST_0271,2026-04-02 11:08:00,15.55,Travel,Online
TXN_001936,CUST_0192,2026-05-26 13:53:00,78.83,Utilities,POS
TXN_001937,CUST_0065,2026-06-18 05:44:00,74.12,Travel,POS
TXN_001938,CUST_0476,2026-06-06 07:14:00,22.36,Entertainment,Online
TXN_001939,CUST_0027,2026-01-17 05:01:00,74.69,Healthcare,Online
TXN_001940,CUST_0415,2026-04-02 00:26:00,112.43,Electronics,POS
TXN_001941,CUST_0237,2026-01-09 21:00:00,120.25,Healthcare,POS
TXN_001942,CUST_0331,2026-01-02 01:09:00,34.31,Utilities,Online
TXN_001943,CUST_0406,2026-03-17 02:24:00,99.13,Shopping,Online
TXN_001944,CUST_0035,2026-06-03 13:40:00,66.29,Travel,Online
TXN_001945,CUST_0410,2026-03-12 03:33:00,41.43,Grocery,ATM
TXN_001946,CUST_0375,2026-05-06 14:51:00,19.47,Restaurant,Online
TXN_001947,CUST_0449,2026-04-25 14:29:00,10.59,Restaurant,POS
TXN_001948,CUST_0085,2026-03-04 21:30:00,164.8,Entertainment,Mobile
TXN_001949,CUST_0189,2026-01-27 14:34:00,45.48,Restaurant,POS
TXN_001950,CUST_0126,2026-03-17 14:40:00,17.38,Restaurant,Online
TXN_001951,CUST_0487,2026-05-29 12:56:00,21.61,Entertainment,POS
TXN_001952,CUST_0467,2026-06-03 11:33:00,11.63,Entertainment,POS
TXN_001953,CUST_0338,2026-02-06 19:44:00,43.43,Restaurant,Online
TXN_001954,CUST_0462,2026-04-02 13:17:00,105.7,Electronics,Online
TXN_001955,CUST_0384,2026-02-24 01:50:00,22.17,Electronics,Mobile
TXN_001956,CUST_0206,2026-06-03 22:07:00,40.94,Travel,Mobile
TXN_001957,CUST_0275,2026-03-01 17:58:00,10.81,Grocery,POS
TXN_001958,CUST_0054,2026-06-16 13:30:00,96.47,Utilities,POS
TXN_001959,CUST_0484,2026-01-29 21:36:00,10.2,Electronics,Online
TXN_001960,CUST_0423,2026-02-27 06:36:00,1211.32,Restaurant,POS
TXN_001961,CUST_0460,2026-02-06 22:11:00,4.81,Travel,POS
TXN_001962,CUST_0067,2026-04-02 11:43:00,38.84,Entertainment,Online
TXN_001963,CUST_0266,2026-01-10 21:40:00,12.04,Travel,POS
TXN_001964,CUST_0116,2026-05-26 11:26:00,269.25,Shopping,POS
TXN_001965,CUST_0273,2026-03-21 23:48:00,46.44,Grocery,POS
TXN_001966,CUST_0186,2026-06-12 11:44:00,63.18,Healthcare,Mobile
TXN_001967,CUST_0131,2026-03-24 14:52:00,103.31,Grocery,Online
TXN_001968,CUST_0477,2026-03-09 00:16:00,35.32,Restaurant,Mobile
TXN_001969,CUST_0270,2026-01-31 01:24:00,58.73,Grocery,Online
TXN_001970,CUST_0229,2026-04-10 00:57:00,52.22,Shopping,Online
TXN_001971,CUST_0041,2026-01-10 22:38:00,234.91,Shopping,Mobile
TXN_001972,CUST_0247,2026-03-05 19:31:00,20.95,Travel,ATM
TXN_001973,CUST_0061,2026-04-04 23:11:00,46.81,Shopping,POS
TXN_001974,CUST_0353,2026-02-22 04:27:00,97.31,Entertainment,Mobile
TXN_001975,CUST_0055,2026-04-11 18:13:00,55.5,Grocery,Mobile
TXN_001976,CUST_0159,2026-05-28 06:39:00,78.86,Electronics,Online
TXN_001977,CUST_0046,2026-04-03 01:34:00,73.42,Electronics,Online
TXN_001978,CUST_0077,2026-02-07 08:51:00,51.8,Shopping,Online
TXN_001979,CUST_0418,2026-01-31 09:04:00,22.36,Entertainment,POS
TXN_001980,CUST_0482,2026-01-17 10:31:00,40.91,Grocery,Mobile
TXN_001981,CUST_0067,2026-03-30 02:25:00,50.86,Healthcare,POS
TXN_001982,CUST_0096,2026-02-26 05:52:00,73.41,Electronics,POS
TXN_001983,CUST_0453,2026-03-08 06:28:00,39.31,Entertainment,Online
TXN_001984,CUST_0294,2026-01-08 17:36:00,2.54,Restaurant,Online
TXN_001985,CUST_0260,2026-02-11 01:55:00,55.18,Grocery,ATM
TXN_001986,CUST_0016,2026-06-11 14:15:00,23.86,Entertainment,POS
TXN_001987,CUST_0383,2026-02-12 16:11:00,30.94,Healthcare,Online
TXN_001988,CUST_0321,2026-03-13 02:35:00,159.01,Restaurant,Mobile
TXN_001989,CUST_0115,2026-05-25 05:33:00,82.04,Electronics,Mobile
TXN_001990,CUST_0381,2026-06-13 08:49:00,118.11,Shopping,Mobile
TXN_001991,CUST_0408,2026-01-27 18:26:00,26.01,Electronics,Online
TXN_001992,CUST_0089,2026-05-09 06:56:00,104.87,Healthcare,Online
TXN_001993,CUST_0416,2026-06-04 03:53:00,19.09,Electronics,POS
TXN_001994,CUST_0485,2026-02-27 13:52:00,32.82,Grocery,Online
TXN_001995,CUST_0258,2026-06-10 22:29:00,21.43,Grocery,Online
TXN_001996,CUST_0017,2026-05-12 08:03:00,139.82,Travel,Online
TXN_001997,CUST_0350,2026-05-10 22:27:00,13.85,Restaurant,POS
TXN_001998,CUST_0448,2026-05-13 13:24:00,41.64,Electronics,POS
TXN_001999,CUST_0493,2026-06-19 22:17:00,53.26,Travel,POS
TXN_002000,CUST_0480,2026-06-07 04:20:00,235.27,Electronics,Online
TXN_002001,CUST_0480,2026-01-31 02:31:00,8.81,Entertainment,Mobile
TXN_002002,CUST_0328,2026-06-28 06:19:00,12.67,Electronics,Online
TXN_002003,CUST_0342,2026-03-01 12:13:00,144.58,Electronics,Online
TXN_002004,CUST_0068,2026-01-19 18:50:00,79.21,Shopping,ATM
TXN_002005,CUST_0336,2026-01-09 00:08:00,131.54,Shopping,POS
TXN_002006,CUST_0009,2026-04-09 18:51:00,71.38,Grocery,Mobile
TXN_002007,CUST_0301,2026-02-18 11:55:00,162.46,Shopping,POS
TXN_002008,CUST_0006,2026-06-26 15:54:00,18.74,Grocery,Mobile
TXN_002009,CUST_0080,2026-05-11 04:46:00,84.67,Restaurant,Mobile
TXN_002010,CUST_0033,2026-03-22 07:20:00,9.75,Healthcare,Online
TXN_002011,CUST_0231,2026-04-10 10:21:00,52.88,Utilities,Mobile
TXN_002012,CUST_0235,2026-03-23 21:19:00,10.28,Entertainment,Online
TXN_002013,CUST_0038,2026-04-13 20:32:00,18.85,Entertainment,Online
TXN_002014,CUST_0229,2026-04-21 09:48:00,32.04,Electronics,ATM
TXN_002015,CUST_0328,2026-01-21 04:08:00,17.62,Shopping,POS
TXN_002016,CUST_0214,2026-06-28 01:12:00,43.51,Restaurant,POS
TXN_002017,CUST_0489,2026-02-04 20:32:00,13.12,Shopping,POS
TXN_002018,CUST_0056,2026-05-11 06:28:00,26.46,Restaurant,Mobile
TXN_002019,CUST_0142,2026-01-16 08:33:00,85.21,Entertainment,Online
TXN_002020,CUST_0183,2026-05-16 12:37:00,37.97,Electronics,Online
TXN_002021,CUST_0256,2026-02-02 21:21:00,14.0,Grocery,Online
TXN_002022,CUST_0480,2026-03-24 13:46:00,45.49,Electronics,Online
TXN_002023,CUST_0342,2026-02-19 22:59:00,122.31,Grocery,Mobile
TXN_002024,CUST_0373,2026-06-13 14:00:00,44.27,Entertainment,Mobile
TXN_002025,CUST_0379,2026-06-08 15:12:00,52.64,Healthcare,Mobile
TXN_002026,CUST_0030,2026-02-08 07:46:00,67.84,Grocery,POS
TXN_002027,CUST_0208,2026-06-22 20:28:00,70.88,Entertainment,Online
TXN_002028,CUST_0288,2026-01-03 06:31:00,55.33,Entertainment,Online
TXN_002029,CUST_0427,2026-03-30 23:56:00,33.4,Restaurant,Mobile
TXN_002030,CUST_0261,2026-01-04 21:27:00,46.1,Entertainment,Online
TXN_002031,CUST_0131,2026-03-30 01:32:00,44.55,Healthcare,POS
TXN_002032,CUST_0030,2026-03-13 09:46:00,9.77,Healthcare,Online
TXN_002033,CUST_0497,2026-01-05 21:12:00,142.24,Entertainment,Online
TXN_002034,CUST_0479,2026-06-26 04:58:00,74.0,Shopping,Mobile
TXN_002035,CUST_0143,2026-05-19 18:43:00,29.7,Entertainment,POS
TXN_002036,CUST_0481,2026-01-29 19:16:00,11.4,Travel,Mobile
TXN_002037,CUST_0485,2026-06-02 04:03:00,35.29,Electronics,Online
TXN_002038,CUST_0339,2026-03-22 16:29:00,20.28,Healthcare,Online
TXN_002039,CUST_0211,2026-05-29 08:15:00,16.76,Utilities,POS
TXN_002040,CUST_0351,2026-01-21 16:05:00,5.06,Entertainment,Online
TXN_002041,CUST_0218,2026-05-20 09:22:00,48.11,Shopping,POS
TXN_002042,CUST_0257,2026-02-18 06:07:00,12.73,Electronics,Online
TXN_002043,CUST_0477,2026-06-04 03:19:00,178.82,Shopping,POS
TXN_002044,CUST_0086,2026-04-02 19:52:00,17.51,Travel,ATM
TXN_002045,CUST_0346,2026-04-11 15:54:00,76.48,Entertainment,ATM
TXN_002046,CUST_0403,2026-04-30 11:35:00,23.24,Travel,POS
TXN_002047,CUST_0112,2026-02-06 02:39:00,14.51,Healthcare,Online
TXN_002048,CUST_0434,2026-05-20 23:47:00,49.02,Grocery,POS
TXN_002049,CUST_0492,2026-01-08 10:35:00,28.37,Travel,Online
TXN_002050,CUST_0294,2026-01-19 14:37:00,11.47,Grocery,POS
TXN_002051,CUST_0470,2026-02-15 21:02:00,36.71,Restaurant,Online
TXN_002052,CUST_0176,2026-03-07 23:38:00,52.61,Electronics,POS
TXN_002053,CUST_0188,2026-03-27 13:02:00,144.41,Shopping,Online
TXN_002054,CUST_0087,2026-01-21 15:17:00,38.18,Utilities,POS
TXN_002055,CUST_0321,2026-05-13 14:10:00,52.22,Shopping,Online
TXN_002056,CUST_0101,2026-04-02 11:56:00,26.67,Healthcare,Mobile
TXN_002057,CUST_0141,2026-01-30 00:27:00,39.85,Travel,Mobile
TXN_002058,CUST_0431,2026-01-05 00:22:00,60.61,Electronics,Online
TXN_002059,CUST_0211,2026-05-10 08:18:00,33.15,Entertainment,POS
TXN_002060,CUST_0381,2026-01-14 16:09:00,108.07,Travel,ATM
TXN_002061,CUST_0003,2026-01-16 15:51:00,12.37,Grocery,Online
TXN_002062,CUST_0453,2026-06-10 02:54:00,58.47,Grocery,POS
TXN_002063,CUST_0332,2026-01-20 11:04:00,34.55,Shopping,Online
TXN_002064,CUST_0231,2026-05-24 05:05:00,95.1,Grocery,POS
TXN_002065,CUST_0225,2026-05-19 21:52:00,3.88,Shopping,Online
TXN_002066,CUST_0423,2026-06-07 06:54:00,17.61,Entertainment,Online
TXN_002067,CUST_0480,2026-04-29 22:12:00,35.0,Healthcare,Mobile
TXN_002068,CUST_0483,2026-02-17 02:50:00,61.01,Utilities,ATM
TXN_002069,CUST_0317,2026-02-10 14:41:00,4.34,Electronics,Online
TXN_002070,CUST_0223,2026-03-26 14:44:00,10.05,Travel,Online
TXN_002071,CUST_0191,2026-02-07 23:12:00,10.91,Utilities,POS
TXN_002072,CUST_0382,2026-06-19 02:10:00,61.21,Utilities,POS
TXN_002073,CUST_0250,2026-04-27 12:47:00,17.51,Electronics,Mobile
TXN_002074,CUST_0256,2026-06-26 02:25:00,49.31,Shopping,Mobile
TXN_002075,CUST_0391,2026-05-25 12:26:00,9.23,Travel,Online
TXN_002076,CUST_0165,2026-05-17 07:18:00,69.78,Restaurant,POS
TXN_002077,CUST_0333,2026-02-01 16:47:00,73.49,Healthcare,Online
TXN_002078,CUST_0234,2026-06-08 08:24:00,46.38,Entertainment,POS
TXN_002079,CUST_0134,2026-06-08 07:26:00,10.48,Restaurant,Online
TXN_002080,CUST_0457,2026-06-24 23:27:00,21.01,Healthcare,POS
TXN_002081,CUST_0491,2026-02-19 03:25:00,14.83,Grocery,POS
TXN_002082,CUST_0221,2026-04-01 05:41:00,106.61,Restaurant,POS
TXN_002083,CUST_0004,2026-01-03 03:28:00,8.49,Restaurant,POS
TXN_002084,CUST_0216,2026-02-20 15:08:00,5.45,Travel,POS
TXN_002085,CUST_0419,2026-05-20 22:53:00,20.56,Healthcare,POS
TXN_002086,CUST_0368,2026-01-21 10:30:00,8.98,Grocery,POS
TXN_002087,CUST_0163,2026-02-11 20:21:00,20.84,Travel,Mobile
TXN_002088,CUST_0393,2026-04-27 11:31:00,1.85,Travel,Online
TXN_002089,CUST_0163,2026-01-22 10:06:00,7.96,Healthcare,Mobile
TXN_002090,CUST_0428,2026-05-05 03:35:00,49.1,Grocery,ATM
TXN_002091,CUST_0336,2026-06-14 17:59:00,20.98,Healthcare,Mobile
TXN_002092,CUST_0038,2026-05-13 02:08:00,119.63,Shopping,POS
TXN_002093,CUST_0135,2026-05-16 00:05:00,15.55,Shopping,POS
TXN_002094,CUST_0481,2026-05-14 23:27:00,47.49,Healthcare,Mobile
TXN_002095,CUST_0374,2026-01-26 08:39:00,64.0,Shopping,POS
TXN_002096,CUST_0481,2026-03-15 00:36:00,21.19,Travel,Mobile
TXN_002097,CUST_0471,2026-04-23 17:22:00,6.08,Utilities,POS
TXN_002098,CUST_0127,2026-03-16 15:01:00,90.61,Entertainment,POS
TXN_002099,CUST_0207,2026-01-03 18:48:00,3.57,Restaurant,POS
TXN_002100,CUST_0433,2026-01-17 02:52:00,22.15,Grocery,POS
TXN_002101,CUST_0158,2026-05-22 19:58:00,9.71,Shopping,Online
TXN_002102,CUST_0367,2026-04-23 05:57:00,121.59,Electronics,Mobile
TXN_002103,CUST_0255,2026-02-18 22:27:00,53.48,Electronics,Online
TXN_002104,CUST_0128,2026-04-16 06:46:00,142.55,Entertainment,Online
TXN_002105,CUST_0477,2026-05-22 11:38:00,80.52,Shopping,Mobile
TXN_002106,CUST_0222,2026-01-21 02:10:00,165.18,Shopping,Online
TXN_002107,CUST_0251,2026-02-09 10:22:00,11.42,Grocery,Mobile
TXN_002108,CUST_0438,2026-06-21 08:34:00,5.66,Healthcare,POS
TXN_002109,CUST_0091,2026-02-20 14:54:00,5.17,Electronics,Mobile
TXN_002110,CUST_0349,2026-04-14 07:03:00,19.78,Shopping,Online
TXN_002111,CUST_0285,2026-03-07 01:37:00,50.0,Entertainment,Online
TXN_002112,CUST_0178,2026-02-18 06:26:00,14.87,Grocery,ATM
TXN_002113,CUST_0336,2026-06-08 07:57:00,13.73,Restaurant,Online
TXN_002114,CUST_0466,2026-03-27 12:32:00,11.95,Restaurant,Online
TXN_002115,CUST_0154,2026-05-04 00:12:00,26.88,Travel,Mobile
TXN_002116,CUST_0002,2026-03-19 05:53:00,13.87,Electronics,POS
TXN_002117,CUST_0078,2026-06-06 12:47:00,263.43,Shopping,POS
TXN_002118,CUST_0200,2026-03-31 05:41:00,15.08,Restaurant,Mobile
TXN_002119,CUST_0138,2026-03-06 02:27:00,13.75,Healthcare,Mobile
TXN_002120,CUST_0458,2026-03-24 09:22:00,64.52,Entertainment,POS
TXN_002121,CUST_0430,2026-06-25 06:09:00,61.25,Shopping,POS
TXN_002122,CUST_0243,2026-03-16 06:48:00,56.19,Restaurant,Mobile
TXN_002123,CUST_0447,2026-04-11 15:05:00,50.09,Electronics,Mobile
TXN_002124,CUST_0411,2026-03-30 11:44:00,55.92,Travel,Online
TXN_002125,CUST_0192,2026-05-21 02:42:00,43.59,Entertainment,Mobile
TXN_002126,CUST_0193,2026-02-16 13:41:00,21.17,Electronics,Mobile
TXN_002127,CUST_0249,2026-05-03 04:28:00,46.53,Healthcare,POS
TXN_002128,CUST_0092,2026-04-05 16:07:00,17.47,Grocery,POS
TXN_002129,CUST_0196,2026-04-25 14:43:00,8.32,Healthcare,POS
TXN_002130,CUST_0004,2026-01-14 12:36:00,104.03,Utilities,POS
TXN_002131,CUST_0485,2026-05-07 02:41:00,64.96,Travel,POS
TXN_002132,CUST_0075,2026-03-05 16:33:00,19.09,Restaurant,Mobile
TXN_002133,CUST_0125,2026-06-01 08:14:00,9.77,Restaurant,POS
TXN_002134,CUST_0266,2026-03-21 10:00:00,12.84,Healthcare,ATM
TXN_002135,CUST_0215,2026-03-16 23:43:00,113.98,Restaurant,Online
TXN_002136,CUST_0292,2026-01-09 10:30:00,17.87,Electronics,POS
TXN_002137,CUST_0095,2026-03-07 13:35:00,21.61,Utilities,Mobile
TXN_002138,CUST_0372,2026-03-30 11:05:00,57.59,Utilities,POS
TXN_002139,CUST_0331,2026-03-01 21:49:00,59.74,Restaurant,Online
TXN_002140,CUST_0447,2026-04-11 05:45:00,25.62,Grocery,Online
TXN_002141,CUST_0250,2026-02-01 14:30:00,18.31,Shopping,Mobile
TXN_002142,CUST_0394,2026-03-16 02:43:00,130.23,Shopping,POS
TXN_002143,CUST_0322,2026-05-26 08:42:00,145.2,Restaurant,Online
TXN_002144,CUST_0042,2026-03-09 10:11:00,91.22,Grocery,POS
TXN_002145,CUST_0019,2026-05-26 08:24:00,13.94,Shopping,Online
TXN_002146,CUST_0112,2026-03-02 03:32:00,100.54,Restaurant,ATM
TXN_002147,CUST_0139,2026-05-15 10:36:00,15.65,Shopping,ATM
TXN_002148,CUST_0100,2026-06-02 07:39:00,24.31,Shopping,POS
TXN_002149,CUST_0258,2026-06-26 10:44:00,11.4,Travel,POS
TXN_002150,CUST_0443,2026-04-10 14:52:00,463.73,Travel,POS
TXN_002151,CUST_0150,2026-02-28 12:34:00,88.13,Entertainment,Mobile
TXN_002152,CUST_0266,2026-01-05 21:24:00,25.79,Utilities,POS
TXN_002153,CUST_0378,2026-06-15 18:00:00,23.46,Shopping,Online
TXN_002154,CUST_0187,2026-05-07 16:03:00,16.72,Shopping,POS
TXN_002155,CUST_0360,2026-02-05 16:10:00,32.98,Restaurant,POS
TXN_002156,CUST_0366,2026-05-26 01:54:00,217.13,Electronics,POS
TXN_002157,CUST_0226,2026-03-31 07:34:00,200.35,Grocery,POS
TXN_002158,CUST_0054,2026-02-15 00:29:00,30.89,Healthcare,Mobile
TXN_002159,CUST_0355,2026-04-04 01:31:00,10.76,Shopping,Online
TXN_002160,CUST_0441,2026-04-09 02:40:00,58.16,Utilities,ATM
TXN_002161,CUST_0051,2026-02-11 03:32:00,22.15,Shopping,Online
TXN_002162,CUST_0394,2026-05-09 10:31:00,68.12,Electronics,ATM
TXN_002163,CUST_0071,2026-04-28 13:15:00,17.99,Travel,POS
TXN_002164,CUST_0326,2026-02-04 23:45:00,11.13,Grocery,POS
TXN_002165,CUST_0446,2026-04-06 05:16:00,16.86,Electronics,POS
TXN_002166,CUST_0416,2026-06-28 02:39:00,9.8,Electronics,POS
TXN_002167,CUST_0390,2026-02-27 21:51:00,26.55,Restaurant,Online
TXN_002168,CUST_0001,2026-01-02 07:34:00,13.23,Healthcare,POS
TXN_002169,CUST_0266,2026-02-09 08:57:00,15.05,Restaurant,POS
TXN_002170,CUST_0239,2026-02-24 23:24:00,130.77,Travel,Mobile
TXN_002171,CUST_0058,2026-05-06 02:40:00,20.88,Entertainment,Mobile
TXN_002172,CUST_0474,2026-05-23 06:18:00,50.23,Shopping,POS
TXN_002173,CUST_0251,2026-03-18 21:40:00,21.37,Travel,Online
TXN_002174,CUST_0071,2026-02-05 17:35:00,147.75,Grocery,Online
TXN_002175,CUST_0254,2026-03-26 04:19:00,6.64,Utilities,Mobile
TXN_002176,CUST_0086,2026-01-18 01:21:00,22.81,Restaurant,Online
TXN_002177,CUST_0114,2026-04-28 19:48:00,115.25,Utilities,Online
TXN_002178,CUST_0387,2026-01-23 16:02:00,78.89,Entertainment,POS
TXN_002179,CUST_0447,2026-05-30 04:01:00,120.48,Travel,ATM
TXN_002180,CUST_0378,2026-06-17 01:35:00,20.39,Travel,Online
TXN_002181,CUST_0154,2026-05-21 21:50:00,22.64,Entertainment,Online
TXN_002182,CUST_0059,2026-02-02 15:26:00,14.63,Restaurant,ATM
TXN_002183,CUST_0108,2026-05-14 04:31:00,81.0,Travel,POS
TXN_002184,CUST_0233,2026-06-23 05:45:00,6.25,Healthcare,Online
TXN_002185,CUST_0334,2026-02-10 07:11:00,10.85,Entertainment,POS
TXN_002186,CUST_0330,2026-06-21 05:04:00,32.59,Shopping,Online
TXN_002187,CUST_0137,2026-03-02 21:35:00,10.15,Electronics,ATM
TXN_002188,CUST_0019,2026-04-13 00:50:00,49.46,Healthcare,Mobile
TXN_002189,CUST_0139,2026-04-10 05:37:00,66.33,Entertainment,ATM
TXN_002190,CUST_0164,2026-01-01 00:36:00,44.75,Travel,Online
TXN_002191,CUST_0253,2026-02-21 02:41:00,46.54,Entertainment,POS
TXN_002192,CUST_0178,2026-05-17 06:01:00,46.84,Grocery,Online
TXN_002193,CUST_0137,2026-03-18 15:39:00,6.59,Entertainment,Online
TXN_002194,CUST_0150,2026-01-06 11:27:00,36.06,Utilities,ATM
TXN_002195,CUST_0415,2026-06-19 16:44:00,54.58,Shopping,Online
TXN_002196,CUST_0314,2026-05-26 22:51:00,116.73,Restaurant,ATM
TXN_002197,CUST_0343,2026-05-26 07:22:00,16.41,Restaurant,Mobile
TXN_002198,CUST_0308,2026-03-31 01:59:00,27.18,Healthcare,Online
TXN_002199,CUST_0072,2026-03-16 21:35:00,199.17,Entertainment,Mobile
TXN_002200,CUST_0152,2026-06-09 07:35:00,47.9,Travel,POS
TXN_002201,CUST_0359,2026-06-12 11:42:00,11.84,Restaurant,Mobile
TXN_002202,CUST_0260,2026-02-03 01:52:00,27.2,Electronics,Online
TXN_002203,CUST_0370,2026-05-27 23:54:00,124.77,Electronics,POS
TXN_002204,CUST_0464,2026-05-29 04:48:00,219.12,Healthcare,Online
TXN_002205,CUST_0031,2026-01-01 04:15:00,55.72,Travel,Mobile
TXN_002206,CUST_0081,2026-01-14 10:26:00,30.82,Travel,Mobile
TXN_002207,CUST_0235,2026-01-30 15:27:00,30.77,Shopping,Online
TXN_002208,CUST_0024,2026-04-02 10:23:00,88.0,Grocery,POS
TXN_002209,CUST_0134,2026-01-26 20:11:00,142.3,Travel,POS
TXN_002210,CUST_0337,2026-06-06 00:50:00,81.62,Utilities,POS
TXN_002211,CUST_0065,2026-05-26 03:14:00,232.24,Grocery,Mobile
TXN_002212,CUST_0242,2026-01-09 23:38:00,25.88,Utilities,Online
TXN_002213,CUST_0283,2026-03-11 00:12:00,9.54,Shopping,POS
TXN_002214,CUST_0472,2026-02-23 02:24:00,33.14,Shopping,Online
TXN_002215,CUST_0222,2026-02-13 13:44:00,219.05,Travel,Online
TXN_002216,CUST_0364,2026-05-08 04:28:00,66.02,Shopping,ATM
TXN_002217,CUST_0390,2026-05-25 20:14:00,5.14,Entertainment,Mobile
TXN_002218,CUST_0325,2026-02-05 19:34:00,91.63,Entertainment,Online
TXN_002219,CUST_0045,2026-06-21 15:34:00,21.95,Entertainment,Online
TXN_002220,CUST_0037,2026-06-25 06:35:00,89.24,Entertainment,Online
TXN_002221,CUST_0038,2026-04-13 21:42:00,3.95,Travel,POS
TXN_002222,CUST_0219,2026-03-28 18:06:00,45.49,Travel,ATM
TXN_002223,CUST_0252,2026-06-03 09:08:00,13.21,Grocery,Online
TXN_002224,CUST_0468,2026-04-17 16:25:00,20.08,Utilities,POS
TXN_002225,CUST_0111,2026-02-25 11:16:00,134.09,Electronics,Online
TXN_002226,CUST_0077,2026-05-15 13:00:00,22.21,Electronics,Mobile
TXN_002227,CUST_0255,2026-03-07 16:34:00,32.43,Travel,Online
TXN_002228,CUST_0228,2026-01-20 16:51:00,5.79,Electronics,Mobile
TXN_002229,CUST_0239,2026-02-24 14:16:00,36.8,Entertainment,POS
TXN_002230,CUST_0234,2026-04-21 00:32:00,27.59,Entertainment,POS
TXN_002231,CUST_0430,2026-06-21 15:26:00,14.75,Healthcare,Online
TXN_002232,CUST_0243,2026-01-22 15:19:00,12.91,Healthcare,ATM
TXN_002233,CUST_0056,2026-02-26 04:23:00,14.86,Electronics,ATM
TXN_002234,CUST_0477,2026-04-26 13:59:00,62.39,Healthcare,POS
TXN_002235,CUST_0497,2026-01-29 14:30:00,293.21,Entertainment,Online
TXN_002236,CUST_0383,2026-01-12 10:58:00,55.36,Shopping,POS
TXN_002237,CUST_0390,2026-01-21 20:48:00,42.98,Utilities,Online
TXN_002238,CUST_0487,2026-02-11 19:24:00,53.56,Healthcare,POS
TXN_002239,CUST_0077,2026-02-18 11:23:00,27.29,Travel,Mobile
TXN_002240,CUST_0357,2026-04-08 01:12:00,12.98,Healthcare,Mobile
TXN_002241,CUST_0462,2026-05-03 10:02:00,36.22,Entertainment,ATM
TXN_002242,CUST_0257,2026-04-06 12:39:00,35.42,Travel,Online
TXN_002243,CUST_0277,2026-01-03 02:17:00,38.75,Healthcare,Online
TXN_002244,CUST_0246,2026-05-07 09:41:00,96.63,Entertainment,POS
TXN_002245,CUST_0413,2026-04-30 16:52:00,24.33,Electronics,Online
TXN_002246,CUST_0051,2026-02-15 09:10:00,14.22,Restaurant,POS
TXN_002247,CUST_0170,2026-01-08 08:04:00,20.08,Shopping,POS
TXN_002248,CUST_0461,2026-03-01 19:34:00,2.48,Shopping,POS
TXN_002249,CUST_0469,2026-03-05 06:00:00,15.64,Restaurant,Online
TXN_002250,CUST_0475,2026-03-23 04:04:00,45.09,Travel,POS
TXN_002251,CUST_0488,2026-05-09 07:10:00,7.82,Entertainment,POS
TXN_002252,CUST_0092,2026-06-27 11:00:00,6.05,Entertainment,Online
TXN_002253,CUST_0084,2026-01-03 16:29:00,77.75,Travel,POS
TXN_002254,CUST_0088,2026-01-06 12:51:00,113.94,Shopping,POS
TXN_002255,CUST_0038,2026-05-24 05:31:00,54.93,Healthcare,POS
TXN_002256,CUST_0240,2026-05-23 11:22:00,56.16,Healthcare,ATM
TXN_002257,CUST_0382,2026-06-26 08:58:00,33.79,Restaurant,POS
TXN_002258,CUST_0471,2026-02-15 13:07:00,38.78,Entertainment,POS
TXN_002259,CUST_0319,2026-01-22 11:16:00,16.97,Entertainment,ATM
TXN_002260,CUST_0133,2026-01-17 03:39:00,84.97,Shopping,Online
TXN_002261,CUST_0336,2026-04-30 05:54:00,9.3,Healthcare,Online
TXN_002262,CUST_0242,2026-01-17 04:04:00,26.61,Entertainment,Online
TXN_002263,CUST_0338,2026-05-28 14:42:00,9.23,Travel,Online
TXN_002264,CUST_0131,2026-04-03 01:34:00,88.95,Grocery,Online
TXN_002265,CUST_0049,2026-02-16 19:16:00,23.12,Restaurant,Mobile
TXN_002266,CUST_0015,2026-02-09 09:31:00,44.8,Healthcare,Online
TXN_002267,CUST_0259,2026-06-16 05:14:00,62.87,Entertainment,Mobile
TXN_002268,CUST_0331,2026-05-17 02:24:00,148.01,Entertainment,Online
TXN_002269,CUST_0374,2026-01-27 15:39:00,172.68,Utilities,Online
TXN_002270,CUST_0217,2026-06-04 22:18:00,32.49,Electronics,POS
TXN_002271,CUST_0105,2026-01-15 19:00:00,9.82,Grocery,POS
TXN_002272,CUST_0437,2026-05-14 01:54:00,31.75,Grocery,POS
TXN_002273,CUST_0446,2026-05-14 21:02:00,42.06,Restaurant,Online
TXN_002274,CUST_0174,2026-04-27 15:55:00,31.42,Entertainment,Online
TXN_002275,CUST_0107,2026-06-22 11:13:00,41.86,Restaurant,Online
TXN_002276,CUST_0096,2026-03-25 20:09:00,34.46,Entertainment,Online
TXN_002277,CUST_0231,2026-01-28 07:28:00,10.31,Restaurant,Online
TXN_002278,CUST_0166,2026-03-02 06:58:00,2.78,Electronics,ATM
TXN_002279,CUST_0107,2026-02-04 05:02:00,62.85,Shopping,POS
TXN_002280,CUST_0090,2026-04-29 21:51:00,35.87,Shopping,POS
TXN_002281,CUST_0101,2026-06-20 20:52:00,272.23,Grocery,POS
TXN_002282,CUST_0304,2026-03-14 16:57:00,207.74,Healthcare,POS
TXN_002283,CUST_0140,2026-06-20 00:13:00,111.48,Restaurant,Online
TXN_002284,CUST_0226,2026-03-24 13:55:00,65.68,Restaurant,POS
TXN_002285,CUST_0448,2026-01-24 11:46:00,26.38,Restaurant,Mobile
TXN_002286,CUST_0467,2026-02-04 19:00:00,78.07,Utilities,Online
TXN_002287,CUST_0500,2026-01-23 05:29:00,30.19,Shopping,ATM
TXN_002288,CUST_0175,2026-03-02 20:18:00,34.12,Travel,POS
TXN_002289,CUST_0135,2026-04-12 10:35:00,33.08,Shopping,Mobile
TXN_002290,CUST_0147,2026-06-25 19:56:00,9.11,Entertainment,ATM
TXN_002291,CUST_0333,2026-03-18 01:25:00,164.55,Shopping,Online
TXN_002292,CUST_0375,2026-02-17 04:16:00,13.39,Entertainment,POS
TXN_002293,CUST_0300,2026-05-05 10:39:00,10.79,Grocery,Mobile
TXN_002294,CUST_0102,2026-04-24 20:27:00,3.21,Grocery,POS
TXN_002295,CUST_0165,2026-01-25 05:15:00,11.21,Entertainment,Mobile
TXN_002296,CUST_0482,2026-05-17 08:02:00,64.13,Restaurant,Mobile
TXN_002297,CUST_0362,2026-01-14 15:39:00,105.21,Travel,POS
TXN_002298,CUST_0172,2026-01-15 21:04:00,94.83,Travel,POS
TXN_002299,CUST_0244,2026-05-20 12:23:00,62.09,Shopping,Online
TXN_002300,CUST_0074,2026-01-25 00:19:00,10.55,Electronics,POS
TXN_002301,CUST_0328,2026-05-09 08:39:00,28.21,Restaurant,Online
TXN_002302,CUST_0013,2026-05-06 17:06:00,5.42,Entertainment,Online
TXN_002303,CUST_0023,2026-04-29 14:55:00,12.86,Entertainment,POS
TXN_002304,CUST_0308,2026-04-22 08:02:00,15.3,Travel,Online
TXN_002305,CUST_0249,2026-02-08 08:48:00,41.71,Entertainment,Online
TXN_002306,CUST_0334,2026-01-10 13:29:00,14.31,Travel,ATM
TXN_002307,CUST_0067,2026-02-25 09:42:00,16.12,Grocery,POS
TXN_002308,CUST_0047,2026-03-19 00:59:00,10.74,Utilities,POS
TXN_002309,CUST_0159,2026-05-08 04:56:00,58.68,Entertainment,Online
TXN_002310,CUST_0401,2026-01-05 14:30:00,60.1,Healthcare,Online
TXN_002311,CUST_0059,2026-06-08 16:15:00,4.02,Healthcare,Mobile
TXN_002312,CUST_0346,2026-05-20 12:55:00,126.38,Entertainment,Online
TXN_002313,CUST_0270,2026-05-05 20:04:00,13.45,Travel,Online
TXN_002314,CUST_0365,2026-02-16 11:51:00,22.05,Entertainment,POS
TXN_002315,CUST_0279,2026-04-13 12:41:00,190.74,Entertainment,Online
TXN_002316,CUST_0261,2026-03-26 12:21:00,32.09,Electronics,Online
TXN_002317,CUST_0250,2026-03-26 22:43:00,20.16,Electronics,Online
TXN_002318,CUST_0111,2026-06-22 20:44:00,183.86,Restaurant,Online
TXN_002319,CUST_0221,2026-04-20 18:29:00,15.14,Travel,Online
TXN_002320,CUST_0110,2026-06-07 03:33:00,77.72,Electronics,Mobile
TXN_002321,CUST_0014,2026-03-05 16:45:00,25.78,Electronics,Online
TXN_002322,CUST_0078,2026-03-15 19:23:00,24.1,Travel,POS
TXN_002323,CUST_0276,2026-06-21 16:06:00,5.51,Electronics,POS
TXN_002324,CUST_0477,2026-05-18 20:31:00,97.82,Electronics,ATM
TXN_002325,CUST_0216,2026-02-04 23:51:00,90.92,Entertainment,POS
TXN_002326,CUST_0481,2026-06-16 15:07:00,8.74,Entertainment,Online
TXN_002327,CUST_0184,2026-01-27 06:23:00,36.4,Healthcare,POS
TXN_002328,CUST_0333,2026-02-04 07:16:00,201.56,Entertainment,Mobile
TXN_002329,CUST_0305,2026-02-01 15:52:00,8.64,Travel,Online
TXN_002330,CUST_0194,2026-05-24 07:00:00,12.34,Electronics,Online
TXN_002331,CUST_0019,2026-01-27 08:04:00,42.42,Electronics,Online
TXN_002332,CUST_0177,2026-01-09 06:40:00,33.32,Utilities,POS
TXN_002333,CUST_0265,2026-04-23 00:18:00,29.58,Electronics,Online
TXN_002334,CUST_0447,2026-01-13 12:13:00,73.82,Travel,Online
TXN_002335,CUST_0455,2026-01-01 09:17:00,62.49,Utilities,POS
TXN_002336,CUST_0459,2026-03-10 20:23:00,20.2,Utilities,Mobile
TXN_002337,CUST_0003,2026-01-09 01:16:00,214.59,Restaurant,ATM
TXN_002338,CUST_0332,2026-06-24 13:26:00,20.76,Healthcare,Online
TXN_002339,CUST_0331,2026-04-03 20:46:00,10.27,Healthcare,Online
TXN_002340,CUST_0479,2026-06-24 15:40:00,40.59,Entertainment,Mobile
TXN_002341,CUST_0362,2026-06-22 12:27:00,4.13,Electronics,Mobile
TXN_002342,CUST_0217,2026-03-06 05:19:00,64.86,Healthcare,POS
TXN_002343,CUST_0196,2026-06-19 09:42:00,10.23,Electronics,POS
TXN_002344,CUST_0372,2026-01-07 12:55:00,22.71,Grocery,POS
TXN_002345,CUST_0334,2026-05-22 23:08:00,34.56,Travel,POS
TXN_002346,CUST_0126,2026-04-08 17:21:00,66.29,Shopping,Online
TXN_002347,CUST_0371,2026-02-21 14:00:00,97.3,Entertainment,POS
TXN_002348,CUST_0486,2026-03-28 14:46:00,36.28,Restaurant,POS
TXN_002349,CUST_0360,2026-06-16 11:10:00,147.33,Travel,POS
TXN_002350,CUST_0315,2026-02-19 10:00:00,64.06,Entertainment,POS
TXN_002351,CUST_0166,2026-05-07 11:55:00,100.5,Utilities,ATM
TXN_002352,CUST_0141,2026-01-05 04:21:00,44.5,Travel,Mobile
TXN_002353,CUST_0063,2026-05-03 02:04:00,21.12,Travel,Online
TXN_002354,CUST_0008,2026-06-10 20:59:00,22.76,Electronics,POS
TXN_002355,CUST_0463,2026-03-28 11:01:00,88.03,Entertainment,Mobile
TXN_002356,CUST_0133,2026-06-19 14:17:00,18.45,Healthcare,ATM
TXN_002357,CUST_0084,2026-04-19 21:57:00,16.38,Healthcare,Online
TXN_002358,CUST_0293,2026-01-27 10:17:00,7.09,Entertainment,Online
TXN_002359,CUST_0086,2026-02-20 20:30:00,45.99,Healthcare,Mobile
TXN_002360,CUST_0223,2026-05-24 19:37:00,95.31,Shopping,POS
TXN_002361,CUST_0437,2026-02-09 10:55:00,233.48,Entertainment,POS
TXN_002362,CUST_0166,2026-06-03 13:04:00,65.82,Utilities,Online
TXN_002363,CUST_0068,2026-02-23 12:48:00,7.01,Utilities,Online
TXN_002364,CUST_0489,2026-04-17 15:17:00,64.45,Travel,Online
TXN_002365,CUST_0077,2026-03-21 21:43:00,8.4,Shopping,Mobile
TXN_002366,CUST_0208,2026-04-21 18:07:00,107.76,Restaurant,POS
TXN_002367,CUST_0012,2026-01-28 23:48:00,13.01,Travel,POS
TXN_002368,CUST_0273,2026-05-09 11:30:00,145.6,Shopping,Online
TXN_002369,CUST_0064,2026-05-13 05:08:00,24.31,Electronics,Online
TXN_002370,CUST_0341,2026-02-12 22:36:00,4.04,Entertainment,ATM
TXN_002371,CUST_0180,2026-05-08 16:37:00,194.29,Grocery,Mobile
TXN_002372,CUST_0017,2026-05-11 12:03:00,40.43,Electronics,Online
TXN_002373,CUST_0457,2026-04-04 06:08:00,498.1,Utilities,ATM
TXN_002374,CUST_0057,2026-04-27 19:24:00,31.07,Shopping,Online
TXN_002375,CUST_0494,2026-02-09 03:47:00,9.41,Shopping,Online
TXN_002376,CUST_0084,2026-01-01 00:56:00,79.77,Shopping,POS
TXN_002377,CUST_0226,2026-06-18 07:34:00,12.44,Healthcare,Online
TXN_002378,CUST_0178,2026-01-24 06:45:00,38.99,Travel,Mobile
TXN_002379,CUST_0019,2026-04-14 23:49:00,27.91,Entertainment,POS
TXN_002380,CUST_0081,2026-05-20 17:45:00,115.28,Utilities,Mobile
TXN_002381,CUST_0321,2026-02-04 06:03:00,21.42,Utilities,POS
TXN_002382,CUST_0265,2026-04-22 23:16:00,14.28,Shopping,POS
TXN_002383,CUST_0350,2026-01-26 08:54:00,39.25,Electronics,Mobile
TXN_002384,CUST_0363,2026-04-27 00:39:00,32.35,Restaurant,Mobile
TXN_002385,CUST_0119,2026-02-20 21:17:00,12.97,Electronics,Online
TXN_002386,CUST_0046,2026-02-16 20:30:00,8.44,Healthcare,POS
TXN_002387,CUST_0053,2026-04-22 06:30:00,60.12,Electronics,POS
TXN_002388,CUST_0326,2026-01-24 04:27:00,71.45,Restaurant,Online
TXN_002389,CUST_0303,2026-02-20 05:56:00,87.23,Grocery,Mobile
TXN_002390,CUST_0427,2026-02-28 18:31:00,22.95,Utilities,POS
TXN_002391,CUST_0455,2026-04-20 01:28:00,40.13,Healthcare,Mobile
TXN_002392,CUST_0141,2026-01-09 11:24:00,201.05,Healthcare,Mobile
TXN_002393,CUST_0370,2026-06-09 23:08:00,22.65,Entertainment,Online
TXN_002394,CUST_0118,2026-06-09 19:30:00,163.75,Entertainment,Mobile
TXN_002395,CUST_0021,2026-02-17 09:27:00,22.58,Entertainment,POS
TXN_002396,CUST_0360,2026-04-28 18:27:00,29.97,Healthcare,Online
TXN_002397,CUST_0188,2026-04-12 01:06:00,156.82,Utilities,Mobile
TXN_002398,CUST_0167,2026-04-03 09:51:00,37.06,Restaurant,Online
TXN_002399,CUST_0002,2026-01-04 14:52:00,24.78,Travel,ATM
TXN_002400,CUST_0268,2026-02-07 09:51:00,1.98,Healthcare,Online
TXN_002401,CUST_0321,2026-03-02 21:27:00,91.84,Travel,ATM
TXN_002402,CUST_0055,2026-03-13 06:52:00,250.03,Travel,Online
TXN_002403,CUST_0222,2026-04-05 00:12:00,89.55,Electronics,POS
TXN_002404,CUST_0267,2026-06-07 00:57:00,27.44,Restaurant,POS
TXN_002405,CUST_0248,2026-06-18 15:41:00,225.78,Utilities,Online
TXN_002406,CUST_0412,2026-05-07 08:22:00,47.25,Grocery,Mobile
TXN_002407,CUST_0242,2026-01-25 16:57:00,18.81,Electronics,POS
TXN_002408,CUST_0362,2026-05-06 12:36:00,108.23,Entertainment,Online
TXN_002409,CUST_0152,2026-02-20 13:48:00,10.84,Utilities,POS
TXN_002410,CUST_0258,2026-06-02 19:53:00,211.16,Restaurant,Mobile
TXN_002411,CUST_0236,2026-04-21 19:22:00,101.52,Travel,Online
TXN_002412,CUST_0125,2026-02-22 18:32:00,53.13,Restaurant,Online
TXN_002413,CUST_0305,2026-01-15 09:54:00,46.52,Utilities,POS
TXN_002414,CUST_0206,2026-03-27 22:26:00,7.02,Electronics,Online
TXN_002415,CUST_0093,2026-05-09 13:40:00,43.63,Electronics,Online
TXN_002416,CUST_0484,2026-03-01 00:55:00,5.69,Healthcare,POS
TXN_002417,CUST_0028,2026-05-24 10:33:00,59.91,Travel,Online
TXN_002418,CUST_0399,2026-03-14 10:52:00,123.61,Shopping,ATM
TXN_002419,CUST_0432,2026-01-21 20:13:00,22.3,Electronics,Mobile
TXN_002420,CUST_0120,2026-04-27 13:28:00,21.92,Shopping,Online
TXN_002421,CUST_0333,2026-03-31 16:37:00,6202.8,Restaurant,Mobile
TXN_002422,CUST_0155,2026-02-20 01:55:00,8.19,Electronics,Mobile
TXN_002423,CUST_0176,2026-02-23 04:19:00,67.98,Healthcare,Mobile
TXN_002424,CUST_0398,2026-05-17 23:30:00,204.34,Electronics,POS
TXN_002425,CUST_0369,2026-02-03 05:22:00,33.19,Utilities,ATM
TXN_002426,CUST_0460,2026-04-18 00:08:00,14.69,Utilities,ATM
TXN_002427,CUST_0417,2026-04-21 04:53:00,28.58,Electronics,POS
TXN_002428,CUST_0024,2026-06-22 04:55:00,17.17,Shopping,ATM
TXN_002429,CUST_0438,2026-06-07 03:22:00,79.28,Electronics,Mobile
TXN_002430,CUST_0147,2026-05-11 12:53:00,374.73,Shopping,POS
TXN_002431,CUST_0256,2026-02-18 09:55:00,139.27,Restaurant,Online
TXN_002432,CUST_0156,2026-06-02 02:49:00,16.38,Healthcare,POS
TXN_002433,CUST_0472,2026-02-15 23:22:00,30.54,Shopping,Online
TXN_002434,CUST_0277,2026-06-10 17:16:00,32.38,Travel,Online
TXN_002435,CUST_0342,2026-04-24 21:18:00,97.05,Entertainment,Online
TXN_002436,CUST_0444,2026-04-30 07:16:00,94.38,Entertainment,POS
TXN_002437,CUST_0014,2026-04-19 03:58:00,28.34,Travel,Mobile
TXN_002438,CUST_0124,2026-02-04 22:10:00,31.02,Entertainment,Mobile
TXN_002439,CUST_0090,2026-05-07 20:03:00,17.1,Grocery,Online
TXN_002440,CUST_0215,2026-02-05 17:38:00,19.79,Entertainment,POS
TXN_002441,CUST_0266,2026-04-17 10:23:00,104.56,Electronics,Mobile
TXN_002442,CUST_0133,2026-06-13 05:01:00,54.23,Entertainment,Online
TXN_002443,CUST_0050,2026-02-04 17:17:00,41.43,Healthcare,Online
TXN_002444,CUST_0357,2026-01-02 09:39:00,4.73,Electronics,Online
TXN_002445,CUST_0048,2026-02-11 13:55:00,21.71,Utilities,Mobile
TXN_002446,CUST_0038,2026-06-07 14:16:00,34.35,Entertainment,Mobile
TXN_002447,CUST_0048,2026-02-03 02:31:00,53.23,Utilities,POS
TXN_002448,CUST_0042,2026-05-10 16:44:00,67.19,Healthcare,Online
TXN_002449,CUST_0174,2026-03-13 10:00:00,391.27,Electronics,ATM
TXN_002450,CUST_0069,2026-03-13 03:46:00,11.06,Entertainment,Online
TXN_002451,CUST_0304,2026-05-26 20:20:00,16.87,Shopping,POS
TXN_002452,CUST_0190,2026-01-02 15:29:00,74.71,Electronics,Mobile
TXN_002453,CUST_0396,2026-01-25 09:09:00,25.69,Travel,Online
TXN_002454,CUST_0096,2026-02-18 22:01:00,84.86,Shopping,POS
TXN_002455,CUST_0180,2026-04-17 06:18:00,27.89,Healthcare,POS
TXN_002456,CUST_0429,2026-01-20 06:18:00,408.54,Shopping,Online
TXN_002457,CUST_0342,2026-04-30 21:04:00,44.51,Shopping,Online
TXN_002458,CUST_0464,2026-03-23 23:45:00,33.09,Utilities,Mobile
TXN_002459,CUST_0142,2026-04-27 07:06:00,25.18,Healthcare,Mobile
TXN_002460,CUST_0347,2026-04-23 03:48:00,66.38,Entertainment,Online
TXN_002461,CUST_0389,2026-04-06 17:17:00,14.8,Utilities,Online
TXN_002462,CUST_0427,2026-06-05 07:54:00,57.34,Travel,POS
TXN_002463,CUST_0089,2026-03-07 20:19:00,3.25,Electronics,ATM
TXN_002464,CUST_0480,2026-06-17 23:49:00,19.05,Grocery,Online
TXN_002465,CUST_0144,2026-06-17 06:56:00,126.13,Electronics,Mobile
TXN_002466,CUST_0346,2026-04-06 20:56:00,4.25,Travel,Mobile
TXN_002467,CUST_0444,2026-01-07 07:54:00,9.61,Restaurant,POS
TXN_002468,CUST_0423,2026-01-23 15:16:00,46.14,Shopping,POS
TXN_002469,CUST_0152,2026-01-20 23:27:00,57.04,Entertainment,Mobile
TXN_002470,CUST_0476,2026-03-17 09:45:00,56.41,Electronics,POS
TXN_002471,CUST_0367,2026-04-07 03:29:00,569.82,Shopping,POS
TXN_002472,CUST_0237,2026-04-27 16:50:00,24.31,Travel,Online
TXN_002473,CUST_0155,2026-05-11 21:22:00,19.99,Healthcare,ATM
TXN_002474,CUST_0493,2026-01-28 21:08:00,37.63,Restaurant,Online
TXN_002475,CUST_0181,2026-05-01 07:49:00,2556.3,Grocery,Mobile
TXN_002476,CUST_0359,2026-01-13 00:53:00,60.15,Grocery,Mobile
TXN_002477,CUST_0369,2026-06-23 05:14:00,35.79,Shopping,POS
TXN_002478,CUST_0259,2026-06-15 14:54:00,11.19,Travel,Online
TXN_002479,CUST_0138,2026-03-31 03:04:00,25.48,Healthcare,POS
TXN_002480,CUST_0310,2026-05-11 12:32:00,29.39,Grocery,Online
TXN_002481,CUST_0490,2026-01-01 00:15:00,62.28,Entertainment,POS
TXN_002482,CUST_0094,2026-03-27 04:54:00,24.29,Utilities,Mobile
TXN_002483,CUST_0133,2026-05-12 03:09:00,55.67,Electronics,POS
TXN_002484,CUST_0025,2026-04-05 08:52:00,9.17,Entertainment,ATM
TXN_002485,CUST_0156,2026-03-23 18:14:00,16.76,Entertainment,Mobile
TXN_002486,CUST_0427,2026-05-17 05:09:00,36.26,Grocery,POS
TXN_002487,CUST_0209,2026-06-03 03:33:00,55.19,Travel,Online
TXN_002488,CUST_0438,2026-01-28 17:41:00,6.75,Electronics,POS
TXN_002489,CUST_0418,2026-02-12 21:02:00,23.25,Utilities,POS
TXN_002490,CUST_0044,2026-02-03 05:37:00,39.49,Grocery,POS
TXN_002491,CUST_0181,2026-02-02 02:29:00,49.01,Electronics,POS
TXN_002492,CUST_0016,2026-04-22 02:36:00,20.75,Shopping,POS
TXN_002493,CUST_0060,2026-04-21 14:22:00,87.83,Shopping,POS
TXN_002494,CUST_0498,2026-05-20 18:11:00,55.67,Restaurant,POS
TXN_002495,CUST_0449,2026-01-22 18:26:00,5.73,Grocery,ATM
TXN_002496,CUST_0301,2026-05-01 08:12:00,3.63,Travel,Online
TXN_002497,CUST_0023,2026-02-17 23:50:00,103.99,Electronics,Mobile
TXN_002498,CUST_0444,2026-01-11 22:28:00,13.05,Utilities,POS
TXN_002499,CUST_0208,2026-06-24 08:14:00,16.01,Restaurant,Online
TXN_002500,CUST_0451,2026-04-07 22:32:00,27.7,Electronics,Online
TXN_002501,CUST_0461,2026-04-22 18:46:00,21.47,Healthcare,Online
TXN_002502,CUST_0500,2026-03-30 18:43:00,43.75,Electronics,POS
TXN_002503,CUST_0276,2026-01-30 16:29:00,29.26,Utilities,Mobile
TXN_002504,CUST_0453,2026-02-25 00:33:00,22.81,Grocery,POS
TXN_002505,CUST_0107,2026-05-19 19:28:00,185.99,Electronics,ATM
TXN_002506,CUST_0165,2026-03-05 15:34:00,37.41,Utilities,POS
TXN_002507,CUST_0078,2026-05-28 16:10:00,7.16,Entertainment,Online
TXN_002508,CUST_0077,2026-04-13 07:26:00,72.83,Electronics,Online
TXN_002509,CUST_0209,2026-03-13 19:13:00,10.2,Restaurant,POS
TXN_002510,CUST_0465,2026-02-05 04:25:00,52.91,Utilities,POS
TXN_002511,CUST_0269,2026-04-03 05:45:00,61.01,Shopping,Online
TXN_002512,CUST_0348,2026-05-03 10:03:00,38.61,Entertainment,Mobile
TXN_002513,CUST_0002,2026-06-01 03:54:00,91.46,Electronics,Online
TXN_002514,CUST_0329,2026-04-20 11:50:00,22.12,Utilities,Mobile
TXN_002515,CUST_0304,2026-05-14 03:07:00,9.49,Electronics,Online
TXN_002516,CUST_0172,2026-01-01 20:14:00,48.02,Utilities,Online
TXN_002517,CUST_0389,2026-06-13 21:14:00,60.94,Healthcare,Mobile
TXN_002518,CUST_0146,2026-02-12 00:01:00,31.82,Restaurant,POS
TXN_002519,CUST_0005,2026-02-09 06:11:00,227.89,Entertainment,Mobile
TXN_002520,CUST_0008,2026-04-03 21:40:00,34.69,Grocery,POS
TXN_002521,CUST_0350,2026-01-01 22:59:00,7.2,Grocery,POS
TXN_002522,CUST_0168,2026-06-19 07:45:00,10.44,Grocery,Mobile
TXN_002523,CUST_0385,2026-05-29 13:34:00,28.78,Utilities,Mobile
TXN_002524,CUST_0209,2026-06-10 20:09:00,19.59,Utilities,Online
TXN_002525,CUST_0062,2026-04-19 01:16:00,47.61,Grocery,Online
TXN_002526,CUST_0018,2026-06-04 17:27:00,5.92,Restaurant,Mobile
TXN_002527,CUST_0027,2026-03-14 22:25:00,5.84,Electronics,POS
TXN_002528,CUST_0168,2026-04-22 12:32:00,10.78,Utilities,Mobile
TXN_002529,CUST_0358,2026-05-15 07:37:00,15.88,Restaurant,Online
TXN_002530,CUST_0376,2026-01-24 11:20:00,8.17,Shopping,POS
TXN_002531,CUST_0196,2026-02-09 01:12:00,17.98,Restaurant,POS
TXN_002532,CUST_0389,2026-04-30 03:30:00,54.92,Healthcare,Mobile
TXN_002533,CUST_0052,2026-05-15 22:12:00,64.23,Grocery,POS
TXN_002534,CUST_0284,2026-03-08 06:24:00,14.54,Healthcare,Online
TXN_002535,CUST_0418,2026-05-20 22:15:00,50.47,Utilities,Online
TXN_002536,CUST_0039,2026-04-03 00:46:00,74.27,Travel,POS
TXN_002537,CUST_0115,2026-05-26 14:42:00,140.74,Shopping,POS
TXN_002538,CUST_0398,2026-04-20 18:34:00,17.1,Electronics,Mobile
TXN_002539,CUST_0324,2026-01-15 06:25:00,11.19,Entertainment,POS
TXN_002540,CUST_0331,2026-01-10 15:30:00,23.02,Entertainment,Online
TXN_002541,CUST_0453,2026-02-19 23:35:00,22.75,Electronics,Online
TXN_002542,CUST_0202,2026-05-14 12:21:00,31.54,Restaurant,Online
TXN_002543,CUST_0194,2026-03-24 15:24:00,99.23,Grocery,ATM
TXN_002544,CUST_0053,2026-04-01 13:59:00,64.68,Entertainment,Online
TXN_002545,CUST_0076,2026-03-21 01:18:00,14.83,Entertainment,ATM
TXN_002546,CUST_0234,2026-02-09 02:33:00,15.93,Entertainment,Online
TXN_002547,CUST_0451,2026-04-03 08:34:00,42.38,Restaurant,Mobile
TXN_002548,CUST_0233,2026-04-17 19:25:00,121.41,Electronics,Online
TXN_002549,CUST_0426,2026-04-25 04:34:00,86.95,Shopping,POS
TXN_002550,CUST_0333,2026-02-21 05:08:00,66.98,Shopping,Online
TXN_002551,CUST_0228,2026-05-27 01:23:00,908.4,Utilities,POS
TXN_002552,CUST_0050,2026-05-29 03:28:00,36.88,Healthcare,POS
TXN_002553,CUST_0132,2026-02-12 15:21:00,85.23,Entertainment,ATM
TXN_002554,CUST_0466,2026-05-14 14:26:00,19.06,Electronics,Online
TXN_002555,CUST_0385,2026-01-21 21:45:00,4.25,Restaurant,Mobile
TXN_002556,CUST_0003,2026-04-10 07:31:00,10.17,Shopping,Online
TXN_002557,CUST_0307,2026-03-07 20:35:00,130.62,Grocery,Online
TXN_002558,CUST_0052,2026-04-24 01:32:00,38.17,Electronics,Mobile
TXN_002559,CUST_0142,2026-01-27 17:25:00,4.26,Entertainment,Online
TXN_002560,CUST_0137,2026-05-30 18:15:00,16.74,Grocery,Online
TXN_002561,CUST_0186,2026-04-12 04:54:00,26.72,Entertainment,Mobile
TXN_002562,CUST_0356,2026-01-26 06:05:00,0.9,Grocery,Mobile
TXN_002563,CUST_0237,2026-02-11 00:36:00,199.88,Entertainment,Online
TXN_002564,CUST_0378,2026-02-16 19:04:00,24.14,Travel,Mobile
TXN_002565,CUST_0026,2026-05-12 22:54:00,26.21,Travel,Online
TXN_002566,CUST_0236,2026-04-27 12:53:00,27.22,Electronics,Mobile
TXN_002567,CUST_0275,2026-04-05 20:18:00,165.32,Entertainment,POS
TXN_002568,CUST_0126,2026-02-23 13:23:00,81.66,Healthcare,Online
TXN_002569,CUST_0204,2026-04-28 04:47:00,51.67,Electronics,POS
TXN_002570,CUST_0182,2026-03-21 10:20:00,77.53,Utilities,Online
TXN_002571,CUST_0361,2026-04-16 16:25:00,27.24,Travel,Online
TXN_002572,CUST_0044,2026-03-01 03:55:00,57.19,Shopping,Online
TXN_002573,CUST_0467,2026-01-06 23:04:00,46.19,Grocery,Online
TXN_002574,CUST_0140,2026-05-31 14:57:00,8.73,Healthcare,ATM
TXN_002575,CUST_0331,2026-05-09 15:34:00,58.98,Utilities,Mobile
TXN_002576,CUST_0355,2026-06-17 04:26:00,9.69,Electronics,Mobile
TXN_002577,CUST_0290,2026-05-22 17:11:00,24.54,Shopping,POS
TXN_002578,CUST_0398,2026-06-04 15:55:00,9.62,Healthcare,Online
TXN_002579,CUST_0379,2026-03-26 13:07:00,30.55,Grocery,POS
TXN_002580,CUST_0105,2026-04-06 23:03:00,19.26,Travel,POS
TXN_002581,CUST_0288,2026-06-10 09:01:00,53.07,Electronics,Online
TXN_002582,CUST_0084,2026-02-16 05:15:00,143.52,Utilities,Mobile
TXN_002583,CUST_0249,2026-06-22 05:49:00,14.3,Grocery,Mobile
TXN_002584,CUST_0152,2026-06-15 03:04:00,22.25,Travel,POS
TXN_002585,CUST_0196,2026-06-11 04:51:00,5.68,Healthcare,POS
TXN_002586,CUST_0498,2026-01-16 06:47:00,17.47,Shopping,Online
TXN_002587,CUST_0142,2026-06-26 01:06:00,65.25,Healthcare,POS
TXN_002588,CUST_0090,2026-03-16 17:18:00,22.85,Travel,Online
TXN_002589,CUST_0096,2026-03-30 10:58:00,65.85,Utilities,Online
TXN_002590,CUST_0157,2026-05-01 11:37:00,50.39,Travel,Mobile
TXN_002591,CUST_0172,2026-03-22 10:14:00,6.29,Restaurant,POS
TXN_002592,CUST_0284,2026-05-01 08:53:00,9.49,Grocery,POS
TXN_002593,CUST_0373,2026-04-26 05:38:00,18.49,Electronics,Mobile
TXN_002594,CUST_0079,2026-05-12 23:37:00,109.05,Restaurant,POS
TXN_002595,CUST_0063,2026-05-24 09:58:00,26.37,Grocery,Online
TXN_002596,CUST_0243,2026-02-19 02:46:00,12.94,Grocery,POS
TXN_002597,CUST_0457,2026-04-15 14:57:00,96.84,Utilities,Mobile
TXN_002598,CUST_0456,2026-04-14 01:41:00,41.21,Healthcare,Online
TXN_002599,CUST_0485,2026-06-11 00:57:00,35.65,Grocery,POS
TXN_002600,CUST_0382,2026-03-25 15:41:00,109.24,Healthcare,Online
TXN_002601,CUST_0037,2026-01-21 13:25:00,19.12,Restaurant,Mobile
TXN_002602,CUST_0288,2026-01-04 21:00:00,14.36,Utilities,POS
TXN_002603,CUST_0215,2026-05-31 20:45:00,28.2,Grocery,Mobile
TXN_002604,CUST_0465,2026-04-12 10:06:00,19.01,Electronics,POS
TXN_002605,CUST_0214,2026-02-09 11:59:00,1021.65,Travel,Online
TXN_002606,CUST_0087,2026-05-06 09:17:00,45.58,Electronics,Mobile
TXN_002607,CUST_0440,2026-06-01 12:28:00,60.28,Electronics,Mobile
TXN_002608,CUST_0442,2026-06-01 20:11:00,77.74,Entertainment,POS
TXN_002609,CUST_0361,2026-03-18 19:43:00,11.99,Entertainment,ATM
TXN_002610,CUST_0486,2026-06-22 07:17:00,22.93,Shopping,Mobile
TXN_002611,CUST_0372,2026-05-10 21:17:00,62.93,Utilities,Mobile
TXN_002612,CUST_0249,2026-03-06 08:53:00,25.27,Restaurant,ATM
TXN_002613,CUST_0108,2026-03-15 03:12:00,6.17,Entertainment,Online
TXN_002614,CUST_0253,2026-06-09 10:42:00,20.09,Grocery,POS
TXN_002615,CUST_0016,2026-04-07 18:23:00,17.28,Utilities,POS
TXN_002616,CUST_0039,2026-05-24 04:00:00,23.89,Electronics,Mobile
TXN_002617,CUST_0396,2026-04-07 01:07:00,9.36,Healthcare,POS
TXN_002618,CUST_0182,2026-03-13 09:05:00,87.18,Restaurant,POS
TXN_002619,CUST_0249,2026-04-18 06:33:00,258.32,Healthcare,POS
TXN_002620,CUST_0092,2026-05-18 20:41:00,38.39,Electronics,Online
TXN_002621,CUST_0202,2026-05-17 18:25:00,71.05,Travel,ATM
TXN_002622,CUST_0433,2026-06-05 18:41:00,107.15,Shopping,POS
TXN_002623,CUST_0280,2026-03-03 19:45:00,557.92,Entertainment,POS
TXN_002624,CUST_0317,2026-04-26 06:02:00,23.24,Utilities,Online
TXN_002625,CUST_0202,2026-01-15 08:01:00,30.3,Travel,POS
TXN_002626,CUST_0245,2026-04-19 09:58:00,16.63,Utilities,ATM
TXN_002627,CUST_0019,2026-05-06 18:56:00,106.77,Travel,POS
TXN_002628,CUST_0147,2026-04-03 00:31:00,6.33,Utilities,POS
TXN_002629,CUST_0175,2026-03-18 08:14:00,26.91,Utilities,ATM
TXN_002630,CUST_0029,2026-06-02 03:28:00,124.13,Utilities,Online
TXN_002631,CUST_0014,2026-03-18 16:49:00,8.67,Healthcare,Mobile
TXN_002632,CUST_0037,2026-01-02 20:42:00,20.38,Electronics,POS
TXN_002633,CUST_0083,2026-02-20 12:05:00,116.18,Electronics,Mobile
TXN_002634,CUST_0132,2026-02-14 18:02:00,65.81,Grocery,ATM
TXN_002635,CUST_0418,2026-01-01 04:04:00,23.62,Utilities,POS
TXN_002636,CUST_0021,2026-05-04 07:21:00,33.19,Utilities,Online
TXN_002637,CUST_0475,2026-01-08 02:36:00,44.73,Utilities,Online
TXN_002638,CUST_0241,2026-03-18 12:28:00,71.35,Shopping,Mobile
TXN_002639,CUST_0256,2026-04-11 18:27:00,9.43,Shopping,Online
TXN_002640,CUST_0286,2026-02-28 10:36:00,120.21,Entertainment,Online
TXN_002641,CUST_0081,2026-06-03 23:38:00,22.55,Restaurant,POS
TXN_002642,CUST_0187,2026-03-24 01:38:00,20.05,Utilities,Online
TXN_002643,CUST_0039,2026-01-23 22:43:00,27.81,Entertainment,POS
TXN_002644,CUST_0152,2026-06-08 07:08:00,129.05,Travel,POS
TXN_002645,CUST_0126,2026-05-05 21:37:00,38.44,Grocery,POS
TXN_002646,CUST_0252,2026-05-06 04:55:00,153.26,Healthcare,POS
TXN_002647,CUST_0219,2026-05-29 15:15:00,49.98,Utilities,Mobile
TXN_002648,CUST_0066,2026-01-08 05:06:00,12.92,Shopping,Mobile
TXN_002649,CUST_0429,2026-04-21 00:50:00,55.09,Utilities,Online
TXN_002650,CUST_0439,2026-02-16 01:30:00,104.99,Healthcare,Online
TXN_002651,CUST_0263,2026-03-08 04:46:00,128.0,Healthcare,Mobile
TXN_002652,CUST_0142,2026-05-25 07:41:00,270.27,Utilities,POS
TXN_002653,CUST_0081,2026-05-28 05:26:00,147.2,Grocery,POS
TXN_002654,CUST_0436,2026-03-23 00:40:00,20.44,Electronics,POS
TXN_002655,CUST_0283,2026-05-02 22:40:00,22.09,Restaurant,Online
TXN_002656,CUST_0049,2026-05-30 09:55:00,102.8,Travel,Online
TXN_002657,CUST_0023,2026-03-09 15:47:00,39.78,Grocery,Online
TXN_002658,CUST_0342,2026-01-01 18:48:00,34.63,Healthcare,Online
TXN_002659,CUST_0163,2026-01-16 02:05:00,13.08,Grocery,POS
TXN_002660,CUST_0343,2026-01-15 06:37:00,20.0,Healthcare,POS
TXN_002661,CUST_0322,2026-02-22 23:29:00,14.9,Electronics,Online
TXN_002662,CUST_0353,2026-03-17 22:47:00,41.33,Electronics,Mobile
TXN_002663,CUST_0363,2026-05-24 12:15:00,110.97,Utilities,POS
TXN_002664,CUST_0071,2026-05-12 20:24:00,32.32,Restaurant,Online
TXN_002665,CUST_0375,2026-06-07 00:55:00,18.95,Travel,POS
TXN_002666,CUST_0084,2026-03-12 23:51:00,31.56,Utilities,POS
TXN_002667,CUST_0007,2026-04-02 15:40:00,32.04,Healthcare,Mobile
TXN_002668,CUST_0349,2026-06-01 10:03:00,20.01,Travel,Mobile
TXN_002669,CUST_0178,2026-01-08 07:34:00,104.8,Travel,POS
TXN_002670,CUST_0271,2026-03-01 18:27:00,35.24,Entertainment,Online
TXN_002671,CUST_0216,2026-05-10 19:14:00,22.71,Travel,POS
TXN_002672,CUST_0401,2026-01-10 02:27:00,127.08,Grocery,Mobile
TXN_002673,CUST_0477,2026-03-01 13:11:00,19.74,Electronics,POS
TXN_002674,CUST_0383,2026-02-25 00:32:00,343.88,Grocery,POS
TXN_002675,CUST_0322,2026-02-08 08:40:00,1.44,Restaurant,Online
TXN_002676,CUST_0457,2026-01-16 10:22:00,28.88,Entertainment,Online
TXN_002677,CUST_0435,2026-04-09 02:55:00,227.15,Electronics,POS
TXN_002678,CUST_0039,2026-05-13 08:38:00,10.99,Restaurant,POS
TXN_002679,CUST_0374,2026-06-17 16:31:00,30.45,Shopping,Online
TXN_002680,CUST_0095,2026-03-30 23:45:00,315.46,Grocery,Online
TXN_002681,CUST_0405,2026-03-25 13:08:00,25.52,Shopping,Mobile
TXN_002682,CUST_0085,2026-01-08 13:06:00,47.97,Shopping,Online
TXN_002683,CUST_0306,2026-04-19 03:59:00,9.09,Travel,Mobile
TXN_002684,CUST_0453,2026-04-26 07:06:00,36.01,Travel,Online
TXN_002685,CUST_0336,2026-03-21 02:46:00,41.47,Utilities,POS
TXN_002686,CUST_0322,2026-01-13 09:58:00,35.2,Utilities,ATM
TXN_002687,CUST_0157,2026-02-08 02:22:00,7.37,Grocery,Mobile
TXN_002688,CUST_0023,2026-01-15 05:11:00,89.63,Restaurant,Mobile
TXN_002689,CUST_0477,2026-03-12 23:28:00,202.41,Shopping,POS
TXN_002690,CUST_0108,2026-04-13 14:28:00,49.37,Travel,POS
TXN_002691,CUST_0072,2026-05-13 13:31:00,30.49,Utilities,ATM
TXN_002692,CUST_0083,2026-06-19 06:56:00,103.15,Entertainment,Online
TXN_002693,CUST_0281,2026-05-17 14:34:00,47.13,Entertainment,POS
TXN_002694,CUST_0036,2026-01-16 01:02:00,5.89,Shopping,Online
TXN_002695,CUST_0265,2026-03-18 16:01:00,51.44,Entertainment,Mobile
TXN_002696,CUST_0498,2026-03-06 04:04:00,19.67,Entertainment,Online
TXN_002697,CUST_0300,2026-06-08 03:41:00,64.1,Restaurant,Online
TXN_002698,CUST_0278,2026-02-21 17:14:00,28.58,Utilities,Mobile
TXN_002699,CUST_0081,2026-03-26 20:21:00,104.95,Grocery,Mobile
TXN_002700,CUST_0148,2026-06-23 22:28:00,105.91,Shopping,ATM
TXN_002701,CUST_0105,2026-03-07 06:33:00,28.35,Utilities,POS
TXN_002702,CUST_0339,2026-01-15 19:52:00,20.17,Entertainment,Mobile
TXN_002703,CUST_0155,2026-05-31 09:36:00,36.42,Grocery,Mobile
TXN_002704,CUST_0348,2026-04-18 23:10:00,19.72,Electronics,POS
TXN_002705,CUST_0183,2026-02-05 23:18:00,13.61,Utilities,POS
TXN_002706,CUST_0267,2026-01-21 20:28:00,28.23,Healthcare,Online
TXN_002707,CUST_0268,2026-01-03 20:43:00,97.14,Healthcare,Mobile
TXN_002708,CUST_0220,2026-02-28 11:58:00,20.3,Utilities,Online
TXN_002709,CUST_0224,2026-04-28 04:49:00,17.8,Utilities,ATM
TXN_002710,CUST_0317,2026-04-08 15:14:00,78.29,Utilities,Online
TXN_002711,CUST_0428,2026-02-20 04:00:00,6.15,Grocery,ATM
TXN_002712,CUST_0309,2026-05-10 23:19:00,16.66,Electronics,ATM
TXN_002713,CUST_0226,2026-05-19 08:21:00,14.73,Grocery,Online
TXN_002714,CUST_0309,2026-06-12 08:47:00,36.8,Grocery,Online
TXN_002715,CUST_0433,2026-01-18 16:25:00,52.72,Restaurant,Mobile
TXN_002716,CUST_0141,2026-04-16 20:02:00,5.33,Electronics,Online
TXN_002717,CUST_0111,2026-04-08 20:13:00,16.05,Restaurant,POS
TXN_002718,CUST_0057,2026-04-07 08:16:00,6.8,Restaurant,Mobile
TXN_002719,CUST_0098,2026-05-28 22:57:00,23.82,Electronics,POS
TXN_002720,CUST_0368,2026-01-20 04:03:00,51.97,Travel,Online
TXN_002721,CUST_0379,2026-05-29 16:37:00,27.77,Grocery,Online
TXN_002722,CUST_0374,2026-04-06 13:57:00,160.01,Restaurant,Mobile
TXN_002723,CUST_0452,2026-03-30 12:23:00,61.16,Shopping,ATM
TXN_002724,CUST_0161,2026-02-17 22:01:00,146.99,Grocery,Online
TXN_002725,CUST_0441,2026-04-15 14:19:00,9.01,Electronics,POS
TXN_002726,CUST_0255,2026-01-05 21:18:00,9.6,Grocery,POS
TXN_002727,CUST_0271,2026-01-24 13:48:00,42.62,Shopping,Online
TXN_002728,CUST_0388,2026-01-10 01:37:00,11.98,Restaurant,Mobile
TXN_002729,CUST_0145,2026-02-02 08:52:00,49.81,Utilities,Mobile
TXN_002730,CUST_0015,2026-03-06 14:12:00,82.82,Shopping,Mobile
TXN_002731,CUST_0341,2026-02-19 16:20:00,63.33,Healthcare,Mobile
TXN_002732,CUST_0402,2026-06-25 15:15:00,5.55,Entertainment,POS
TXN_002733,CUST_0226,2026-03-01 00:23:00,34.35,Electronics,POS
TXN_002734,CUST_0224,2026-03-23 02:19:00,178.77,Electronics,Online
TXN_002735,CUST_0185,2026-05-20 04:01:00,22.23,Restaurant,POS
TXN_002736,CUST_0023,2026-01-31 04:33:00,21.19,Travel,POS
TXN_002737,CUST_0040,2026-04-14 05:52:00,49.53,Travel,ATM
TXN_002738,CUST_0244,2026-05-26 19:15:00,20.61,Travel,ATM
TXN_002739,CUST_0045,2026-05-10 16:37:00,19.95,Healthcare,POS
TXN_002740,CUST_0419,2026-02-07 20:19:00,42.09,Healthcare,POS
TXN_002741,CUST_0202,2026-03-08 14:50:00,99.43,Utilities,Online
TXN_002742,CUST_0043,2026-03-06 08:36:00,16.85,Healthcare,Online
TXN_002743,CUST_0068,2026-01-03 09:27:00,21.49,Restaurant,POS
TXN_002744,CUST_0408,2026-02-10 11:22:00,294.63,Shopping,POS
TXN_002745,CUST_0292,2026-02-27 18:45:00,122.01,Utilities,POS
TXN_002746,CUST_0354,2026-03-28 14:18:00,11.62,Electronics,Online
TXN_002747,CUST_0455,2026-05-17 09:57:00,166.65,Grocery,Online
TXN_002748,CUST_0146,2026-01-26 16:12:00,12.62,Travel,ATM
TXN_002749,CUST_0423,2026-01-03 02:52:00,6.45,Entertainment,POS
TXN_002750,CUST_0137,2026-05-09 02:21:00,25.3,Healthcare,POS
TXN_002751,CUST_0357,2026-05-25 05:51:00,21.99,Healthcare,Online
TXN_002752,CUST_0327,2026-02-21 14:09:00,11.52,Shopping,POS
TXN_002753,CUST_0175,2026-02-03 18:34:00,53.51,Utilities,Mobile
TXN_002754,CUST_0346,2026-02-06 02:26:00,81.01,Grocery,Online
TXN_002755,CUST_0283,2026-01-27 17:33:00,14.25,Healthcare,Online
TXN_002756,CUST_0369,2026-04-09 18:15:00,76.99,Shopping,Online
TXN_002757,CUST_0170,2026-04-10 21:39:00,38.23,Restaurant,Online
TXN_002758,CUST_0369,2026-06-08 13:54:00,127.17,Travel,POS
TXN_002759,CUST_0254,2026-01-21 23:03:00,36.35,Restaurant,POS
TXN_002760,CUST_0279,2026-02-01 20:51:00,4.8,Shopping,Mobile
TXN_002761,CUST_0243,2026-04-03 22:47:00,34.97,Healthcare,Mobile
TXN_002762,CUST_0469,2026-04-17 13:40:00,15.75,Grocery,Mobile
TXN_002763,CUST_0208,2026-02-06 15:58:00,31.23,Grocery,POS
TXN_002764,CUST_0429,2026-04-11 10:08:00,29.88,Grocery,Mobile
TXN_002765,CUST_0065,2026-01-12 22:17:00,61.18,Utilities,Mobile
TXN_002766,CUST_0028,2026-01-01 00:26:00,5.02,Electronics,POS
TXN_002767,CUST_0038,2026-03-08 03:00:00,41.09,Utilities,Online
TXN_002768,CUST_0030,2026-04-20 21:47:00,40.17,Entertainment,Online
TXN_002769,CUST_0294,2026-05-15 16:59:00,24.37,Entertainment,POS
TXN_002770,CUST_0021,2026-04-27 00:17:00,96.03,Grocery,Online
TXN_002771,CUST_0441,2026-04-24 14:11:00,112.99,Travel,POS
TXN_002772,CUST_0113,2026-03-03 08:57:00,47.17,Travel,Online
TXN_002773,CUST_0259,2026-05-07 05:00:00,106.72,Grocery,Online
TXN_002774,CUST_0311,2026-03-27 23:14:00,149.76,Healthcare,POS
TXN_002775,CUST_0318,2026-03-17 09:30:00,46.93,Travel,POS
TXN_002776,CUST_0430,2026-04-19 22:54:00,13.89,Restaurant,Online
TXN_002777,CUST_0352,2026-05-30 09:18:00,37.95,Travel,Mobile
TXN_002778,CUST_0205,2026-02-28 16:31:00,33.31,Electronics,Online
TXN_002779,CUST_0450,2026-01-22 04:04:00,19.53,Restaurant,POS
TXN_002780,CUST_0312,2026-05-07 08:59:00,4.23,Utilities,POS
TXN_002781,CUST_0046,2026-02-22 16:06:00,21.26,Healthcare,POS
TXN_002782,CUST_0008,2026-02-06 07:15:00,69.51,Grocery,Online
TXN_002783,CUST_0045,2026-01-08 08:59:00,9.58,Entertainment,Mobile
TXN_002784,CUST_0495,2026-05-15 02:11:00,30.46,Healthcare,POS
TXN_002785,CUST_0179,2026-06-11 00:26:00,187.49,Grocery,Mobile
TXN_002786,CUST_0214,2026-03-25 19:15:00,105.99,Travel,Online
TXN_002787,CUST_0258,2026-05-27 09:33:00,36.4,Restaurant,Online
TXN_002788,CUST_0193,2026-05-14 17:03:00,17.17,Entertainment,Online
TXN_002789,CUST_0098,2026-05-11 18:55:00,53.96,Utilities,Mobile
TXN_002790,CUST_0311,2026-06-22 19:30:00,30.35,Entertainment,Mobile
TXN_002791,CUST_0347,2026-06-29 16:55:00,38.55,Travel,POS
TXN_002792,CUST_0028,2026-04-01 16:17:00,66.32,Travel,ATM
TXN_002793,CUST_0345,2026-01-16 01:51:00,26.35,Restaurant,POS
TXN_002794,CUST_0212,2026-03-17 05:04:00,33.08,Healthcare,POS
TXN_002795,CUST_0342,2026-05-07 21:02:00,7.71,Restaurant,POS
TXN_002796,CUST_0256,2026-03-14 07:32:00,37.56,Healthcare,Online
TXN_002797,CUST_0258,2026-04-28 12:46:00,49.2,Grocery,ATM
TXN_002798,CUST_0169,2026-04-04 09:04:00,29.45,Travel,Online
TXN_002799,CUST_0306,2026-03-03 00:53:00,467.4,Electronics,POS
TXN_002800,CUST_0338,2026-03-16 09:54:00,87.24,Utilities,Mobile
TXN_002801,CUST_0345,2026-04-07 11:39:00,41.84,Entertainment,POS
TXN_002802,CUST_0308,2026-01-25 21:45:00,106.16,Healthcare,POS
TXN_002803,CUST_0381,2026-03-12 04:29:00,10.42,Restaurant,Mobile
TXN_002804,CUST_0258,2026-03-24 10:48:00,420.46,Electronics,POS
TXN_002805,CUST_0071,2026-05-25 07:51:00,18.57,Electronics,Online
TXN_002806,CUST_0349,2026-01-14 21:30:00,44.48,Grocery,Online
TXN_002807,CUST_0488,2026-03-28 23:03:00,51.83,Travel,POS
TXN_002808,CUST_0135,2026-01-01 18:02:00,45.82,Utilities,POS
TXN_002809,CUST_0397,2026-02-03 20:17:00,75.98,Grocery,Online
TXN_002810,CUST_0062,2026-05-07 07:45:00,13.39,Electronics,Online
TXN_002811,CUST_0216,2026-03-29 16:58:00,74.77,Restaurant,Online
TXN_002812,CUST_0014,2026-03-16 11:32:00,13.1,Electronics,Mobile
TXN_002813,CUST_0312,2026-01-09 21:23:00,32.33,Travel,Online
TXN_002814,CUST_0474,2026-04-26 00:32:00,55.18,Travel,POS
TXN_002815,CUST_0017,2026-04-24 00:47:00,194.38,Restaurant,Mobile
TXN_002816,CUST_0488,2026-05-06 18:02:00,115.41,Restaurant,POS
TXN_002817,CUST_0489,2026-02-21 06:09:00,13.66,Healthcare,POS
TXN_002818,CUST_0334,2026-04-04 06:52:00,17.73,Restaurant,Online
TXN_002819,CUST_0276,2026-04-02 15:54:00,46.41,Restaurant,Online
TXN_002820,CUST_0040,2026-03-27 06:59:00,65.09,Grocery,Online
TXN_002821,CUST_0071,2026-02-23 14:09:00,89.0,Travel,Online
TXN_002822,CUST_0345,2026-03-27 22:55:00,22.62,Grocery,Online
TXN_002823,CUST_0408,2026-05-31 00:26:00,7.09,Entertainment,POS
TXN_002824,CUST_0340,2026-04-03 06:31:00,30.69,Grocery,Online
TXN_002825,CUST_0312,2026-02-20 17:51:00,303.18,Travel,Mobile
TXN_002826,CUST_0169,2026-06-05 16:53:00,8.6,Entertainment,Online
TXN_002827,CUST_0042,2026-04-05 12:00:00,103.41,Entertainment,Online
TXN_002828,CUST_0286,2026-04-17 11:25:00,268.65,Restaurant,Online
TXN_002829,CUST_0019,2026-03-24 09:12:00,117.53,Electronics,ATM
TXN_002830,CUST_0104,2026-06-28 22:42:00,12.54,Electronics,Online
TXN_002831,CUST_0380,2026-03-02 21:21:00,109.54,Grocery,ATM
TXN_002832,CUST_0059,2026-01-31 03:01:00,197.7,Electronics,POS
TXN_002833,CUST_0389,2026-03-28 14:06:00,8.39,Utilities,Online
TXN_002834,CUST_0143,2026-04-13 06:36:00,24.39,Entertainment,Mobile
TXN_002835,CUST_0300,2026-02-28 15:17:00,77.65,Shopping,POS
TXN_002836,CUST_0298,2026-03-18 20:35:00,33.28,Restaurant,Online
TXN_002837,CUST_0059,2026-03-16 08:31:00,13.1,Healthcare,POS
TXN_002838,CUST_0325,2026-04-10 08:52:00,120.11,Electronics,Online
TXN_002839,CUST_0106,2026-06-02 00:04:00,12.21,Healthcare,Online
TXN_002840,CUST_0113,2026-03-03 21:57:00,5.84,Utilities,POS
TXN_002841,CUST_0160,2026-05-02 02:27:00,13.71,Utilities,POS
TXN_002842,CUST_0133,2026-06-26 04:50:00,7.82,Shopping,Mobile
TXN_002843,CUST_0163,2026-02-22 01:34:00,55.66,Shopping,POS
TXN_002844,CUST_0237,2026-06-22 15:15:00,76.83,Entertainment,Online
TXN_002845,CUST_0106,2026-04-03 21:28:00,16.71,Travel,Online
TXN_002846,CUST_0080,2026-06-24 12:51:00,32.81,Restaurant,POS
TXN_002847,CUST_0169,2026-06-22 15:32:00,7.0,Entertainment,Online
TXN_002848,CUST_0373,2026-04-29 07:41:00,38.06,Restaurant,POS
TXN_002849,CUST_0265,2026-04-13 23:35:00,85.02,Entertainment,Mobile
TXN_002850,CUST_0418,2026-04-20 22:49:00,39.7,Electronics,POS
TXN_002851,CUST_0241,2026-06-25 00:38:00,16.45,Travel,Online
TXN_002852,CUST_0306,2026-04-28 21:01:00,22.36,Restaurant,ATM
TXN_002853,CUST_0287,2026-02-17 19:48:00,3.14,Entertainment,Online
TXN_002854,CUST_0192,2026-05-28 06:40:00,33.73,Entertainment,POS
TXN_002855,CUST_0374,2026-01-31 01:59:00,42.52,Electronics,POS
TXN_002856,CUST_0017,2026-04-04 21:04:00,24.76,Travel,Online
TXN_002857,CUST_0202,2026-01-04 21:50:00,3.47,Restaurant,Mobile
TXN_002858,CUST_0465,2026-01-14 03:53:00,50.96,Healthcare,Online
TXN_002859,CUST_0069,2026-02-26 02:21:00,20.63,Travel,POS
TXN_002860,CUST_0132,2026-03-30 14:20:00,5.24,Entertainment,POS
TXN_002861,CUST_0483,2026-06-24 14:42:00,141.86,Electronics,POS
TXN_002862,CUST_0019,2026-02-19 19:45:00,6.45,Electronics,Online
TXN_002863,CUST_0141,2026-05-30 13:29:00,118.24,Grocery,Online
TXN_002864,CUST_0338,2026-01-20 20:02:00,6.83,Shopping,ATM
TXN_002865,CUST_0216,2026-06-13 04:21:00,52.34,Travel,POS
TXN_002866,CUST_0260,2026-01-08 16:54:00,247.94,Entertainment,Online
TXN_002867,CUST_0360,2026-04-28 16:30:00,25.41,Travel,Online
TXN_002868,CUST_0466,2026-01-13 07:45:00,9.23,Shopping,Online
TXN_002869,CUST_0010,2026-03-31 05:53:00,388.99,Utilities,POS
TXN_002870,CUST_0158,2026-05-05 23:07:00,29.7,Utilities,Online
TXN_002871,CUST_0496,2026-02-25 12:48:00,15.03,Shopping,ATM
TXN_002872,CUST_0230,2026-04-20 02:36:00,66.21,Shopping,Mobile
TXN_002873,CUST_0468,2026-02-21 06:20:00,9.68,Shopping,POS
TXN_002874,CUST_0007,2026-05-15 13:15:00,19.24,Restaurant,ATM
TXN_002875,CUST_0240,2026-03-31 19:54:00,150.72,Shopping,ATM
TXN_002876,CUST_0177,2026-03-26 11:29:00,104.22,Restaurant,POS
TXN_002877,CUST_0419,2026-04-19 03:39:00,9.2,Electronics,Online
TXN_002878,CUST_0409,2026-03-02 21:20:00,14.85,Shopping,ATM
TXN_002879,CUST_0443,2026-06-09 15:45:00,24.16,Restaurant,Mobile
TXN_002880,CUST_0333,2026-02-10 20:17:00,10.45,Shopping,Mobile
TXN_002881,CUST_0127,2026-01-16 15:25:00,27.38,Electronics,Online
TXN_002882,CUST_0166,2026-06-15 07:17:00,64.65,Healthcare,Mobile
TXN_002883,CUST_0247,2026-04-21 15:27:00,8.14,Grocery,POS
TXN_002884,CUST_0122,2026-05-01 02:02:00,5.73,Electronics,Mobile
TXN_002885,CUST_0308,2026-03-22 19:20:00,105.03,Travel,POS
TXN_002886,CUST_0277,2026-03-23 05:45:00,11.77,Electronics,Online
TXN_002887,CUST_0478,2026-06-29 04:40:00,60.25,Healthcare,Online
TXN_002888,CUST_0409,2026-05-20 19:30:00,43.81,Entertainment,Mobile
TXN_002889,CUST_0347,2026-01-27 19:43:00,13.16,Grocery,Mobile
TXN_002890,CUST_0328,2026-03-10 17:40:00,56.64,Healthcare,Mobile
TXN_002891,CUST_0083,2026-06-18 03:53:00,40.74,Grocery,Online
TXN_002892,CUST_0403,2026-05-23 19:22:00,82.99,Healthcare,Online
TXN_002893,CUST_0335,2026-01-22 22:06:00,27.18,Utilities,ATM
TXN_002894,CUST_0487,2026-04-11 10:37:00,24.28,Restaurant,Mobile
TXN_002895,CUST_0500,2026-03-13 20:33:00,36.91,Entertainment,ATM
TXN_002896,CUST_0215,2026-03-13 21:36:00,30.42,Healthcare,POS
TXN_002897,CUST_0252,2026-05-01 23:46:00,29.34,Grocery,Mobile
TXN_002898,CUST_0172,2026-05-22 07:14:00,111.76,Healthcare,Online
TXN_002899,CUST_0109,2026-05-15 15:17:00,14.8,Entertainment,ATM
TXN_002900,CUST_0286,2026-02-22 10:19:00,28.23,Electronics,POS
TXN_002901,CUST_0475,2026-02-16 06:00:00,18.93,Grocery,POS
TXN_002902,CUST_0377,2026-04-27 12:37:00,23.18,Travel,POS
TXN_002903,CUST_0335,2026-02-27 23:28:00,54.73,Entertainment,Online
TXN_002904,CUST_0261,2026-03-01 17:29:00,17.77,Restaurant,Online
TXN_002905,CUST_0330,2026-06-14 19:35:00,3.76,Electronics,Online
TXN_002906,CUST_0145,2026-06-09 12:43:00,8.02,Healthcare,Online
TXN_002907,CUST_0230,2026-02-04 17:41:00,10.11,Entertainment,Online
TXN_002908,CUST_0450,2026-02-16 09:56:00,63.06,Shopping,POS
TXN_002909,CUST_0452,2026-04-26 17:44:00,134.59,Restaurant,POS
TXN_002910,CUST_0199,2026-02-13 07:58:00,25.34,Utilities,Online
TXN_002911,CUST_0492,2026-06-22 01:26:00,27.12,Electronics,POS
TXN_002912,CUST_0246,2026-03-23 22:58:00,10.15,Travel,POS
TXN_002913,CUST_0482,2026-06-21 23:36:00,42.13,Grocery,ATM
TXN_002914,CUST_0204,2026-04-16 16:46:00,23.26,Entertainment,POS
TXN_002915,CUST_0451,2026-03-07 04:45:00,59.14,Utilities,Mobile
TXN_002916,CUST_0179,2026-05-21 00:15:00,34.69,Healthcare,ATM
TXN_002917,CUST_0468,2026-02-02 20:30:00,28.98,Healthcare,Mobile
TXN_002918,CUST_0157,2026-01-09 19:39:00,21.94,Shopping,POS
TXN_002919,CUST_0330,2026-01-06 16:03:00,34.69,Shopping,Online
TXN_002920,CUST_0451,2026-02-19 23:39:00,85.88,Entertainment,POS
TXN_002921,CUST_0013,2026-04-10 04:20:00,22.7,Electronics,Mobile
TXN_002922,CUST_0376,2026-05-15 21:31:00,113.49,Travel,ATM
TXN_002923,CUST_0307,2026-03-17 07:01:00,24.5,Shopping,Mobile
TXN_002924,CUST_0073,2026-05-19 08:45:00,36.4,Grocery,ATM
TXN_002925,CUST_0390,2026-05-15 21:17:00,93.02,Shopping,Online
TXN_002926,CUST_0006,2026-03-19 01:56:00,25.73,Utilities,POS
TXN_002927,CUST_0258,2026-05-14 12:09:00,74.16,Electronics,ATM
TXN_002928,CUST_0326,2026-05-26 02:05:00,9.73,Healthcare,Online
TXN_002929,CUST_0128,2026-02-27 17:15:00,40.89,Grocery,POS
TXN_002930,CUST_0499,2026-04-30 21:28:00,15.95,Utilities,Mobile
TXN_002931,CUST_0149,2026-01-29 07:11:00,54.69,Healthcare,POS
TXN_002932,CUST_0480,2026-05-23 04:30:00,16.32,Healthcare,Online
TXN_002933,CUST_0413,2026-03-17 23:27:00,37.93,Utilities,Mobile
TXN_002934,CUST_0202,2026-01-30 14:37:00,15.94,Electronics,POS
TXN_002935,CUST_0447,2026-03-31 22:46:00,9.91,Grocery,Mobile
TXN_002936,CUST_0332,2026-04-12 21:29:00,205.76,Restaurant,POS
TXN_002937,CUST_0244,2026-03-16 02:54:00,7.99,Electronics,POS
TXN_002938,CUST_0334,2026-03-20 13:23:00,14.5,Shopping,Online
TXN_002939,CUST_0437,2026-03-16 05:02:00,4.64,Electronics,ATM
TXN_002940,CUST_0432,2026-04-12 17:26:00,105.25,Utilities,ATM
TXN_002941,CUST_0201,2026-05-22 19:16:00,66.73,Healthcare,Online
TXN_002942,CUST_0392,2026-02-08 10:22:00,55.27,Grocery,Online
TXN_002943,CUST_0228,2026-04-22 04:03:00,76.24,Electronics,ATM
TXN_002944,CUST_0412,2026-04-18 17:36:00,66.96,Entertainment,Mobile
TXN_002945,CUST_0086,2026-05-17 21:35:00,6.66,Entertainment,Online
TXN_002946,CUST_0310,2026-05-07 02:25:00,21.95,Entertainment,Online
TXN_002947,CUST_0162,2026-04-21 18:24:00,71.47,Entertainment,Online
TXN_002948,CUST_0176,2026-01-06 22:53:00,19.75,Entertainment,POS
TXN_002949,CUST_0223,2026-02-15 08:05:00,18.66,Restaurant,Mobile
TXN_002950,CUST_0156,2026-02-27 21:45:00,6.13,Electronics,Online
TXN_002951,CUST_0173,2026-06-04 02:46:00,9.34,Shopping,POS
TXN_002952,CUST_0029,2026-03-24 16:50:00,168.53,Shopping,POS
TXN_002953,CUST_0239,2026-03-12 00:34:00,4.16,Utilities,POS
TXN_002954,CUST_0262,2026-06-01 22:00:00,3.86,Shopping,POS
TXN_002955,CUST_0028,2026-01-23 01:46:00,120.35,Entertainment,Mobile
TXN_002956,CUST_0117,2026-01-13 19:57:00,9.97,Entertainment,Online
TXN_002957,CUST_0454,2026-01-25 16:55:00,48.91,Grocery,Mobile
TXN_002958,CUST_0295,2026-05-22 19:00:00,35.85,Healthcare,ATM
TXN_002959,CUST_0001,2026-01-31 07:14:00,97.73,Electronics,Online
TXN_002960,CUST_0008,2026-01-27 04:10:00,21.32,Grocery,POS
TXN_002961,CUST_0439,2026-06-28 21:33:00,57.95,Travel,POS
TXN_002962,CUST_0101,2026-06-09 07:34:00,7.49,Utilities,Mobile
TXN_002963,CUST_0239,2026-05-09 04:06:00,72.57,Healthcare,Online
TXN_002964,CUST_0411,2026-03-05 11:46:00,71.72,Entertainment,POS
TXN_002965,CUST_0207,2026-01-31 10:26:00,73.45,Restaurant,Online
TXN_002966,CUST_0302,2026-01-12 20:44:00,15.39,Travel,Mobile
TXN_002967,CUST_0360,2026-03-09 07:17:00,19.96,Travel,Mobile
TXN_002968,CUST_0053,2026-01-02 07:48:00,37.67,Entertainment,POS
TXN_002969,CUST_0299,2026-01-03 00:48:00,21.27,Healthcare,POS
TXN_002970,CUST_0135,2026-01-29 02:09:00,62.53,Grocery,POS
TXN_002971,CUST_0132,2026-04-14 19:21:00,78.18,Utilities,Online
TXN_002972,CUST_0049,2026-05-18 21:33:00,125.08,Electronics,ATM
TXN_002973,CUST_0149,2026-05-06 22:33:00,62.37,Entertainment,POS
TXN_002974,CUST_0283,2026-02-07 17:06:00,74.37,Electronics,Mobile
TXN_002975,CUST_0113,2026-01-11 12:49:00,14.26,Shopping,ATM
TXN_002976,CUST_0369,2026-03-22 03:11:00,722.55,Restaurant,Online
TXN_002977,CUST_0357,2026-05-12 01:17:00,12.28,Grocery,Mobile
TXN_002978,CUST_0166,2026-01-28 02:23:00,48.55,Shopping,Online
TXN_002979,CUST_0413,2026-04-13 03:19:00,26.51,Travel,POS
TXN_002980,CUST_0418,2026-03-04 12:42:00,59.63,Shopping,POS
TXN_002981,CUST_0155,2026-01-14 05:52:00,203.17,Shopping,POS
TXN_002982,CUST_0283,2026-01-30 03:52:00,35.98,Shopping,POS
TXN_002983,CUST_0309,2026-01-22 02:39:00,156.69,Restaurant,Online
TXN_002984,CUST_0079,2026-02-06 23:23:00,64.66,Shopping,POS
TXN_002985,CUST_0444,2026-06-22 18:37:00,45.31,Healthcare,Mobile
TXN_002986,CUST_0314,2026-02-06 00:03:00,21.88,Healthcare,POS
TXN_002987,CUST_0495,2026-06-15 19:12:00,60.71,Shopping,Mobile
TXN_002988,CUST_0462,2026-03-04 17:52:00,15.82,Electronics,Online
TXN_002989,CUST_0026,2026-03-31 16:57:00,48.99,Restaurant,Mobile
TXN_002990,CUST_0220,2026-02-28 01:17:00,8.04,Travel,Online
TXN_002991,CUST_0046,2026-02-18 04:17:00,47.17,Restaurant,Online
TXN_002992,CUST_0443,2026-06-12 16:21:00,63.52,Grocery,POS
TXN_002993,CUST_0083,2026-03-24 02:43:00,13.85,Entertainment,Online
TXN_002994,CUST_0254,2026-06-04 17:05:00,121.99,Healthcare,ATM
TXN_002995,CUST_0403,2026-03-10 08:53:00,7.03,Entertainment,POS
TXN_002996,CUST_0023,2026-06-08 03:37:00,84.56,Travel,Online
TXN_002997,CUST_0131,2026-05-29 16:55:00,22.73,Electronics,Online
TXN_002998,CUST_0456,2026-01-13 17:30:00,6.11,Restaurant,Mobile
TXN_002999,CUST_0484,2026-01-06 14:30:00,48.5,Healthcare,POS
TXN_003000,CUST_0297,2026-05-16 18:01:00,92.22,Travel,Online
TXN_003001,CUST_0324,2026-04-13 15:38:00,17.99,Shopping,ATM
TXN_003002,CUST_0355,2026-02-22 19:14:00,42.94,Restaurant,Online
TXN_003003,CUST_0335,2026-03-17 06:57:00,15.09,Shopping,POS
TXN_003004,CUST_0285,2026-03-04 08:28:00,77.37,Healthcare,POS
TXN_003005,CUST_0452,2026-06-17 12:35:00,11.83,Utilities,Online
TXN_003006,CUST_0297,2026-01-07 20:00:00,142.29,Healthcare,Online
TXN_003007,CUST_0217,2026-02-06 13:07:00,76.92,Healthcare,ATM
TXN_003008,CUST_0374,2026-05-05 16:21:00,44.42,Entertainment,Online
TXN_003009,CUST_0499,2026-01-25 14:16:00,76.89,Shopping,Mobile
TXN_003010,CUST_0248,2026-01-25 11:29:00,262.02,Shopping,POS
TXN_003011,CUST_0285,2026-06-27 05:27:00,13.24,Grocery,POS
TXN_003012,CUST_0398,2026-03-04 05:47:00,12.69,Travel,POS
TXN_003013,CUST_0270,2026-02-02 21:47:00,416.23,Grocery,Online
TXN_003014,CUST_0192,2026-03-05 09:31:00,9.45,Grocery,POS
TXN_003015,CUST_0250,2026-03-29 12:31:00,40.4,Entertainment,POS
TXN_003016,CUST_0134,2026-01-05 08:19:00,52.86,Electronics,POS
TXN_003017,CUST_0451,2026-05-17 18:59:00,45.71,Travel,Mobile
TXN_003018,CUST_0248,2026-05-23 07:55:00,23.45,Entertainment,ATM
TXN_003019,CUST_0102,2026-03-17 04:29:00,12.58,Travel,POS
TXN_003020,CUST_0117,2026-03-18 04:19:00,40.0,Shopping,POS
TXN_003021,CUST_0483,2026-06-15 12:44:00,10.5,Utilities,Mobile
TXN_003022,CUST_0309,2026-06-11 13:05:00,74.1,Entertainment,Online
TXN_003023,CUST_0021,2026-03-02 15:46:00,41.82,Travel,ATM
TXN_003024,CUST_0161,2026-01-20 10:07:00,141.83,Restaurant,Online
TXN_003025,CUST_0021,2026-05-06 08:46:00,66.5,Travel,POS
TXN_003026,CUST_0438,2026-01-20 07:41:00,23.39,Utilities,Mobile
TXN_003027,CUST_0054,2026-06-21 20:38:00,20.97,Healthcare,POS
TXN_003028,CUST_0002,2026-05-11 02:58:00,12.59,Restaurant,Mobile
TXN_003029,CUST_0413,2026-01-12 13:48:00,68.94,Healthcare,Mobile
TXN_003030,CUST_0375,2026-01-08 06:27:00,131.39,Entertainment,Mobile
TXN_003031,CUST_0471,2026-01-04 03:22:00,37.31,Restaurant,Online
TXN_003032,CUST_0184,2026-03-24 08:16:00,15.97,Electronics,POS
TXN_003033,CUST_0209,2026-04-12 23:34:00,95.79,Travel,POS
TXN_003034,CUST_0468,2026-06-17 03:05:00,23.96,Electronics,Mobile
TXN_003035,CUST_0281,2026-03-07 07:47:00,39.91,Healthcare,POS
TXN_003036,CUST_0434,2026-05-09 22:42:00,26.37,Grocery,POS
TXN_003037,CUST_0196,2026-06-08 14:00:00,60.67,Electronics,Mobile
TXN_003038,CUST_0045,2026-05-29 07:18:00,35.32,Travel,POS
TXN_003039,CUST_0393,2026-06-05 06:23:00,99.1,Entertainment,POS
TXN_003040,CUST_0111,2026-04-14 13:38:00,40.32,Entertainment,POS
TXN_003041,CUST_0221,2026-02-24 01:45:00,27.3,Travel,Online
TXN_003042,CUST_0259,2026-01-26 10:22:00,94.66,Grocery,POS
TXN_003043,CUST_0047,2026-06-18 16:18:00,14.52,Healthcare,Mobile
TXN_003044,CUST_0039,2026-04-23 04:50:00,84.45,Travel,Mobile
TXN_003045,CUST_0250,2026-05-03 22:58:00,63.98,Travel,Online
TXN_003046,CUST_0156,2026-01-23 16:06:00,41.77,Restaurant,Online
TXN_003047,CUST_0167,2026-03-22 02:21:00,80.6,Healthcare,Online
TXN_003048,CUST_0063,2026-01-07 20:39:00,130.47,Entertainment,Mobile
TXN_003049,CUST_0424,2026-01-22 00:36:00,84.69,Electronics,POS
TXN_003050,CUST_0116,2026-03-20 03:29:00,31.07,Electronics,Mobile
TXN_003051,CUST_0298,2026-04-19 03:58:00,23.99,Healthcare,ATM
TXN_003052,CUST_0360,2026-04-12 02:09:00,21.81,Grocery,ATM
TXN_003053,CUST_0283,2026-03-16 12:14:00,116.47,Entertainment,ATM
TXN_003054,CUST_0259,2026-06-16 16:05:00,19.42,Utilities,POS
TXN_003055,CUST_0476,2026-06-13 14:45:00,238.35,Grocery,POS
TXN_003056,CUST_0216,2026-02-06 21:49:00,17.24,Healthcare,Online
TXN_003057,CUST_0447,2026-05-14 06:49:00,5.99,Travel,Mobile
TXN_003058,CUST_0423,2026-06-29 04:06:00,48.99,Utilities,Online
TXN_003059,CUST_0466,2026-02-26 23:35:00,3.9,Electronics,POS
TXN_003060,CUST_0490,2026-04-26 18:50:00,27.21,Electronics,Mobile
TXN_003061,CUST_0198,2026-03-02 01:31:00,12.08,Travel,POS
TXN_003062,CUST_0045,2026-04-16 06:23:00,7.17,Restaurant,POS
TXN_003063,CUST_0392,2026-01-25 05:29:00,25.58,Shopping,Mobile
TXN_003064,CUST_0111,2026-02-25 18:11:00,118.44,Healthcare,POS
TXN_003065,CUST_0473,2026-03-12 02:36:00,94.87,Healthcare,ATM
TXN_003066,CUST_0452,2026-03-24 15:26:00,5.24,Entertainment,POS
TXN_003067,CUST_0081,2026-04-27 03:05:00,71.68,Entertainment,Mobile
TXN_003068,CUST_0425,2026-06-11 06:17:00,21.47,Utilities,Mobile
TXN_003069,CUST_0102,2026-05-04 13:33:00,110.67,Shopping,Online
TXN_003070,CUST_0433,2026-01-04 00:32:00,43.34,Entertainment,Online
TXN_003071,CUST_0185,2026-03-23 02:15:00,16.42,Grocery,POS
TXN_003072,CUST_0089,2026-05-08 06:17:00,11.8,Entertainment,Online
TXN_003073,CUST_0351,2026-05-29 03:49:00,5.65,Entertainment,Mobile
TXN_003074,CUST_0378,2026-05-26 20:22:00,33.77,Travel,Mobile
TXN_003075,CUST_0190,2026-03-04 07:51:00,9.08,Electronics,Online
TXN_003076,CUST_0282,2026-02-23 22:30:00,81.53,Travel,Online
TXN_003077,CUST_0029,2026-02-28 04:36:00,72.38,Shopping,ATM
TXN_003078,CUST_0300,2026-06-04 18:29:00,31.02,Shopping,POS
TXN_003079,CUST_0330,2026-05-27 05:23:00,12.93,Restaurant,POS
TXN_003080,CUST_0466,2026-02-10 14:25:00,21.91,Electronics,POS
TXN_003081,CUST_0290,2026-03-05 13:12:00,14.78,Grocery,Online
TXN_003082,CUST_0055,2026-06-20 09:00:00,177.19,Restaurant,POS
TXN_003083,CUST_0293,2026-06-02 14:11:00,15.94,Entertainment,Mobile
TXN_003084,CUST_0458,2026-04-05 12:46:00,23.02,Travel,POS
TXN_003085,CUST_0181,2026-03-21 07:06:00,61.01,Restaurant,Online
TXN_003086,CUST_0162,2026-01-30 23:48:00,15.39,Healthcare,Online
TXN_003087,CUST_0213,2026-03-22 10:27:00,2.33,Travel,Online
TXN_003088,CUST_0413,2026-01-31 09:33:00,9.04,Grocery,Mobile
TXN_003089,CUST_0447,2026-05-18 21:39:00,17.26,Grocery,Online
TXN_003090,CUST_0257,2026-04-30 04:05:00,5.12,Electronics,Online
TXN_003091,CUST_0015,2026-02-17 11:00:00,36.13,Entertainment,POS
TXN_003092,CUST_0449,2026-03-03 15:28:00,12.09,Grocery,POS
TXN_003093,CUST_0336,2026-02-11 04:51:00,50.82,Utilities,ATM
TXN_003094,CUST_0365,2026-05-07 09:16:00,49.0,Healthcare,Online
TXN_003095,CUST_0171,2026-02-25 15:45:00,21.68,Electronics,POS
TXN_003096,CUST_0155,2026-04-26 10:50:00,6.97,Healthcare,ATM
TXN_003097,CUST_0325,2026-05-22 02:01:00,25.36,Travel,POS
TXN_003098,CUST_0214,2026-02-20 03:24:00,45.74,Travel,Online
TXN_003099,CUST_0393,2026-02-23 23:55:00,19.53,Travel,Mobile
TXN_003100,CUST_0176,2026-01-05 11:52:00,43.66,Electronics,Online
TXN_003101,CUST_0365,2026-04-12 19:46:00,51.89,Shopping,Online
TXN_003102,CUST_0353,2026-06-13 04:58:00,82.58,Travel,Mobile
TXN_003103,CUST_0106,2026-01-21 01:27:00,16.19,Electronics,POS
TXN_003104,CUST_0093,2026-06-24 14:20:00,86.26,Travel,POS
TXN_003105,CUST_0275,2026-04-05 03:06:00,54.59,Shopping,Online
TXN_003106,CUST_0279,2026-05-13 00:43:00,15.06,Healthcare,Mobile
TXN_003107,CUST_0432,2026-04-17 19:32:00,122.18,Entertainment,POS
TXN_003108,CUST_0159,2026-02-16 19:08:00,42.15,Travel,POS
TXN_003109,CUST_0112,2026-05-10 20:04:00,223.41,Electronics,Mobile
TXN_003110,CUST_0269,2026-05-24 15:03:00,7.11,Entertainment,Online
TXN_003111,CUST_0455,2026-01-05 04:33:00,54.55,Healthcare,POS
TXN_003112,CUST_0106,2026-06-24 16:38:00,23.58,Restaurant,ATM
TXN_003113,CUST_0350,2026-02-25 00:44:00,40.18,Grocery,Mobile
TXN_003114,CUST_0153,2026-03-15 12:47:00,13.85,Electronics,Online
TXN_003115,CUST_0145,2026-03-07 09:54:00,46.1,Electronics,POS
TXN_003116,CUST_0084,2026-04-08 01:01:00,70.09,Healthcare,Mobile
TXN_003117,CUST_0121,2026-01-25 08:45:00,48.46,Entertainment,POS
TXN_003118,CUST_0476,2026-02-04 09:27:00,155.35,Shopping,Mobile
TXN_003119,CUST_0089,2026-05-07 01:32:00,22.31,Travel,Mobile
TXN_003120,CUST_0098,2026-04-19 04:35:00,45.11,Entertainment,POS
TXN_003121,CUST_0144,2026-04-22 20:06:00,6.35,Electronics,Online
TXN_003122,CUST_0236,2026-04-25 01:18:00,12.16,Shopping,Mobile
TXN_003123,CUST_0128,2026-05-02 18:43:00,87.81,Restaurant,POS
TXN_003124,CUST_0205,2026-04-22 06:50:00,47.91,Travel,Online
TXN_003125,CUST_0009,2026-05-14 01:13:00,24.7,Travel,POS
TXN_003126,CUST_0290,2026-04-17 06:38:00,21.21,Shopping,POS
TXN_003127,CUST_0483,2026-02-20 22:36:00,33.04,Grocery,Online
TXN_003128,CUST_0131,2026-05-18 13:47:00,11.39,Travel,Mobile
TXN_003129,CUST_0263,2026-03-29 16:19:00,178.87,Shopping,ATM
TXN_003130,CUST_0214,2026-05-05 13:17:00,249.15,Healthcare,POS
TXN_003131,CUST_0302,2026-06-10 01:01:00,39.25,Travel,Mobile
TXN_003132,CUST_0058,2026-04-09 19:38:00,66.81,Restaurant,ATM
TXN_003133,CUST_0229,2026-05-11 19:09:00,46.42,Healthcare,Online
TXN_003134,CUST_0388,2026-05-06 19:21:00,47.37,Utilities,Online
TXN_003135,CUST_0049,2026-03-07 10:42:00,77.99,Healthcare,Online
TXN_003136,CUST_0217,2026-04-24 08:23:00,21.68,Grocery,Mobile
TXN_003137,CUST_0007,2026-06-12 20:57:00,4.26,Entertainment,Mobile
TXN_003138,CUST_0365,2026-06-23 08:25:00,11.95,Healthcare,Mobile
TXN_003139,CUST_0470,2026-06-05 01:23:00,14.29,Entertainment,Mobile
TXN_003140,CUST_0404,2026-06-22 13:46:00,18.2,Healthcare,Online
TXN_003141,CUST_0205,2026-04-30 04:12:00,14.29,Utilities,ATM
TXN_003142,CUST_0427,2026-01-16 07:48:00,22.23,Electronics,Online
TXN_003143,CUST_0418,2026-02-24 23:59:00,21.03,Restaurant,ATM
TXN_003144,CUST_0287,2026-06-02 09:40:00,82.84,Restaurant,Online
TXN_003145,CUST_0421,2026-02-05 06:15:00,42.85,Shopping,POS
TXN_003146,CUST_0428,2026-03-14 16:23:00,11.6,Healthcare,POS
TXN_003147,CUST_0177,2026-01-29 01:02:00,6.83,Restaurant,Online
TXN_003148,CUST_0025,2026-06-04 09:52:00,23.35,Travel,Mobile
TXN_003149,CUST_0364,2026-02-17 06:00:00,22.74,Travel,POS
TXN_003150,CUST_0476,2026-03-07 13:50:00,30.61,Entertainment,Online
TXN_003151,CUST_0276,2026-06-02 11:49:00,4.92,Entertainment,POS
TXN_003152,CUST_0259,2026-06-17 22:51:00,135.73,Entertainment,POS
TXN_003153,CUST_0004,2026-01-18 07:35:00,54.85,Utilities,ATM
TXN_003154,CUST_0006,2026-05-24 14:09:00,75.22,Electronics,ATM
TXN_003155,CUST_0030,2026-03-02 08:36:00,35.63,Travel,Online
TXN_003156,CUST_0193,2026-01-16 18:15:00,15.4,Healthcare,Online
TXN_003157,CUST_0377,2026-04-15 19:33:00,142.27,Entertainment,ATM
TXN_003158,CUST_0062,2026-04-20 13:03:00,37.68,Healthcare,Online
TXN_003159,CUST_0137,2026-05-19 07:21:00,14.51,Healthcare,Mobile
TXN_003160,CUST_0130,2026-06-01 18:38:00,17.07,Utilities,Online
TXN_003161,CUST_0338,2026-03-07 22:58:00,92.04,Travel,POS
TXN_003162,CUST_0014,2026-03-30 18:38:00,59.5,Travel,Online
TXN_003163,CUST_0459,2026-06-10 14:56:00,11.43,Grocery,Online
TXN_003164,CUST_0428,2026-06-13 21:25:00,76.88,Healthcare,Online
TXN_003165,CUST_0432,2026-06-10 20:17:00,85.9,Utilities,POS
TXN_003166,CUST_0135,2026-02-11 06:30:00,16.59,Restaurant,POS
TXN_003167,CUST_0352,2026-05-29 02:00:00,145.06,Grocery,ATM
TXN_003168,CUST_0074,2026-05-23 01:43:00,67.16,Entertainment,Online
TXN_003169,CUST_0274,2026-05-22 08:54:00,85.13,Travel,Mobile
TXN_003170,CUST_0430,2026-05-21 01:39:00,34.98,Shopping,POS
TXN_003171,CUST_0282,2026-03-20 12:49:00,34.71,Utilities,Mobile
TXN_003172,CUST_0483,2026-06-01 17:20:00,24.48,Grocery,Online
TXN_003173,CUST_0402,2026-05-16 19:12:00,12.9,Electronics,Mobile
TXN_003174,CUST_0390,2026-01-30 17:57:00,175.08,Restaurant,Online
TXN_003175,CUST_0115,2026-03-17 01:59:00,28.51,Healthcare,Mobile
TXN_003176,CUST_0318,2026-04-03 07:40:00,6.47,Restaurant,POS
TXN_003177,CUST_0040,2026-04-29 16:49:00,35.92,Grocery,Online
TXN_003178,CUST_0024,2026-03-28 19:39:00,21.31,Restaurant,Mobile
TXN_003179,CUST_0467,2026-02-25 07:04:00,29.88,Entertainment,POS
TXN_003180,CUST_0486,2026-04-09 07:05:00,15.75,Utilities,Mobile
TXN_003181,CUST_0375,2026-05-29 09:45:00,61.71,Entertainment,Online
TXN_003182,CUST_0273,2026-04-02 14:55:00,50.06,Travel,Online
TXN_003183,CUST_0277,2026-03-04 01:39:00,27.9,Healthcare,Mobile
TXN_003184,CUST_0062,2026-03-23 15:05:00,12.61,Grocery,POS
TXN_003185,CUST_0257,2026-03-03 17:16:00,39.53,Utilities,ATM
TXN_003186,CUST_0330,2026-01-03 01:13:00,47.92,Electronics,Mobile
TXN_003187,CUST_0398,2026-04-08 07:19:00,80.56,Grocery,ATM
TXN_003188,CUST_0466,2026-05-12 19:22:00,19.1,Shopping,Online
TXN_003189,CUST_0485,2026-01-28 10:11:00,8.46,Utilities,POS
TXN_003190,CUST_0185,2026-03-22 12:16:00,47.77,Restaurant,Online
TXN_003191,CUST_0123,2026-05-16 16:32:00,20.42,Travel,POS
TXN_003192,CUST_0482,2026-02-20 09:13:00,60.37,Shopping,Online
TXN_003193,CUST_0394,2026-06-29 05:56:00,149.37,Entertainment,POS
TXN_003194,CUST_0345,2026-06-04 00:07:00,25.47,Restaurant,ATM
TXN_003195,CUST_0017,2026-03-22 21:26:00,80.21,Electronics,POS
TXN_003196,CUST_0111,2026-03-09 21:59:00,99.58,Healthcare,Mobile
TXN_003197,CUST_0457,2026-05-11 07:13:00,41.42,Healthcare,POS
TXN_003198,CUST_0010,2026-04-01 05:26:00,4.37,Utilities,POS
TXN_003199,CUST_0131,2026-02-15 07:11:00,69.71,Travel,POS
TXN_003200,CUST_0246,2026-05-23 01:41:00,17.77,Entertainment,POS
TXN_003201,CUST_0486,2026-05-19 08:44:00,107.84,Grocery,POS
TXN_003202,CUST_0428,2026-03-23 11:02:00,6.9,Shopping,POS
TXN_003203,CUST_0055,2026-01-02 20:34:00,41.79,Entertainment,Mobile
TXN_003204,CUST_0437,2026-04-19 20:18:00,126.87,Restaurant,POS
TXN_003205,CUST_0275,2026-01-23 12:06:00,40.88,Healthcare,POS
TXN_003206,CUST_0133,2026-06-01 04:53:00,62.92,Healthcare,Online
TXN_003207,CUST_0177,2026-06-27 12:23:00,30.85,Entertainment,POS
TXN_003208,CUST_0168,2026-06-08 13:56:00,110.25,Grocery,Online
TXN_003209,CUST_0156,2026-03-31 12:45:00,41.47,Grocery,POS
TXN_003210,CUST_0442,2026-01-17 17:59:00,45.64,Shopping,POS
TXN_003211,CUST_0073,2026-02-05 21:52:00,11.18,Restaurant,POS
TXN_003212,CUST_0478,2026-03-22 01:18:00,32.32,Grocery,Online
TXN_003213,CUST_0345,2026-03-08 09:34:00,12.99,Electronics,Mobile
TXN_003214,CUST_0368,2026-05-23 01:43:00,30.63,Electronics,POS
TXN_003215,CUST_0209,2026-05-21 20:51:00,22.16,Entertainment,ATM
TXN_003216,CUST_0373,2026-01-29 12:58:00,87.7,Utilities,Online
TXN_003217,CUST_0316,2026-04-12 15:35:00,164.93,Entertainment,Online
TXN_003218,CUST_0292,2026-04-10 13:35:00,136.57,Restaurant,ATM
TXN_003219,CUST_0014,2026-04-06 15:33:00,14.51,Entertainment,Online
TXN_003220,CUST_0129,2026-02-16 20:02:00,49.0,Healthcare,POS
TXN_003221,CUST_0232,2026-04-29 00:44:00,63.58,Grocery,Mobile
TXN_003222,CUST_0158,2026-04-19 06:45:00,109.48,Electronics,POS
TXN_003223,CUST_0478,2026-04-23 15:07:00,57.58,Healthcare,Mobile
TXN_003224,CUST_0209,2026-01-31 17:38:00,36.12,Entertainment,Online
TXN_003225,CUST_0375,2026-03-19 10:25:00,22.97,Grocery,Online
TXN_003226,CUST_0303,2026-01-04 17:57:00,171.15,Restaurant,POS
TXN_003227,CUST_0086,2026-01-01 18:50:00,46.07,Healthcare,Mobile
TXN_003228,CUST_0390,2026-01-02 11:18:00,23.93,Electronics,Mobile
TXN_003229,CUST_0152,2026-01-14 19:14:00,57.73,Electronics,POS
TXN_003230,CUST_0036,2026-02-12 01:42:00,38.37,Travel,POS
TXN_003231,CUST_0236,2026-05-03 00:45:00,70.81,Grocery,Online
TXN_003232,CUST_0099,2026-06-26 19:05:00,71.03,Grocery,POS
TXN_003233,CUST_0117,2026-04-30 15:44:00,26.98,Electronics,Mobile
TXN_003234,CUST_0219,2026-02-26 09:47:00,43.6,Restaurant,POS
TXN_003235,CUST_0344,2026-06-19 12:10:00,17.37,Utilities,Online
TXN_003236,CUST_0486,2026-06-10 15:22:00,12.08,Healthcare,ATM
TXN_003237,CUST_0084,2026-04-30 13:27:00,14.76,Entertainment,Mobile
TXN_003238,CUST_0278,2026-03-09 09:49:00,5.46,Restaurant,Mobile
TXN_003239,CUST_0030,2026-01-10 17:32:00,16.87,Entertainment,POS
TXN_003240,CUST_0074,2026-01-18 02:57:00,3.61,Entertainment,ATM
TXN_003241,CUST_0025,2026-02-18 01:21:00,28.64,Shopping,Online
TXN_003242,CUST_0254,2026-03-23 03:12:00,25.13,Entertainment,Online
TXN_003243,CUST_0052,2026-01-20 17:10:00,57.25,Grocery,Online
TXN_003244,CUST_0226,2026-02-10 09:48:00,13.01,Healthcare,Online
TXN_003245,CUST_0121,2026-02-27 23:54:00,87.8,Grocery,POS
TXN_003246,CUST_0114,2026-04-14 01:30:00,21.7,Electronics,POS
TXN_003247,CUST_0220,2026-03-16 10:27:00,42.91,Restaurant,POS
TXN_003248,CUST_0002,2026-06-12 22:33:00,7.32,Shopping,POS
TXN_003249,CUST_0105,2026-05-30 16:27:00,148.19,Shopping,Online
TXN_003250,CUST_0404,2026-01-17 21:15:00,29.36,Healthcare,Online
TXN_003251,CUST_0015,2026-01-23 17:43:00,46.06,Grocery,Online
TXN_003252,CUST_0219,2026-05-23 03:46:00,22.82,Entertainment,Mobile
TXN_003253,CUST_0341,2026-02-27 17:33:00,9.87,Grocery,Mobile
TXN_003254,CUST_0372,2026-04-25 07:48:00,42.34,Shopping,POS
TXN_003255,CUST_0336,2026-01-07 01:52:00,26.18,Restaurant,POS
TXN_003256,CUST_0092,2026-02-20 00:35:00,22.21,Grocery,Mobile
TXN_003257,CUST_0148,2026-01-19 10:00:00,51.29,Shopping,ATM
TXN_003258,CUST_0074,2026-01-27 10:39:00,229.89,Travel,Online
TXN_003259,CUST_0189,2026-02-12 12:17:00,157.16,Entertainment,POS
TXN_003260,CUST_0048,2026-06-08 15:50:00,58.06,Entertainment,POS
TXN_003261,CUST_0065,2026-05-08 02:26:00,48.77,Healthcare,Online
TXN_003262,CUST_0042,2026-04-26 05:26:00,5.09,Entertainment,POS
TXN_003263,CUST_0069,2026-06-20 17:02:00,39.5,Travel,Online
TXN_003264,CUST_0332,2026-04-09 02:55:00,11.96,Restaurant,Online
TXN_003265,CUST_0299,2026-06-04 08:24:00,52.11,Restaurant,POS
TXN_003266,CUST_0349,2026-03-14 13:11:00,69.74,Entertainment,ATM
TXN_003267,CUST_0221,2026-04-30 02:08:00,53.82,Restaurant,POS
TXN_003268,CUST_0215,2026-01-17 21:43:00,6.58,Restaurant,Mobile
TXN_003269,CUST_0088,2026-02-20 09:50:00,25.1,Travel,ATM
TXN_003270,CUST_0428,2026-01-21 09:33:00,31.71,Electronics,ATM
TXN_003271,CUST_0390,2026-04-14 23:12:00,17.98,Travel,ATM
TXN_003272,CUST_0415,2026-02-09 06:19:00,22.49,Electronics,Online
TXN_003273,CUST_0257,2026-04-13 07:49:00,10.52,Travel,Mobile
TXN_003274,CUST_0108,2026-01-16 03:38:00,3.12,Entertainment,Mobile
TXN_003275,CUST_0020,2026-01-24 13:22:00,16.61,Utilities,POS
TXN_003276,CUST_0093,2026-06-12 22:18:00,26.15,Healthcare,ATM
TXN_003277,CUST_0440,2026-02-13 06:45:00,110.76,Healthcare,Online
TXN_003278,CUST_0001,2026-04-27 03:23:00,61.28,Shopping,Online
TXN_003279,CUST_0212,2026-05-29 10:57:00,7.76,Entertainment,Online
TXN_003280,CUST_0041,2026-06-28 10:40:00,26.25,Shopping,POS
TXN_003281,CUST_0297,2026-05-21 05:58:00,17.2,Electronics,Online
TXN_003282,CUST_0022,2026-02-11 10:43:00,29.89,Restaurant,Online
TXN_003283,CUST_0276,2026-05-08 07:21:00,14.47,Healthcare,POS
TXN_003284,CUST_0441,2026-02-12 02:58:00,65.74,Entertainment,Mobile
TXN_003285,CUST_0312,2026-01-01 21:39:00,17.87,Utilities,POS
TXN_003286,CUST_0306,2026-05-10 02:28:00,11.01,Grocery,POS
TXN_003287,CUST_0398,2026-03-26 01:15:00,60.67,Shopping,Online
TXN_003288,CUST_0112,2026-03-22 07:17:00,53.12,Entertainment,POS
TXN_003289,CUST_0016,2026-06-25 13:14:00,22.12,Utilities,Online
TXN_003290,CUST_0181,2026-03-17 10:21:00,75.34,Healthcare,Mobile
TXN_003291,CUST_0407,2026-03-30 20:48:00,45.55,Healthcare,POS
TXN_003292,CUST_0438,2026-04-17 13:06:00,32.43,Entertainment,Mobile
TXN_003293,CUST_0251,2026-03-25 23:50:00,26.35,Restaurant,Mobile
TXN_003294,CUST_0350,2026-06-05 18:30:00,31.65,Entertainment,POS
TXN_003295,CUST_0361,2026-06-10 11:09:00,57.08,Restaurant,POS
TXN_003296,CUST_0333,2026-03-07 14:12:00,11.08,Travel,POS
TXN_003297,CUST_0360,2026-01-20 20:42:00,12.72,Travel,Mobile
TXN_003298,CUST_0133,2026-02-19 14:55:00,78.62,Utilities,ATM
TXN_003299,CUST_0262,2026-05-28 15:40:00,21.25,Entertainment,Online
TXN_003300,CUST_0472,2026-04-20 09:11:00,25.27,Healthcare,Mobile
TXN_003301,CUST_0444,2026-04-26 05:13:00,21.94,Entertainment,ATM
TXN_003302,CUST_0054,2026-01-03 02:48:00,16.21,Restaurant,POS
TXN_003303,CUST_0381,2026-03-25 23:18:00,41.2,Restaurant,POS
TXN_003304,CUST_0437,2026-06-02 15:23:00,87.18,Grocery,ATM
TXN_003305,CUST_0398,2026-01-13 09:09:00,68.3,Entertainment,ATM
TXN_003306,CUST_0206,2026-01-19 07:12:00,81.36,Utilities,ATM
TXN_003307,CUST_0008,2026-01-25 12:39:00,5.94,Entertainment,Online
TXN_003308,CUST_0275,2026-05-01 19:48:00,94.34,Restaurant,Online
TXN_003309,CUST_0240,2026-06-02 08:18:00,39.02,Travel,ATM
TXN_003310,CUST_0096,2026-05-26 12:07:00,43.18,Entertainment,Online
TXN_003311,CUST_0387,2026-01-21 00:30:00,35.16,Electronics,POS
TXN_003312,CUST_0447,2026-04-21 06:41:00,37.48,Restaurant,POS
TXN_003313,CUST_0057,2026-05-12 10:03:00,26.92,Electronics,POS
TXN_003314,CUST_0033,2026-01-15 22:26:00,5.65,Electronics,POS
TXN_003315,CUST_0486,2026-01-21 08:48:00,12.82,Grocery,POS
TXN_003316,CUST_0401,2026-06-01 07:17:00,24.72,Grocery,ATM
TXN_003317,CUST_0436,2026-03-04 02:32:00,24.57,Utilities,Online
TXN_003318,CUST_0138,2026-04-27 01:57:00,24.08,Grocery,POS
TXN_003319,CUST_0449,2026-01-28 03:35:00,131.22,Restaurant,POS
TXN_003320,CUST_0227,2026-03-23 22:45:00,71.01,Travel,Online
TXN_003321,CUST_0073,2026-01-21 16:07:00,391.94,Entertainment,Mobile
TXN_003322,CUST_0490,2026-04-30 12:35:00,19.65,Shopping,POS
TXN_003323,CUST_0228,2026-03-02 13:28:00,46.58,Electronics,POS
TXN_003324,CUST_0329,2026-06-18 16:03:00,23.93,Restaurant,ATM
TXN_003325,CUST_0392,2026-04-17 06:23:00,72.24,Restaurant,Online
TXN_003326,CUST_0320,2026-01-08 10:51:00,11.05,Electronics,POS
TXN_003327,CUST_0313,2026-03-01 17:17:00,6.35,Restaurant,Online
TXN_003328,CUST_0167,2026-05-05 01:46:00,34.27,Electronics,POS
TXN_003329,CUST_0413,2026-04-01 01:56:00,29.95,Electronics,Online
TXN_003330,CUST_0162,2026-01-08 10:00:00,36.84,Electronics,POS
TXN_003331,CUST_0357,2026-01-08 04:29:00,48.76,Shopping,Online
TXN_003332,CUST_0328,2026-01-20 19:25:00,79.82,Entertainment,Online
TXN_003333,CUST_0317,2026-04-02 04:30:00,27.98,Healthcare,Online
TXN_003334,CUST_0465,2026-02-21 23:54:00,11.58,Travel,Mobile
TXN_003335,CUST_0022,2026-06-14 18:35:00,15.13,Travel,POS
TXN_003336,CUST_0490,2026-03-06 08:40:00,65.96,Utilities,POS
TXN_003337,CUST_0034,2026-06-09 16:25:00,23.74,Entertainment,Mobile
TXN_003338,CUST_0220,2026-01-17 00:15:00,19.9,Shopping,Mobile
TXN_003339,CUST_0075,2026-02-23 03:19:00,60.08,Shopping,Online
TXN_003340,CUST_0219,2026-05-20 18:39:00,18.03,Shopping,POS
TXN_003341,CUST_0070,2026-02-15 01:13:00,96.35,Healthcare,POS
TXN_003342,CUST_0246,2026-05-08 11:40:00,8.2,Grocery,Mobile
TXN_003343,CUST_0369,2026-03-02 19:52:00,14.18,Travel,POS
TXN_003344,CUST_0069,2026-03-19 01:12:00,34.85,Travel,Online
TXN_003345,CUST_0441,2026-01-18 00:27:00,188.57,Restaurant,Mobile
TXN_003346,CUST_0202,2026-04-30 20:07:00,34.98,Restaurant,Online
TXN_003347,CUST_0355,2026-05-10 02:35:00,210.74,Grocery,Online
TXN_003348,CUST_0371,2026-01-17 09:56:00,60.13,Restaurant,Mobile
TXN_003349,CUST_0419,2026-06-20 09:52:00,35.2,Grocery,Online
TXN_003350,CUST_0366,2026-05-13 04:55:00,21.03,Restaurant,POS
TXN_003351,CUST_0174,2026-03-24 22:14:00,35.2,Grocery,Online
TXN_003352,CUST_0325,2026-03-10 05:08:00,30.68,Entertainment,Mobile
TXN_003353,CUST_0308,2026-05-03 20:44:00,110.83,Restaurant,Online
TXN_003354,CUST_0420,2026-06-15 09:08:00,112.83,Shopping,Online
TXN_003355,CUST_0309,2026-01-26 16:32:00,6.21,Shopping,POS
TXN_003356,CUST_0135,2026-05-11 01:46:00,20.1,Grocery,Online
TXN_003357,CUST_0071,2026-01-11 13:30:00,196.25,Utilities,POS
TXN_003358,CUST_0477,2026-02-14 06:01:00,129.42,Restaurant,Online
TXN_003359,CUST_0325,2026-01-15 10:22:00,9.33,Electronics,POS
TXN_003360,CUST_0405,2026-01-27 05:40:00,54.18,Travel,Online
TXN_003361,CUST_0021,2026-02-04 13:06:00,158.45,Healthcare,ATM
TXN_003362,CUST_0306,2026-01-09 01:48:00,13.42,Travel,POS
TXN_003363,CUST_0049,2026-03-25 20:34:00,46.45,Healthcare,POS
TXN_003364,CUST_0374,2026-06-19 23:22:00,10.65,Grocery,Online
TXN_003365,CUST_0199,2026-04-16 17:16:00,8.6,Grocery,Online
TXN_003366,CUST_0462,2026-05-23 04:05:00,17.12,Entertainment,Mobile
TXN_003367,CUST_0215,2026-05-12 23:33:00,80.15,Shopping,POS
TXN_003368,CUST_0117,2026-06-21 18:06:00,40.73,Electronics,POS
TXN_003369,CUST_0164,2026-01-10 05:57:00,37.52,Healthcare,POS
TXN_003370,CUST_0379,2026-01-18 19:02:00,27.93,Restaurant,Online
TXN_003371,CUST_0496,2026-06-21 08:45:00,45.8,Grocery,ATM
TXN_003372,CUST_0186,2026-01-27 17:09:00,11.75,Utilities,Online
TXN_003373,CUST_0196,2026-06-02 18:52:00,24.45,Entertainment,Online
TXN_003374,CUST_0095,2026-01-18 02:42:00,14.87,Electronics,Online
TXN_003375,CUST_0156,2026-01-28 00:29:00,27.7,Shopping,POS
TXN_003376,CUST_0074,2026-06-13 23:04:00,70.31,Grocery,POS
TXN_003377,CUST_0196,2026-05-04 15:34:00,28.02,Grocery,ATM
TXN_003378,CUST_0309,2026-06-04 21:03:00,10.34,Healthcare,Online
TXN_003379,CUST_0030,2026-02-17 00:10:00,20.97,Travel,Online
TXN_003380,CUST_0063,2026-04-06 02:54:00,8.1,Utilities,Online
TXN_003381,CUST_0199,2026-03-27 00:28:00,18.56,Healthcare,Mobile
TXN_003382,CUST_0120,2026-01-11 09:22:00,316.67,Entertainment,POS
TXN_003383,CUST_0475,2026-02-23 16:52:00,151.31,Entertainment,Mobile
TXN_003384,CUST_0387,2026-02-01 06:37:00,37.21,Healthcare,POS
TXN_003385,CUST_0027,2026-05-19 20:58:00,24.62,Restaurant,ATM
TXN_003386,CUST_0287,2026-05-16 20:59:00,79.8,Entertainment,POS
TXN_003387,CUST_0401,2026-04-03 16:45:00,8.01,Travel,POS
TXN_003388,CUST_0217,2026-05-19 22:25:00,41.43,Healthcare,POS
TXN_003389,CUST_0273,2026-03-18 07:25:00,25.96,Healthcare,Mobile
TXN_003390,CUST_0019,2026-01-27 15:05:00,17.61,Grocery,POS
TXN_003391,CUST_0498,2026-03-10 14:58:00,14.35,Restaurant,Mobile
TXN_003392,CUST_0207,2026-01-13 15:32:00,25.39,Travel,Online
TXN_003393,CUST_0015,2026-04-19 13:59:00,141.85,Grocery,POS
TXN_003394,CUST_0470,2026-06-19 07:07:00,217.19,Travel,POS
TXN_003395,CUST_0137,2026-01-14 05:30:00,33.1,Travel,POS
TXN_003396,CUST_0038,2026-05-03 03:58:00,109.58,Utilities,POS
TXN_003397,CUST_0429,2026-03-04 14:35:00,23.09,Restaurant,Online
TXN_003398,CUST_0308,2026-05-11 00:19:00,8.14,Utilities,POS
TXN_003399,CUST_0047,2026-04-22 17:26:00,108.57,Grocery,Mobile
TXN_003400,CUST_0223,2026-06-07 17:35:00,55.77,Travel,Online
TXN_003401,CUST_0412,2026-05-06 19:51:00,52.46,Utilities,Online
TXN_003402,CUST_0381,2026-03-01 09:50:00,185.91,Utilities,Online
TXN_003403,CUST_0460,2026-05-28 04:28:00,13.55,Entertainment,POS
TXN_003404,CUST_0077,2026-05-19 11:15:00,10.98,Electronics,Online
TXN_003405,CUST_0070,2026-03-01 19:50:00,46.91,Travel,POS
TXN_003406,CUST_0090,2026-02-03 15:05:00,94.68,Healthcare,ATM
TXN_003407,CUST_0407,2026-03-17 23:18:00,20.52,Utilities,Online
TXN_003408,CUST_0094,2026-01-21 14:52:00,55.46,Healthcare,Mobile
TXN_003409,CUST_0487,2026-01-04 21:35:00,33.78,Utilities,Mobile
TXN_003410,CUST_0220,2026-01-07 16:05:00,6.65,Entertainment,ATM
TXN_003411,CUST_0065,2026-03-10 21:53:00,20.03,Grocery,Mobile
TXN_003412,CUST_0211,2026-02-10 16:58:00,38.44,Travel,Online
TXN_003413,CUST_0488,2026-06-25 15:07:00,70.66,Grocery,POS
TXN_003414,CUST_0163,2026-06-22 06:13:00,25.18,Restaurant,POS
TXN_003415,CUST_0014,2026-01-03 19:53:00,25.53,Restaurant,Online
TXN_003416,CUST_0260,2026-01-03 10:07:00,13.87,Travel,POS
TXN_003417,CUST_0137,2026-01-06 21:09:00,28.55,Restaurant,Online
TXN_003418,CUST_0112,2026-05-25 03:53:00,54.89,Shopping,ATM
TXN_003419,CUST_0176,2026-06-28 07:57:00,43.12,Entertainment,Mobile
TXN_003420,CUST_0269,2026-01-19 22:16:00,9.17,Travel,ATM
TXN_003421,CUST_0494,2026-02-23 12:52:00,37.99,Healthcare,Online
TXN_003422,CUST_0031,2026-03-08 17:42:00,1632.15,Restaurant,Mobile
TXN_003423,CUST_0110,2026-05-16 20:47:00,8.87,Shopping,Online
TXN_003424,CUST_0378,2026-06-08 06:14:00,64.8,Restaurant,Online
TXN_003425,CUST_0074,2026-01-11 13:18:00,27.85,Healthcare,Online
TXN_003426,CUST_0455,2026-06-11 18:12:00,6.05,Grocery,Mobile
TXN_003427,CUST_0308,2026-01-19 10:27:00,23.68,Travel,POS
TXN_003428,CUST_0265,2026-05-07 17:43:00,186.29,Electronics,POS
TXN_003429,CUST_0389,2026-03-19 12:41:00,25.5,Electronics,POS
TXN_003430,CUST_0061,2026-05-30 17:38:00,42.51,Healthcare,POS
TXN_003431,CUST_0438,2026-02-01 16:06:00,23.34,Travel,Online
TXN_003432,CUST_0123,2026-04-18 23:49:00,12.47,Travel,POS
TXN_003433,CUST_0304,2026-02-05 21:13:00,24.96,Electronics,ATM
TXN_003434,CUST_0405,2026-03-05 09:09:00,25.2,Restaurant,Mobile
TXN_003435,CUST_0171,2026-02-13 17:28:00,37.91,Entertainment,POS
TXN_003436,CUST_0241,2026-04-06 14:09:00,3.02,Electronics,ATM
TXN_003437,CUST_0228,2026-04-11 01:15:00,83.08,Electronics,ATM
TXN_003438,CUST_0250,2026-02-27 18:37:00,11.07,Shopping,Mobile
TXN_003439,CUST_0399,2026-05-25 01:32:00,79.74,Utilities,Online
TXN_003440,CUST_0380,2026-03-29 17:58:00,19.08,Utilities,POS
TXN_003441,CUST_0220,2026-06-04 22:00:00,43.94,Entertainment,ATM
TXN_003442,CUST_0429,2026-03-20 03:40:00,46.11,Electronics,ATM
TXN_003443,CUST_0451,2026-03-30 07:42:00,13.23,Travel,Online
TXN_003444,CUST_0049,2026-03-13 04:48:00,4.95,Electronics,POS
TXN_003445,CUST_0447,2026-01-13 09:19:00,29.08,Utilities,POS
TXN_003446,CUST_0138,2026-03-03 23:09:00,22.66,Entertainment,POS
TXN_003447,CUST_0100,2026-01-03 01:45:00,122.66,Healthcare,POS
TXN_003448,CUST_0355,2026-04-25 03:58:00,99.15,Restaurant,ATM
TXN_003449,CUST_0337,2026-04-08 23:18:00,11.36,Healthcare,POS
TXN_003450,CUST_0140,2026-06-07 21:51:00,21.13,Healthcare,Mobile
TXN_003451,CUST_0218,2026-06-21 21:41:00,21.9,Entertainment,POS
TXN_003452,CUST_0068,2026-02-12 14:10:00,35.33,Utilities,POS
TXN_003453,CUST_0384,2026-02-17 01:42:00,26.32,Entertainment,Online
TXN_003454,CUST_0368,2026-02-14 00:51:00,6.91,Utilities,POS
TXN_003455,CUST_0382,2026-01-21 10:24:00,9.61,Electronics,Mobile
TXN_003456,CUST_0088,2026-04-17 18:51:00,34.4,Healthcare,Mobile
TXN_003457,CUST_0357,2026-03-13 06:33:00,14.7,Utilities,Online
TXN_003458,CUST_0390,2026-03-06 00:14:00,29.12,Electronics,Online
TXN_003459,CUST_0324,2026-06-21 05:45:00,11.58,Electronics,POS
TXN_003460,CUST_0241,2026-03-06 23:10:00,95.96,Entertainment,Mobile
TXN_003461,CUST_0410,2026-01-13 21:06:00,136.98,Healthcare,POS
TXN_003462,CUST_0152,2026-03-20 21:11:00,252.26,Grocery,Online
TXN_003463,CUST_0310,2026-01-18 13:33:00,20.69,Entertainment,ATM
TXN_003464,CUST_0038,2026-04-03 06:08:00,148.2,Utilities,Online
TXN_003465,CUST_0424,2026-05-29 17:52:00,33.73,Entertainment,Online
TXN_003466,CUST_0259,2026-05-07 03:58:00,8.42,Travel,ATM
TXN_003467,CUST_0398,2026-01-22 10:04:00,325.8,Electronics,POS
TXN_003468,CUST_0326,2026-02-27 18:27:00,94.17,Grocery,Mobile
TXN_003469,CUST_0015,2026-06-27 07:56:00,3.81,Entertainment,POS
TXN_003470,CUST_0113,2026-05-25 04:16:00,37.11,Travel,POS
TXN_003471,CUST_0327,2026-02-15 01:14:00,77.86,Travel,Online
TXN_003472,CUST_0055,2026-04-12 09:29:00,33.43,Utilities,Mobile
TXN_003473,CUST_0027,2026-03-07 14:09:00,21.5,Travel,Online
TXN_003474,CUST_0162,2026-04-25 10:58:00,20.93,Shopping,Online
TXN_003475,CUST_0006,2026-05-09 17:13:00,21.7,Travel,Online
TXN_003476,CUST_0138,2026-05-04 20:11:00,92.55,Restaurant,Mobile
TXN_003477,CUST_0408,2026-05-24 13:37:00,20.51,Shopping,Online
TXN_003478,CUST_0151,2026-04-17 13:21:00,7.81,Travel,Online
TXN_003479,CUST_0298,2026-02-07 11:47:00,53.88,Grocery,Online
TXN_003480,CUST_0306,2026-01-15 12:56:00,40.34,Travel,ATM
TXN_003481,CUST_0189,2026-04-20 22:52:00,95.1,Shopping,POS
TXN_003482,CUST_0112,2026-04-23 22:50:00,85.12,Electronics,POS
TXN_003483,CUST_0391,2026-05-24 16:49:00,21.54,Electronics,POS
TXN_003484,CUST_0294,2026-05-08 19:07:00,177.26,Utilities,Online
TXN_003485,CUST_0230,2026-03-20 08:24:00,30.43,Shopping,POS
TXN_003486,CUST_0452,2026-05-06 05:22:00,20.91,Healthcare,Online
TXN_003487,CUST_0339,2026-05-18 05:47:00,39.83,Utilities,Mobile
TXN_003488,CUST_0466,2026-01-15 01:50:00,8.66,Electronics,ATM
TXN_003489,CUST_0088,2026-01-08 18:11:00,101.37,Shopping,POS
TXN_003490,CUST_0124,2026-01-25 02:45:00,25.53,Entertainment,ATM
TXN_003491,CUST_0461,2026-05-01 04:29:00,13.57,Travel,POS
TXN_003492,CUST_0136,2026-03-18 20:30:00,4.03,Electronics,Online
TXN_003493,CUST_0243,2026-02-28 13:51:00,23.11,Shopping,Online
TXN_003494,CUST_0375,2026-01-08 10:48:00,165.34,Restaurant,Online
TXN_003495,CUST_0381,2026-02-01 15:48:00,26.57,Electronics,Online
TXN_003496,CUST_0010,2026-02-19 06:29:00,70.24,Grocery,POS
TXN_003497,CUST_0086,2026-02-13 17:39:00,24.42,Utilities,POS
TXN_003498,CUST_0222,2026-02-14 07:25:00,51.36,Restaurant,POS
TXN_003499,CUST_0484,2026-06-07 12:19:00,50.33,Entertainment,Online
TXN_003500,CUST_0065,2026-01-07 13:38:00,14.29,Utilities,Online
TXN_003501,CUST_0386,2026-02-19 01:28:00,27.83,Restaurant,POS
TXN_003502,CUST_0042,2026-04-26 16:57:00,11.73,Grocery,POS
TXN_003503,CUST_0442,2026-03-27 09:38:00,21.95,Shopping,Online
TXN_003504,CUST_0306,2026-02-19 11:26:00,38.31,Electronics,ATM
TXN_003505,CUST_0301,2026-04-19 10:04:00,36.72,Grocery,Online
TXN_003506,CUST_0122,2026-02-26 01:32:00,4.62,Entertainment,Mobile
TXN_003507,CUST_0297,2026-05-12 16:07:00,6.53,Shopping,POS
TXN_003508,CUST_0297,2026-02-11 04:41:00,9.84,Grocery,POS
TXN_003509,CUST_0360,2026-05-27 17:39:00,142.93,Electronics,Online
TXN_003510,CUST_0338,2026-04-06 06:04:00,3.21,Utilities,ATM
TXN_003511,CUST_0347,2026-04-02 13:17:00,47.2,Healthcare,Online
TXN_003512,CUST_0404,2026-02-20 21:11:00,81.74,Entertainment,ATM
TXN_003513,CUST_0331,2026-06-03 10:57:00,11.71,Entertainment,POS
TXN_003514,CUST_0002,2026-04-29 06:36:00,13.9,Travel,Online
TXN_003515,CUST_0024,2026-05-18 20:38:00,43.56,Electronics,POS
TXN_003516,CUST_0221,2026-05-25 06:22:00,25.38,Restaurant,Online
TXN_003517,CUST_0361,2026-06-06 15:18:00,15.17,Healthcare,Mobile
TXN_003518,CUST_0194,2026-02-22 04:52:00,302.3,Utilities,POS
TXN_003519,CUST_0305,2026-02-26 23:40:00,20.5,Travel,POS
TXN_003520,CUST_0308,2026-03-14 03:38:00,168.9,Travel,Online
TXN_003521,CUST_0320,2026-01-03 12:59:00,10.61,Grocery,ATM
TXN_003522,CUST_0019,2026-05-27 12:33:00,16.15,Grocery,POS
TXN_003523,CUST_0232,2026-04-16 07:29:00,20.34,Restaurant,POS
TXN_003524,CUST_0303,2026-05-24 03:23:00,3.61,Grocery,Mobile
TXN_003525,CUST_0179,2026-04-18 20:24:00,14.78,Shopping,Mobile
TXN_003526,CUST_0435,2026-04-20 07:07:00,30.65,Entertainment,ATM
TXN_003527,CUST_0325,2026-03-14 17:13:00,54.57,Shopping,POS
TXN_003528,CUST_0141,2026-01-16 07:10:00,80.19,Travel,Mobile
TXN_003529,CUST_0302,2026-01-13 12:55:00,16.07,Grocery,ATM
TXN_003530,CUST_0405,2026-03-26 03:44:00,24.14,Entertainment,POS
TXN_003531,CUST_0301,2026-02-06 00:44:00,102.99,Utilities,Mobile
TXN_003532,CUST_0035,2026-06-11 14:50:00,16.91,Restaurant,Mobile
TXN_003533,CUST_0198,2026-05-01 03:00:00,104.23,Healthcare,Mobile
TXN_003534,CUST_0044,2026-04-06 23:55:00,52.15,Electronics,Online
TXN_003535,CUST_0423,2026-01-17 19:02:00,362.91,Restaurant,Mobile
TXN_003536,CUST_0139,2026-06-09 04:16:00,29.28,Electronics,POS
TXN_003537,CUST_0424,2026-01-03 08:45:00,22.73,Utilities,POS
TXN_003538,CUST_0149,2026-02-03 08:17:00,35.71,Healthcare,Online
TXN_003539,CUST_0226,2026-06-19 08:45:00,17.54,Restaurant,POS
TXN_003540,CUST_0331,2026-04-05 16:24:00,30.66,Entertainment,ATM
TXN_003541,CUST_0103,2026-02-18 02:43:00,35.78,Entertainment,Online
TXN_003542,CUST_0082,2026-05-16 23:41:00,2.89,Utilities,Online
TXN_003543,CUST_0072,2026-01-30 07:58:00,41.68,Grocery,ATM
TXN_003544,CUST_0063,2026-03-08 23:27:00,95.03,Utilities,Online
TXN_003545,CUST_0467,2026-06-29 08:52:00,30.49,Restaurant,Online
TXN_003546,CUST_0007,2026-04-09 23:12:00,63.9,Grocery,Online
TXN_003547,CUST_0204,2026-04-14 05:53:00,60.35,Healthcare,Mobile
TXN_003548,CUST_0184,2026-06-22 02:02:00,56.98,Healthcare,POS
TXN_003549,CUST_0324,2026-03-01 22:18:00,1048.35,Restaurant,POS
TXN_003550,CUST_0060,2026-01-19 11:17:00,249.91,Utilities,Online
TXN_003551,CUST_0210,2026-03-24 06:53:00,23.69,Travel,Mobile
TXN_003552,CUST_0217,2026-01-24 18:47:00,48.83,Healthcare,Online
TXN_003553,CUST_0019,2026-06-28 18:26:00,111.95,Shopping,Mobile
TXN_003554,CUST_0064,2026-01-06 04:45:00,93.19,Travel,Online
TXN_003555,CUST_0141,2026-04-04 17:10:00,11.7,Healthcare,Online
TXN_003556,CUST_0414,2026-05-07 15:38:00,26.6,Entertainment,Mobile
TXN_003557,CUST_0111,2026-05-01 17:53:00,7.97,Restaurant,POS
TXN_003558,CUST_0208,2026-04-25 23:20:00,16.25,Restaurant,ATM
TXN_003559,CUST_0286,2026-05-18 23:14:00,46.49,Electronics,POS
TXN_003560,CUST_0046,2026-03-07 22:28:00,60.57,Shopping,Online
TXN_003561,CUST_0145,2026-05-04 05:42:00,94.04,Utilities,Mobile
TXN_003562,CUST_0485,2026-06-04 23:46:00,84.19,Electronics,POS
TXN_003563,CUST_0156,2026-01-08 16:53:00,30.2,Grocery,POS
TXN_003564,CUST_0117,2026-03-28 11:34:00,21.81,Restaurant,POS
TXN_003565,CUST_0199,2026-02-18 18:18:00,154.22,Healthcare,ATM
TXN_003566,CUST_0144,2026-04-18 06:03:00,15.9,Healthcare,POS
TXN_003567,CUST_0251,2026-05-03 15:29:00,178.36,Entertainment,Online
TXN_003568,CUST_0468,2026-05-24 06:57:00,9.85,Restaurant,ATM
TXN_003569,CUST_0321,2026-01-30 21:10:00,76.14,Electronics,Online
TXN_003570,CUST_0294,2026-05-26 16:43:00,27.26,Travel,Mobile
TXN_003571,CUST_0286,2026-05-31 09:45:00,45.33,Shopping,Online
TXN_003572,CUST_0051,2026-04-19 18:47:00,16.85,Entertainment,Online
TXN_003573,CUST_0392,2026-01-16 02:20:00,12.37,Healthcare,Mobile
TXN_003574,CUST_0287,2026-03-16 06:25:00,1.31,Entertainment,POS
TXN_003575,CUST_0291,2026-06-07 19:29:00,153.67,Entertainment,Mobile
TXN_003576,CUST_0469,2026-02-22 04:27:00,4.22,Travel,POS
TXN_003577,CUST_0289,2026-04-20 02:14:00,27.61,Travel,Online
TXN_003578,CUST_0233,2026-02-13 07:59:00,12.92,Grocery,Online
TXN_003579,CUST_0100,2026-06-26 18:31:00,12.12,Electronics,POS
TXN_003580,CUST_0280,2026-02-06 05:02:00,307.86,Electronics,Mobile
TXN_003581,CUST_0136,2026-04-01 23:10:00,28.64,Entertainment,ATM
TXN_003582,CUST_0472,2026-06-18 03:10:00,29.32,Travel,Mobile
TXN_003583,CUST_0016,2026-06-06 01:48:00,287.07,Entertainment,POS
TXN_003584,CUST_0335,2026-05-01 16:42:00,12.64,Utilities,POS
TXN_003585,CUST_0212,2026-06-26 08:50:00,114.14,Restaurant,Online
TXN_003586,CUST_0482,2026-02-26 21:47:00,160.51,Grocery,POS
TXN_003587,CUST_0048,2026-04-03 09:31:00,260.0,Travel,POS
TXN_003588,CUST_0157,2026-04-26 09:30:00,129.42,Restaurant,Online
TXN_003589,CUST_0479,2026-01-20 08:41:00,15.78,Entertainment,Online
TXN_003590,CUST_0426,2026-01-25 12:17:00,74.27,Restaurant,Mobile
TXN_003591,CUST_0410,2026-04-11 09:42:00,58.35,Electronics,Mobile
TXN_003592,CUST_0391,2026-05-25 06:40:00,24.34,Grocery,Online
TXN_003593,CUST_0498,2026-05-23 03:25:00,34.98,Restaurant,POS
TXN_003594,CUST_0009,2026-06-21 06:02:00,51.49,Shopping,Online
TXN_003595,CUST_0081,2026-06-17 12:01:00,40.35,Restaurant,Online
TXN_003596,CUST_0023,2026-03-02 09:00:00,40.48,Restaurant,POS
TXN_003597,CUST_0112,2026-04-03 04:00:00,83.98,Grocery,POS
TXN_003598,CUST_0318,2026-01-12 10:49:00,17.1,Healthcare,Online
TXN_003599,CUST_0482,2026-05-20 08:42:00,12.51,Healthcare,Mobile
TXN_003600,CUST_0197,2026-02-14 11:22:00,15.78,Travel,Mobile
TXN_003601,CUST_0454,2026-04-24 05:09:00,12.3,Healthcare,Mobile
TXN_003602,CUST_0073,2026-03-26 02:23:00,31.06,Healthcare,Mobile
TXN_003603,CUST_0315,2026-01-02 11:06:00,49.84,Entertainment,Online
TXN_003604,CUST_0358,2026-01-25 19:06:00,20.09,Electronics,POS
TXN_003605,CUST_0436,2026-02-27 01:24:00,18.9,Restaurant,Online
TXN_003606,CUST_0048,2026-03-08 21:55:00,25.77,Entertainment,Online
TXN_003607,CUST_0213,2026-04-08 13:44:00,19.73,Utilities,Online
TXN_003608,CUST_0061,2026-02-04 05:54:00,55.2,Utilities,ATM
TXN_003609,CUST_0081,2026-05-15 00:14:00,14.45,Travel,Online
TXN_003610,CUST_0158,2026-04-02 16:01:00,59.83,Electronics,Mobile
TXN_003611,CUST_0279,2026-01-15 09:42:00,41.82,Grocery,ATM
TXN_003612,CUST_0426,2026-03-04 08:31:00,17.75,Utilities,ATM
TXN_003613,CUST_0397,2026-06-25 23:29:00,13.95,Restaurant,POS
TXN_003614,CUST_0499,2026-01-16 19:29:00,66.21,Utilities,Online
TXN_003615,CUST_0042,2026-01-26 05:45:00,5.38,Grocery,Online
TXN_003616,CUST_0167,2026-06-10 18:30:00,72.97,Healthcare,Online
TXN_003617,CUST_0309,2026-06-09 13:49:00,31.5,Entertainment,POS
TXN_003618,CUST_0325,2026-04-06 15:40:00,144.27,Travel,Online
TXN_003619,CUST_0497,2026-01-27 13:30:00,58.4,Travel,Online
TXN_003620,CUST_0306,2026-05-10 19:11:00,64.36,Entertainment,POS
TXN_003621,CUST_0212,2026-03-21 22:15:00,64.54,Shopping,Online
TXN_003622,CUST_0182,2026-05-23 12:31:00,88.56,Restaurant,Online
TXN_003623,CUST_0103,2026-02-06 20:36:00,68.46,Entertainment,ATM
TXN_003624,CUST_0315,2026-03-20 00:43:00,12.63,Grocery,Online
TXN_003625,CUST_0153,2026-06-19 10:20:00,123.45,Electronics,POS
TXN_003626,CUST_0114,2026-03-17 02:53:00,63.23,Travel,POS
TXN_003627,CUST_0114,2026-05-03 06:52:00,137.94,Restaurant,Mobile
TXN_003628,CUST_0053,2026-03-18 11:21:00,29.18,Electronics,Online
TXN_003629,CUST_0380,2026-03-06 03:05:00,13.11,Electronics,Online
TXN_003630,CUST_0284,2026-04-30 15:08:00,19.42,Travel,POS
TXN_003631,CUST_0018,2026-04-24 12:31:00,30.99,Grocery,POS
TXN_003632,CUST_0348,2026-03-21 15:19:00,30.65,Entertainment,POS
TXN_003633,CUST_0450,2026-02-24 06:59:00,14.88,Utilities,Mobile
TXN_003634,CUST_0254,2026-05-01 11:39:00,32.53,Healthcare,Online
TXN_003635,CUST_0169,2026-03-22 01:27:00,49.19,Grocery,Mobile
TXN_003636,CUST_0121,2026-02-26 08:02:00,36.84,Shopping,Online
TXN_003637,CUST_0079,2026-02-24 21:24:00,15.31,Shopping,Mobile
TXN_003638,CUST_0058,2026-02-19 19:27:00,20.03,Electronics,POS
TXN_003639,CUST_0435,2026-02-15 04:24:00,42.45,Entertainment,POS
TXN_003640,CUST_0353,2026-04-04 03:14:00,34.56,Travel,Online
TXN_003641,CUST_0034,2026-04-28 11:40:00,2.74,Shopping,Mobile
TXN_003642,CUST_0010,2026-06-25 21:27:00,64.06,Electronics,Online
TXN_003643,CUST_0397,2026-05-13 00:58:00,23.56,Shopping,POS
TXN_003644,CUST_0205,2026-02-27 00:44:00,33.13,Utilities,POS
TXN_003645,CUST_0129,2026-06-27 18:40:00,48.31,Entertainment,Online
TXN_003646,CUST_0011,2026-04-07 15:35:00,275.83,Restaurant,Online
TXN_003647,CUST_0214,2026-05-08 23:50:00,11.45,Utilities,POS
TXN_003648,CUST_0008,2026-06-07 22:39:00,25.62,Entertainment,Mobile
TXN_003649,CUST_0492,2026-06-16 20:41:00,19.14,Travel,POS
TXN_003650,CUST_0221,2026-06-24 22:48:00,31.43,Grocery,POS
TXN_003651,CUST_0464,2026-06-27 03:27:00,42.79,Shopping,POS
TXN_003652,CUST_0442,2026-05-04 17:12:00,48.86,Electronics,POS
TXN_003653,CUST_0428,2026-05-30 14:19:00,34.76,Electronics,Mobile
TXN_003654,CUST_0090,2026-04-07 11:04:00,13.09,Electronics,POS
TXN_003655,CUST_0256,2026-04-19 17:57:00,25.83,Grocery,Mobile
TXN_003656,CUST_0173,2026-01-22 17:20:00,36.79,Healthcare,Online
TXN_003657,CUST_0227,2026-04-20 15:48:00,165.99,Grocery,Mobile
TXN_003658,CUST_0053,2026-06-01 05:09:00,38.63,Electronics,Online
TXN_003659,CUST_0139,2026-01-27 06:55:00,114.32,Entertainment,POS
TXN_003660,CUST_0437,2026-04-08 20:27:00,15.05,Electronics,Mobile
TXN_003661,CUST_0284,2026-03-01 02:14:00,10.38,Restaurant,ATM
TXN_003662,CUST_0354,2026-01-18 15:27:00,60.48,Shopping,Online
TXN_003663,CUST_0089,2026-03-28 11:06:00,51.97,Entertainment,Online
TXN_003664,CUST_0354,2026-01-29 06:53:00,26.28,Shopping,POS
TXN_003665,CUST_0197,2026-02-16 09:14:00,29.56,Travel,Mobile
TXN_003666,CUST_0287,2026-04-30 20:16:00,46.29,Shopping,Online
TXN_003667,CUST_0437,2026-01-11 23:48:00,22.4,Utilities,Online
TXN_003668,CUST_0297,2026-03-20 15:51:00,40.36,Entertainment,POS
TXN_003669,CUST_0279,2026-01-16 07:07:00,111.89,Restaurant,Online
TXN_003670,CUST_0160,2026-06-05 07:10:00,18.23,Grocery,Online
TXN_003671,CUST_0307,2026-01-26 20:42:00,103.04,Restaurant,Online
TXN_003672,CUST_0214,2026-05-04 02:57:00,103.29,Restaurant,Mobile
TXN_003673,CUST_0233,2026-05-31 07:06:00,10.53,Healthcare,Online
TXN_003674,CUST_0078,2026-03-08 20:02:00,170.91,Healthcare,Online
TXN_003675,CUST_0216,2026-04-08 10:54:00,213.6,Healthcare,Online
TXN_003676,CUST_0392,2026-04-11 10:42:00,54.11,Utilities,POS
TXN_003677,CUST_0437,2026-05-13 18:10:00,9.39,Travel,Online
TXN_003678,CUST_0192,2026-02-09 12:41:00,48.34,Travel,ATM
TXN_003679,CUST_0345,2026-04-06 10:10:00,141.94,Utilities,POS
TXN_003680,CUST_0475,2026-01-30 18:33:00,18.39,Restaurant,POS
TXN_003681,CUST_0097,2026-03-05 18:51:00,27.12,Healthcare,Mobile
TXN_003682,CUST_0483,2026-06-15 18:22:00,69.72,Restaurant,Mobile
TXN_003683,CUST_0490,2026-06-08 09:58:00,75.68,Restaurant,Online
TXN_003684,CUST_0334,2026-06-19 00:55:00,15.72,Shopping,Online
TXN_003685,CUST_0026,2026-03-11 11:30:00,676.35,Entertainment,Online
TXN_003686,CUST_0243,2026-02-05 22:52:00,23.59,Utilities,POS
TXN_003687,CUST_0362,2026-05-29 15:52:00,118.04,Restaurant,Online
TXN_003688,CUST_0240,2026-02-03 00:27:00,23.88,Grocery,Mobile
TXN_003689,CUST_0325,2026-04-15 11:21:00,63.98,Entertainment,POS
TXN_003690,CUST_0029,2026-01-30 10:02:00,2.72,Restaurant,POS
TXN_003691,CUST_0073,2026-05-27 05:04:00,19.05,Entertainment,Online
TXN_003692,CUST_0023,2026-05-31 20:23:00,11.49,Entertainment,Online
TXN_003693,CUST_0421,2026-05-04 19:48:00,58.14,Healthcare,Online
TXN_003694,CUST_0238,2026-06-10 22:48:00,4.66,Healthcare,POS
TXN_003695,CUST_0017,2026-05-12 23:56:00,39.94,Restaurant,ATM
TXN_003696,CUST_0467,2026-04-18 03:24:00,27.27,Travel,POS
TXN_003697,CUST_0187,2026-02-09 14:13:00,13.4,Healthcare,Mobile
TXN_003698,CUST_0352,2026-05-26 00:30:00,18.75,Electronics,Online
TXN_003699,CUST_0130,2026-06-03 00:50:00,18.51,Grocery,Online
TXN_003700,CUST_0146,2026-04-13 19:12:00,94.27,Travel,POS
TXN_003701,CUST_0024,2026-05-16 12:19:00,13.24,Utilities,Mobile
TXN_003702,CUST_0365,2026-05-25 06:28:00,76.92,Grocery,Online
TXN_003703,CUST_0092,2026-03-24 02:51:00,41.48,Healthcare,ATM
TXN_003704,CUST_0046,2026-05-12 19:56:00,127.44,Shopping,POS
TXN_003705,CUST_0320,2026-01-26 01:19:00,31.1,Restaurant,POS
TXN_003706,CUST_0258,2026-01-06 13:29:00,52.14,Travel,Online
TXN_003707,CUST_0131,2026-04-30 00:27:00,82.96,Shopping,Online
TXN_003708,CUST_0299,2026-01-28 05:11:00,8.44,Travel,POS
TXN_003709,CUST_0182,2026-05-01 18:09:00,28.38,Shopping,ATM
TXN_003710,CUST_0033,2026-03-25 01:06:00,36.23,Shopping,Online
TXN_003711,CUST_0037,2026-01-03 15:21:00,10.9,Travel,Mobile
TXN_003712,CUST_0089,2026-03-20 00:44:00,34.71,Grocery,Online
TXN_003713,CUST_0388,2026-02-02 22:31:00,37.87,Utilities,POS
TXN_003714,CUST_0098,2026-04-07 16:21:00,168.45,Restaurant,Online
TXN_003715,CUST_0336,2026-06-28 13:57:00,20.86,Electronics,POS
TXN_003716,CUST_0196,2026-06-28 21:56:00,17.02,Restaurant,POS
TXN_003717,CUST_0475,2026-02-21 20:36:00,769.52,Electronics,POS
TXN_003718,CUST_0143,2026-02-23 23:51:00,155.12,Restaurant,POS
TXN_003719,CUST_0287,2026-03-26 05:38:00,41.79,Restaurant,Mobile
TXN_003720,CUST_0271,2026-01-31 19:10:00,23.53,Shopping,POS
TXN_003721,CUST_0019,2026-01-06 01:52:00,94.11,Entertainment,Mobile
TXN_003722,CUST_0146,2026-01-12 05:52:00,110.3,Grocery,Online
TXN_003723,CUST_0043,2026-03-10 13:43:00,20.77,Grocery,POS
TXN_003724,CUST_0263,2026-02-05 21:55:00,22.91,Grocery,ATM
TXN_003725,CUST_0299,2026-04-04 03:50:00,31.89,Restaurant,POS
TXN_003726,CUST_0164,2026-06-06 17:39:00,37.86,Shopping,Online
TXN_003727,CUST_0365,2026-06-26 08:02:00,32.74,Travel,Mobile
TXN_003728,CUST_0299,2026-04-21 02:43:00,11.13,Shopping,POS
TXN_003729,CUST_0462,2026-03-02 02:24:00,42.39,Electronics,POS
TXN_003730,CUST_0140,2026-06-16 18:06:00,7.02,Utilities,ATM
TXN_003731,CUST_0346,2026-05-09 10:36:00,9.06,Shopping,Mobile
TXN_003732,CUST_0397,2026-04-06 04:01:00,15.33,Grocery,Online
TXN_003733,CUST_0363,2026-02-11 00:50:00,35.17,Utilities,Online
TXN_003734,CUST_0404,2026-06-08 08:23:00,87.22,Grocery,Mobile
TXN_003735,CUST_0465,2026-03-19 23:54:00,105.16,Healthcare,POS
TXN_003736,CUST_0039,2026-03-30 13:21:00,24.41,Grocery,POS
TXN_003737,CUST_0113,2026-06-28 14:45:00,44.83,Shopping,Online
TXN_003738,CUST_0239,2026-06-15 07:59:00,18.37,Grocery,ATM
TXN_003739,CUST_0420,2026-05-15 13:55:00,35.72,Entertainment,POS
TXN_003740,CUST_0143,2026-02-21 17:31:00,5.65,Travel,Mobile
TXN_003741,CUST_0329,2026-04-14 03:41:00,23.25,Restaurant,POS
TXN_003742,CUST_0327,2026-03-17 04:41:00,41.57,Restaurant,ATM
TXN_003743,CUST_0227,2026-01-28 06:38:00,31.02,Electronics,ATM
TXN_003744,CUST_0424,2026-04-04 07:55:00,105.94,Travel,Online
TXN_003745,CUST_0394,2026-01-10 15:12:00,114.13,Shopping,POS
TXN_003746,CUST_0304,2026-03-28 17:46:00,25.59,Shopping,Online
TXN_003747,CUST_0007,2026-05-21 15:07:00,33.16,Utilities,Mobile
TXN_003748,CUST_0327,2026-03-28 15:50:00,4.77,Grocery,Online
TXN_003749,CUST_0398,2026-02-01 23:12:00,31.56,Electronics,Online
TXN_003750,CUST_0452,2026-01-28 00:32:00,8.44,Travel,POS
TXN_003751,CUST_0041,2026-03-09 01:50:00,18.33,Electronics,POS
TXN_003752,CUST_0465,2026-06-04 07:07:00,235.48,Entertainment,Mobile
TXN_003753,CUST_0447,2026-01-17 09:38:00,67.24,Restaurant,POS
TXN_003754,CUST_0433,2026-01-17 18:34:00,71.93,Restaurant,Mobile
TXN_003755,CUST_0115,2026-05-08 11:24:00,17.11,Electronics,POS
TXN_003756,CUST_0429,2026-05-08 05:59:00,42.01,Electronics,Online
TXN_003757,CUST_0310,2026-06-21 18:48:00,17.38,Travel,Mobile
TXN_003758,CUST_0048,2026-04-12 07:35:00,15.97,Restaurant,POS
TXN_003759,CUST_0471,2026-05-31 19:21:00,17.22,Travel,Mobile
TXN_003760,CUST_0280,2026-04-25 23:09:00,48.61,Entertainment,Online
TXN_003761,CUST_0181,2026-06-18 06:40:00,107.47,Shopping,Mobile
TXN_003762,CUST_0176,2026-04-24 13:09:00,207.29,Entertainment,POS
TXN_003763,CUST_0375,2026-06-16 18:45:00,15.06,Utilities,Mobile
TXN_003764,CUST_0417,2026-05-18 09:29:00,11.5,Travel,POS
TXN_003765,CUST_0207,2026-06-04 23:19:00,12.27,Electronics,Mobile
TXN_003766,CUST_0481,2026-02-18 13:39:00,19.12,Travel,Online
TXN_003767,CUST_0434,2026-02-08 09:53:00,9.16,Travel,POS
TXN_003768,CUST_0071,2026-04-22 11:54:00,24.21,Healthcare,Online
TXN_003769,CUST_0339,2026-05-19 02:19:00,28.4,Entertainment,POS
TXN_003770,CUST_0341,2026-04-06 14:22:00,13.92,Shopping,Mobile
TXN_003771,CUST_0201,2026-02-27 15:10:00,61.49,Travel,ATM
TXN_003772,CUST_0115,2026-03-24 15:26:00,102.0,Electronics,Mobile
TXN_003773,CUST_0124,2026-01-12 19:35:00,57.88,Entertainment,Mobile
TXN_003774,CUST_0101,2026-02-04 14:49:00,29.44,Healthcare,Mobile
TXN_003775,CUST_0032,2026-05-19 02:16:00,37.23,Shopping,Online
TXN_003776,CUST_0358,2026-04-08 21:27:00,28.04,Grocery,POS
TXN_003777,CUST_0263,2026-06-13 13:30:00,18.04,Electronics,Mobile
TXN_003778,CUST_0201,2026-03-17 09:06:00,10.85,Grocery,Online
TXN_003779,CUST_0214,2026-02-22 18:14:00,63.37,Electronics,Online
TXN_003780,CUST_0404,2026-05-30 09:47:00,59.08,Grocery,Online
TXN_003781,CUST_0408,2026-01-20 18:51:00,40.34,Healthcare,Online
TXN_003782,CUST_0209,2026-02-02 21:21:00,34.57,Grocery,Mobile
TXN_003783,CUST_0134,2026-06-24 23:52:00,16.94,Shopping,Online
TXN_003784,CUST_0167,2026-02-15 11:11:00,14.52,Travel,POS
TXN_003785,CUST_0255,2026-02-15 12:04:00,52.6,Healthcare,POS
TXN_003786,CUST_0051,2026-03-15 07:21:00,116.24,Electronics,Mobile
TXN_003787,CUST_0229,2026-05-11 13:13:00,34.93,Entertainment,POS
TXN_003788,CUST_0213,2026-01-06 11:39:00,62.06,Healthcare,Mobile
TXN_003789,CUST_0061,2026-05-17 22:25:00,35.04,Entertainment,POS
TXN_003790,CUST_0182,2026-01-21 21:06:00,18.96,Healthcare,Online
TXN_003791,CUST_0206,2026-04-13 22:02:00,26.4,Electronics,POS
TXN_003792,CUST_0242,2026-05-28 13:05:00,63.38,Shopping,Online
TXN_003793,CUST_0435,2026-02-20 10:29:00,10.92,Utilities,POS
TXN_003794,CUST_0357,2026-05-05 14:31:00,26.14,Shopping,Mobile
TXN_003795,CUST_0184,2026-04-09 04:16:00,59.44,Electronics,POS
TXN_003796,CUST_0198,2026-06-04 15:26:00,35.05,Shopping,ATM
TXN_003797,CUST_0268,2026-06-24 23:45:00,10.13,Grocery,POS
TXN_003798,CUST_0381,2026-05-05 12:17:00,20.11,Healthcare,ATM
TXN_003799,CUST_0073,2026-01-01 16:13:00,60.65,Shopping,Online
TXN_003800,CUST_0441,2026-01-26 18:17:00,25.02,Shopping,ATM
TXN_003801,CUST_0060,2026-05-06 03:45:00,24.4,Restaurant,Online
TXN_003802,CUST_0271,2026-03-05 04:15:00,90.96,Entertainment,Online
TXN_003803,CUST_0341,2026-04-07 08:54:00,37.28,Restaurant,Online
TXN_003804,CUST_0355,2026-02-15 07:32:00,14.83,Entertainment,POS
TXN_003805,CUST_0313,2026-06-10 20:11:00,315.6,Electronics,Online
TXN_003806,CUST_0240,2026-01-01 00:18:00,55.92,Utilities,Online
TXN_003807,CUST_0347,2026-05-30 16:03:00,15.32,Restaurant,ATM
TXN_003808,CUST_0304,2026-03-13 01:42:00,151.51,Electronics,POS
TXN_003809,CUST_0018,2026-06-23 01:42:00,19.78,Electronics,ATM
TXN_003810,CUST_0007,2026-06-11 20:58:00,34.01,Electronics,ATM
TXN_003811,CUST_0367,2026-04-26 00:00:00,26.26,Restaurant,Mobile
TXN_003812,CUST_0331,2026-05-11 11:43:00,23.52,Shopping,ATM
TXN_003813,CUST_0116,2026-03-09 02:29:00,12.53,Grocery,POS
TXN_003814,CUST_0116,2026-02-27 15:55:00,7.54,Entertainment,POS
TXN_003815,CUST_0246,2026-05-08 11:59:00,95.58,Entertainment,ATM
TXN_003816,CUST_0398,2026-05-24 03:54:00,88.0,Healthcare,Mobile
TXN_003817,CUST_0205,2026-02-06 13:28:00,7.94,Electronics,Mobile
TXN_003818,CUST_0429,2026-05-07 16:06:00,52.7,Entertainment,POS
TXN_003819,CUST_0142,2026-04-18 02:12:00,110.18,Restaurant,POS
TXN_003820,CUST_0484,2026-01-09 23:35:00,30.15,Utilities,Mobile
TXN_003821,CUST_0280,2026-02-03 19:42:00,76.7,Restaurant,Mobile
TXN_003822,CUST_0460,2026-04-27 15:39:00,37.82,Restaurant,POS
TXN_003823,CUST_0374,2026-05-04 21:08:00,12.19,Electronics,Online
TXN_003824,CUST_0234,2026-04-13 15:36:00,37.87,Healthcare,POS
TXN_003825,CUST_0320,2026-04-22 06:32:00,10.35,Travel,POS
TXN_003826,CUST_0360,2026-01-24 08:45:00,422.55,Grocery,POS
TXN_003827,CUST_0464,2026-02-01 11:11:00,34.85,Utilities,Online
TXN_003828,CUST_0150,2026-05-10 18:07:00,66.46,Healthcare,ATM
TXN_003829,CUST_0481,2026-03-30 02:21:00,22.77,Entertainment,Online
TXN_003830,CUST_0139,2026-04-28 11:33:00,20.49,Healthcare,POS
TXN_003831,CUST_0484,2026-05-27 22:34:00,47.03,Restaurant,Mobile
TXN_003832,CUST_0365,2026-04-28 18:03:00,9.67,Electronics,Mobile
TXN_003833,CUST_0267,2026-05-27 17:04:00,117.05,Restaurant,Online
TXN_003834,CUST_0093,2026-05-07 15:30:00,31.26,Electronics,ATM
TXN_003835,CUST_0225,2026-05-03 03:42:00,23.26,Healthcare,Online
TXN_003836,CUST_0064,2026-03-11 11:17:00,26.79,Electronics,Mobile
TXN_003837,CUST_0158,2026-06-24 21:30:00,213.34,Electronics,Online
TXN_003838,CUST_0098,2026-05-22 03:31:00,37.51,Travel,POS
TXN_003839,CUST_0308,2026-03-24 19:27:00,24.04,Travel,Online
TXN_003840,CUST_0190,2026-03-15 23:55:00,54.45,Entertainment,Mobile
TXN_003841,CUST_0413,2026-03-10 05:27:00,77.01,Entertainment,Online
TXN_003842,CUST_0190,2026-01-12 13:59:00,24.94,Grocery,Online
TXN_003843,CUST_0177,2026-05-30 18:52:00,12.4,Healthcare,Online
TXN_003844,CUST_0085,2026-03-05 11:24:00,18.29,Utilities,POS
TXN_003845,CUST_0039,2026-01-25 17:27:00,21.99,Travel,POS
TXN_003846,CUST_0245,2026-03-28 12:34:00,73.7,Restaurant,Online
TXN_003847,CUST_0112,2026-02-13 03:10:00,31.09,Entertainment,Mobile
TXN_003848,CUST_0389,2026-04-11 18:16:00,206.06,Electronics,ATM
TXN_003849,CUST_0150,2026-04-09 07:43:00,69.27,Entertainment,Mobile
TXN_003850,CUST_0043,2026-01-01 08:46:00,24.93,Travel,POS
TXN_003851,CUST_0248,2026-05-24 15:08:00,5.41,Shopping,Online
TXN_003852,CUST_0119,2026-03-08 17:51:00,19.64,Utilities,POS
TXN_003853,CUST_0379,2026-05-08 03:47:00,23.78,Restaurant,Mobile
TXN_003854,CUST_0253,2026-06-27 16:17:00,49.13,Grocery,Online
TXN_003855,CUST_0464,2026-03-10 11:18:00,35.78,Travel,POS
TXN_003856,CUST_0215,2026-02-09 17:13:00,17.61,Restaurant,Online
TXN_003857,CUST_0257,2026-05-25 11:22:00,58.09,Utilities,Online
TXN_003858,CUST_0406,2026-04-21 04:07:00,5.36,Travel,POS
TXN_003859,CUST_0386,2026-02-10 22:31:00,98.58,Healthcare,Online
TXN_003860,CUST_0078,2026-05-02 01:42:00,23.53,Entertainment,Online
TXN_003861,CUST_0306,2026-03-14 05:24:00,211.43,Grocery,POS
TXN_003862,CUST_0065,2026-05-28 13:39:00,164.34,Grocery,POS
TXN_003863,CUST_0241,2026-04-30 21:48:00,115.91,Utilities,POS
TXN_003864,CUST_0301,2026-01-19 15:05:00,21.96,Shopping,POS
TXN_003865,CUST_0162,2026-06-14 08:01:00,32.08,Grocery,Mobile
TXN_003866,CUST_0472,2026-04-13 01:32:00,42.64,Healthcare,POS
TXN_003867,CUST_0048,2026-04-08 06:20:00,9.79,Grocery,ATM
TXN_003868,CUST_0180,2026-06-11 10:30:00,7.59,Utilities,Online
TXN_003869,CUST_0418,2026-04-16 10:36:00,370.09,Restaurant,Online
TXN_003870,CUST_0009,2026-05-03 18:14:00,150.96,Restaurant,Online
TXN_003871,CUST_0110,2026-04-06 21:33:00,36.96,Utilities,Mobile
TXN_003872,CUST_0338,2026-04-11 02:23:00,136.99,Grocery,Online
TXN_003873,CUST_0277,2026-03-14 19:00:00,29.73,Shopping,POS
TXN_003874,CUST_0126,2026-01-20 14:23:00,39.72,Healthcare,ATM
TXN_003875,CUST_0296,2026-04-23 15:39:00,6.61,Electronics,POS
TXN_003876,CUST_0443,2026-02-03 03:43:00,176.18,Healthcare,Online
TXN_003877,CUST_0126,2026-03-21 01:18:00,56.05,Entertainment,Online
TXN_003878,CUST_0145,2026-06-03 18:02:00,63.95,Grocery,Online
TXN_003879,CUST_0436,2026-04-15 12:31:00,44.61,Shopping,POS
TXN_003880,CUST_0095,2026-03-02 11:31:00,31.08,Entertainment,POS
TXN_003881,CUST_0103,2026-06-05 00:13:00,65.03,Healthcare,POS
TXN_003882,CUST_0217,2026-04-23 00:01:00,35.04,Utilities,Mobile
TXN_003883,CUST_0383,2026-05-28 10:58:00,38.62,Entertainment,Mobile
TXN_003884,CUST_0165,2026-04-16 17:43:00,35.99,Grocery,POS
TXN_003885,CUST_0035,2026-05-21 11:41:00,58.98,Entertainment,POS
TXN_003886,CUST_0299,2026-04-30 15:36:00,28.53,Entertainment,Online
TXN_003887,CUST_0333,2026-03-15 21:55:00,242.1,Utilities,Online
TXN_003888,CUST_0021,2026-03-01 22:07:00,160.64,Shopping,ATM
TXN_003889,CUST_0023,2026-05-02 13:20:00,29.04,Entertainment,Mobile
TXN_003890,CUST_0315,2026-06-27 00:55:00,40.28,Electronics,POS
TXN_003891,CUST_0333,2026-03-16 16:15:00,36.88,Electronics,POS
TXN_003892,CUST_0216,2026-06-11 16:42:00,21.75,Travel,Online
TXN_003893,CUST_0467,2026-03-09 10:58:00,73.54,Electronics,POS
TXN_003894,CUST_0156,2026-04-24 17:31:00,26.52,Travel,Online
TXN_003895,CUST_0140,2026-04-25 22:49:00,10.98,Travel,Online
TXN_003896,CUST_0312,2026-06-24 20:07:00,12.71,Electronics,POS
TXN_003897,CUST_0073,2026-03-11 08:06:00,26.64,Restaurant,POS
TXN_003898,CUST_0255,2026-04-06 14:53:00,131.27,Travel,Mobile
TXN_003899,CUST_0414,2026-02-05 21:54:00,146.04,Shopping,POS
TXN_003900,CUST_0184,2026-03-25 22:43:00,20.72,Healthcare,POS
TXN_003901,CUST_0263,2026-06-19 06:07:00,1902.15,Utilities,Mobile
TXN_003902,CUST_0229,2026-05-22 00:14:00,47.35,Shopping,POS
TXN_003903,CUST_0048,2026-04-25 19:19:00,55.35,Restaurant,POS
TXN_003904,CUST_0022,2026-01-29 21:36:00,70.08,Shopping,Mobile
TXN_003905,CUST_0357,2026-02-01 01:11:00,75.17,Healthcare,Online
TXN_003906,CUST_0278,2026-03-17 06:20:00,183.14,Entertainment,Online
TXN_003907,CUST_0010,2026-05-15 21:42:00,14.21,Shopping,Mobile
TXN_003908,CUST_0456,2026-01-02 22:48:00,189.45,Grocery,POS
TXN_003909,CUST_0028,2026-02-13 17:55:00,77.7,Shopping,Mobile
TXN_003910,CUST_0330,2026-05-19 00:32:00,1042.5,Utilities,Mobile
TXN_003911,CUST_0120,2026-04-27 06:15:00,9.17,Travel,POS
TXN_003912,CUST_0282,2026-03-23 15:34:00,13.25,Healthcare,Online
TXN_003913,CUST_0160,2026-06-23 03:56:00,13.73,Electronics,POS
TXN_003914,CUST_0440,2026-06-06 16:31:00,17.17,Travel,POS
TXN_003915,CUST_0339,2026-04-29 19:40:00,18.95,Restaurant,Online
TXN_003916,CUST_0280,2026-01-01 00:59:00,11.81,Utilities,POS
TXN_003917,CUST_0477,2026-03-26 15:29:00,11.1,Healthcare,Mobile
TXN_003918,CUST_0034,2026-06-03 13:57:00,19.37,Electronics,POS
TXN_003919,CUST_0158,2026-05-27 17:10:00,12.24,Restaurant,POS
TXN_003920,CUST_0114,2026-05-02 22:11:00,37.78,Entertainment,Online
TXN_003921,CUST_0143,2026-04-28 11:24:00,72.3,Travel,Mobile
TXN_003922,CUST_0364,2026-05-23 05:11:00,10.3,Electronics,POS
TXN_003923,CUST_0293,2026-03-24 19:41:00,24.02,Restaurant,POS
TXN_003924,CUST_0464,2026-03-29 05:12:00,34.74,Shopping,Online
TXN_003925,CUST_0442,2026-01-06 01:53:00,4.83,Entertainment,POS
TXN_003926,CUST_0054,2026-05-21 12:02:00,68.52,Travel,Mobile
TXN_003927,CUST_0400,2026-02-19 20:31:00,30.26,Healthcare,ATM
TXN_003928,CUST_0239,2026-04-27 07:27:00,165.49,Electronics,Online
TXN_003929,CUST_0289,2026-04-11 14:35:00,30.57,Restaurant,POS
TXN_003930,CUST_0164,2026-04-23 22:46:00,17.96,Utilities,Online
TXN_003931,CUST_0021,2026-06-07 01:02:00,84.74,Electronics,Online
TXN_003932,CUST_0083,2026-03-20 23:41:00,5.91,Utilities,POS
TXN_003933,CUST_0434,2026-04-07 07:03:00,160.09,Healthcare,ATM
TXN_003934,CUST_0169,2026-02-03 05:10:00,33.74,Entertainment,Mobile
TXN_003935,CUST_0067,2026-05-17 08:06:00,13.2,Entertainment,Online
TXN_003936,CUST_0111,2026-01-15 06:23:00,5.81,Grocery,Online
TXN_003937,CUST_0126,2026-01-29 10:52:00,35.6,Entertainment,Mobile
TXN_003938,CUST_0422,2026-01-12 20:06:00,18.87,Grocery,Mobile
TXN_003939,CUST_0086,2026-02-03 13:30:00,125.42,Travel,Online
TXN_003940,CUST_0229,2026-05-06 07:28:00,17.43,Electronics,POS
TXN_003941,CUST_0473,2026-06-07 20:48:00,37.36,Shopping,Online
TXN_003942,CUST_0166,2026-01-09 17:38:00,64.22,Entertainment,POS
TXN_003943,CUST_0458,2026-04-06 11:33:00,37.84,Electronics,Online
TXN_003944,CUST_0493,2026-06-01 00:03:00,23.87,Electronics,POS
TXN_003945,CUST_0318,2026-01-26 17:57:00,19.1,Shopping,Online
TXN_003946,CUST_0185,2026-05-30 00:00:00,17.87,Grocery,Online
TXN_003947,CUST_0115,2026-04-06 22:40:00,99.47,Grocery,Mobile
TXN_003948,CUST_0075,2026-05-06 21:28:00,30.14,Grocery,Online
TXN_003949,CUST_0238,2026-03-03 02:57:00,71.37,Grocery,ATM
TXN_003950,CUST_0262,2026-01-16 19:26:00,19.56,Travel,Mobile
TXN_003951,CUST_0042,2026-04-24 11:16:00,27.81,Shopping,ATM
TXN_003952,CUST_0445,2026-03-30 07:31:00,286.57,Shopping,Online
TXN_003953,CUST_0074,2026-05-17 12:22:00,113.55,Electronics,Online
TXN_003954,CUST_0161,2026-06-06 23:29:00,51.28,Grocery,POS
TXN_003955,CUST_0311,2026-01-13 11:45:00,128.71,Entertainment,Online
TXN_003956,CUST_0257,2026-06-16 15:50:00,80.36,Healthcare,POS
TXN_003957,CUST_0390,2026-01-21 09:06:00,46.38,Entertainment,Online
TXN_003958,CUST_0356,2026-03-15 07:38:00,52.05,Electronics,Mobile
TXN_003959,CUST_0400,2026-06-13 19:17:00,10.54,Grocery,Online
TXN_003960,CUST_0115,2026-06-26 07:48:00,69.48,Healthcare,Online
TXN_003961,CUST_0092,2026-05-09 09:44:00,44.67,Entertainment,POS
TXN_003962,CUST_0433,2026-05-29 01:07:00,17.75,Grocery,ATM
TXN_003963,CUST_0284,2026-03-23 12:25:00,57.67,Electronics,POS
TXN_003964,CUST_0270,2026-04-05 15:19:00,8.75,Healthcare,Online
TXN_003965,CUST_0146,2026-02-27 14:31:00,27.64,Healthcare,POS
TXN_003966,CUST_0472,2026-01-15 19:31:00,16.21,Travel,Online
TXN_003967,CUST_0402,2026-03-25 12:55:00,11.64,Shopping,POS
TXN_003968,CUST_0018,2026-05-05 08:37:00,38.59,Electronics,POS
TXN_003969,CUST_0118,2026-02-21 22:23:00,28.21,Electronics,POS
TXN_003970,CUST_0396,2026-06-20 19:18:00,285.42,Electronics,Mobile
TXN_003971,CUST_0256,2026-06-11 16:34:00,10.6,Healthcare,Mobile
TXN_003972,CUST_0285,2026-04-19 09:58:00,23.64,Restaurant,Online
TXN_003973,CUST_0420,2026-03-03 17:38:00,5.22,Utilities,Mobile
TXN_003974,CUST_0364,2026-04-05 18:36:00,241.43,Utilities,Online
TXN_003975,CUST_0060,2026-04-30 17:33:00,95.08,Restaurant,Online
TXN_003976,CUST_0213,2026-01-11 02:18:00,26.1,Entertainment,POS
TXN_003977,CUST_0196,2026-03-24 01:37:00,67.65,Healthcare,Online
TXN_003978,CUST_0362,2026-06-28 14:24:00,14.82,Shopping,Online
TXN_003979,CUST_0200,2026-01-04 02:47:00,32.68,Utilities,ATM
TXN_003980,CUST_0243,2026-05-06 21:41:00,181.6,Restaurant,POS
TXN_003981,CUST_0277,2026-04-15 03:45:00,6.28,Utilities,Mobile
TXN_003982,CUST_0189,2026-06-21 06:05:00,13.81,Travel,Online
TXN_003983,CUST_0473,2026-03-12 12:21:00,42.1,Grocery,Mobile
TXN_003984,CUST_0146,2026-02-03 19:49:00,19.43,Restaurant,Online
TXN_003985,CUST_0169,2026-01-17 21:36:00,33.79,Healthcare,POS
TXN_003986,CUST_0225,2026-03-07 12:05:00,7.54,Healthcare,Online
TXN_003987,CUST_0365,2026-05-10 19:24:00,118.4,Entertainment,Online
TXN_003988,CUST_0018,2026-05-23 08:44:00,2.58,Shopping,Online
TXN_003989,CUST_0499,2026-02-11 13:50:00,47.18,Utilities,Online
TXN_003990,CUST_0164,2026-05-10 23:58:00,8.91,Travel,Mobile
TXN_003991,CUST_0128,2026-05-23 20:20:00,33.71,Electronics,Online
TXN_003992,CUST_0239,2026-01-03 04:39:00,34.38,Healthcare,Online
TXN_003993,CUST_0025,2026-02-19 17:52:00,55.79,Travel,Online
TXN_003994,CUST_0066,2026-05-27 13:48:00,17.89,Electronics,POS
TXN_003995,CUST_0146,2026-04-02 02:35:00,43.06,Healthcare,Online
TXN_003996,CUST_0414,2026-02-12 05:16:00,7.77,Shopping,Online
TXN_003997,CUST_0313,2026-05-20 01:58:00,105.48,Electronics,POS
TXN_003998,CUST_0118,2026-04-24 02:43:00,21.29,Electronics,POS
TXN_003999,CUST_0434,2026-04-02 06:32:00,8.76,Shopping,Online
TXN_004000,CUST_0073,2026-03-21 01:38:00,24.92,Healthcare,Mobile
TXN_004001,CUST_0089,2026-03-08 05:33:00,103.84,Entertainment,Online
TXN_004002,CUST_0320,2026-02-14 02:38:00,37.09,Electronics,Mobile
TXN_004003,CUST_0223,2026-06-19 17:44:00,19.64,Entertainment,POS
TXN_004004,CUST_0335,2026-03-05 15:51:00,7.76,Grocery,ATM
TXN_004005,CUST_0140,2026-01-08 03:22:00,92.7,Shopping,POS
TXN_004006,CUST_0352,2026-05-23 02:58:00,20.66,Healthcare,ATM
TXN_004007,CUST_0232,2026-05-11 04:21:00,29.94,Restaurant,ATM
TXN_004008,CUST_0367,2026-04-30 22:36:00,12.85,Electronics,Online
TXN_004009,CUST_0435,2026-06-07 15:02:00,6.92,Healthcare,Mobile
TXN_004010,CUST_0063,2026-03-25 02:01:00,439.57,Entertainment,Mobile
TXN_004011,CUST_0240,2026-05-05 15:48:00,17.35,Electronics,Online
TXN_004012,CUST_0215,2026-03-17 12:04:00,77.23,Entertainment,Mobile
TXN_004013,CUST_0174,2026-02-25 11:16:00,54.47,Shopping,Online
TXN_004014,CUST_0062,2026-01-01 06:33:00,19.5,Travel,POS
TXN_004015,CUST_0336,2026-02-06 17:46:00,8.14,Utilities,Online
TXN_004016,CUST_0156,2026-01-15 12:25:00,85.56,Utilities,Online
TXN_004017,CUST_0020,2026-05-17 23:51:00,6.62,Utilities,Online
TXN_004018,CUST_0198,2026-01-04 04:14:00,117.33,Grocery,POS
TXN_004019,CUST_0228,2026-03-05 14:52:00,45.92,Restaurant,POS
TXN_004020,CUST_0107,2026-06-09 10:01:00,29.92,Shopping,POS
TXN_004021,CUST_0046,2026-06-18 16:56:00,78.72,Utilities,POS
TXN_004022,CUST_0329,2026-06-02 00:21:00,96.42,Electronics,Online
TXN_004023,CUST_0438,2026-04-13 05:55:00,97.07,Healthcare,Online
TXN_004024,CUST_0285,2026-01-26 12:44:00,100.53,Travel,Online
TXN_004025,CUST_0111,2026-03-21 05:07:00,7.0,Grocery,Mobile
TXN_004026,CUST_0453,2026-02-03 22:25:00,29.34,Travel,POS
TXN_004027,CUST_0186,2026-03-17 14:37:00,46.84,Shopping,Online
TXN_004028,CUST_0408,2026-03-04 05:26:00,23.64,Shopping,POS
TXN_004029,CUST_0113,2026-02-26 23:01:00,26.01,Utilities,Online
TXN_004030,CUST_0140,2026-02-08 21:18:00,46.88,Grocery,Online
TXN_004031,CUST_0482,2026-03-29 10:05:00,10.62,Healthcare,POS
TXN_004032,CUST_0194,2026-05-30 23:11:00,55.18,Utilities,Mobile
TXN_004033,CUST_0473,2026-05-23 05:57:00,4.8,Healthcare,Mobile
TXN_004034,CUST_0163,2026-04-28 16:09:00,13.33,Healthcare,Online
TXN_004035,CUST_0142,2026-05-01 15:08:00,14.64,Restaurant,POS
TXN_004036,CUST_0106,2026-05-31 16:29:00,276.29,Travel,POS
TXN_004037,CUST_0326,2026-01-11 13:33:00,7.56,Healthcare,POS
TXN_004038,CUST_0335,2026-04-13 22:59:00,39.07,Travel,POS
TXN_004039,CUST_0313,2026-03-13 03:13:00,42.38,Shopping,Online
TXN_004040,CUST_0495,2026-06-25 09:54:00,34.35,Utilities,Online
TXN_004041,CUST_0489,2026-04-29 15:10:00,30.32,Electronics,POS
TXN_004042,CUST_0117,2026-01-02 01:04:00,10.23,Healthcare,POS
TXN_004043,CUST_0138,2026-04-09 07:04:00,69.94,Travel,Online
TXN_004044,CUST_0417,2026-03-29 23:58:00,28.95,Travel,ATM
TXN_004045,CUST_0464,2026-04-16 19:55:00,78.65,Grocery,Online
TXN_004046,CUST_0150,2026-06-10 06:44:00,39.71,Electronics,POS
TXN_004047,CUST_0033,2026-05-12 16:14:00,4.5,Electronics,Mobile
TXN_004048,CUST_0244,2026-04-07 18:17:00,42.34,Entertainment,Online
TXN_004049,CUST_0096,2026-06-19 10:40:00,31.08,Shopping,POS
TXN_004050,CUST_0258,2026-05-21 05:58:00,147.62,Shopping,Mobile
TXN_004051,CUST_0247,2026-04-19 12:47:00,23.21,Healthcare,Online
TXN_004052,CUST_0166,2026-04-13 03:18:00,7.36,Shopping,POS
TXN_004053,CUST_0385,2026-02-26 09:54:00,35.76,Utilities,POS
TXN_004054,CUST_0259,2026-06-12 20:21:00,17.82,Healthcare,Online
TXN_004055,CUST_0377,2026-05-18 10:57:00,23.16,Utilities,POS
TXN_004056,CUST_0030,2026-01-27 22:35:00,13.73,Entertainment,Online
TXN_004057,CUST_0226,2026-05-21 20:18:00,63.02,Utilities,POS
TXN_004058,CUST_0230,2026-03-03 08:20:00,42.78,Healthcare,Online
TXN_004059,CUST_0361,2026-04-16 04:39:00,6.64,Shopping,Online
TXN_004060,CUST_0080,2026-03-08 23:09:00,9.1,Grocery,POS
TXN_004061,CUST_0462,2026-01-13 13:28:00,185.37,Entertainment,POS
TXN_004062,CUST_0354,2026-06-18 13:54:00,67.77,Utilities,ATM
TXN_004063,CUST_0330,2026-01-28 13:25:00,33.01,Restaurant,POS
TXN_004064,CUST_0423,2026-02-04 00:07:00,41.39,Healthcare,Online
TXN_004065,CUST_0345,2026-04-08 04:48:00,33.15,Travel,Online
TXN_004066,CUST_0104,2026-05-01 03:04:00,33.09,Healthcare,ATM
TXN_004067,CUST_0303,2026-06-05 12:03:00,123.02,Electronics,Mobile
TXN_004068,CUST_0117,2026-02-10 04:59:00,6.81,Restaurant,Online
TXN_004069,CUST_0351,2026-06-10 22:51:00,8.62,Shopping,Mobile
TXN_004070,CUST_0476,2026-03-29 02:51:00,37.08,Shopping,POS
TXN_004071,CUST_0050,2026-02-12 14:57:00,26.8,Healthcare,Mobile
TXN_004072,CUST_0264,2026-01-10 00:27:00,15.29,Restaurant,Online
TXN_004073,CUST_0120,2026-01-07 07:36:00,75.63,Shopping,POS
TXN_004074,CUST_0479,2026-05-19 08:29:00,35.7,Grocery,Mobile
TXN_004075,CUST_0119,2026-02-26 09:24:00,8.36,Entertainment,Online
TXN_004076,CUST_0237,2026-04-24 09:50:00,27.64,Healthcare,Mobile
TXN_004077,CUST_0057,2026-04-13 02:36:00,38.53,Utilities,POS
TXN_004078,CUST_0232,2026-01-01 17:26:00,16.06,Restaurant,Online
TXN_004079,CUST_0062,2026-06-21 11:36:00,50.38,Electronics,Mobile
TXN_004080,CUST_0239,2026-01-08 04:32:00,45.96,Grocery,Online
TXN_004081,CUST_0166,2026-06-01 12:01:00,5.31,Healthcare,POS
TXN_004082,CUST_0107,2026-04-11 13:59:00,42.21,Grocery,Mobile
TXN_004083,CUST_0323,2026-04-04 08:18:00,17.18,Restaurant,Mobile
TXN_004084,CUST_0124,2026-05-28 16:38:00,66.83,Utilities,Mobile
TXN_004085,CUST_0364,2026-03-17 08:21:00,26.6,Shopping,Online
TXN_004086,CUST_0496,2026-05-14 03:50:00,141.18,Travel,POS
TXN_004087,CUST_0454,2026-03-16 22:24:00,73.72,Travel,Mobile
TXN_004088,CUST_0157,2026-01-12 04:47:00,168.4,Grocery,POS
TXN_004089,CUST_0191,2026-03-09 16:41:00,4.72,Shopping,ATM
TXN_004090,CUST_0065,2026-03-09 08:28:00,30.29,Travel,Mobile
TXN_004091,CUST_0017,2026-06-27 05:58:00,35.16,Utilities,POS
TXN_004092,CUST_0174,2026-04-27 07:09:00,81.16,Grocery,Online
TXN_004093,CUST_0394,2026-03-31 17:09:00,4.39,Shopping,Mobile
TXN_004094,CUST_0160,2026-04-29 10:12:00,39.25,Healthcare,POS
TXN_004095,CUST_0003,2026-04-23 09:54:00,20.61,Grocery,Online
TXN_004096,CUST_0265,2026-03-18 05:46:00,21.47,Travel,Mobile
TXN_004097,CUST_0146,2026-06-22 07:40:00,28.8,Entertainment,POS
TXN_004098,CUST_0310,2026-01-07 21:40:00,60.75,Healthcare,Online
TXN_004099,CUST_0354,2026-04-14 09:05:00,13.45,Healthcare,POS
TXN_004100,CUST_0227,2026-05-21 10:20:00,26.06,Utilities,Mobile
TXN_004101,CUST_0169,2026-02-28 09:37:00,23.46,Travel,Online
TXN_004102,CUST_0496,2026-01-02 22:21:00,17.53,Shopping,Online
TXN_004103,CUST_0435,2026-01-01 14:41:00,36.15,Entertainment,Online
TXN_004104,CUST_0312,2026-03-02 20:46:00,51.14,Electronics,Mobile
TXN_004105,CUST_0173,2026-01-08 20:40:00,57.49,Entertainment,Mobile
TXN_004106,CUST_0498,2026-06-13 05:57:00,220.72,Utilities,POS
TXN_004107,CUST_0338,2026-06-25 01:45:00,52.19,Entertainment,POS
TXN_004108,CUST_0179,2026-06-26 04:51:00,5.07,Grocery,POS
TXN_004109,CUST_0394,2026-03-27 03:56:00,61.73,Entertainment,POS
TXN_004110,CUST_0203,2026-05-28 10:35:00,75.44,Restaurant,Mobile
TXN_004111,CUST_0358,2026-05-17 07:46:00,27.88,Grocery,Online
TXN_004112,CUST_0293,2026-06-19 18:03:00,12.94,Entertainment,POS
TXN_004113,CUST_0228,2026-06-28 19:11:00,11.42,Grocery,Mobile
TXN_004114,CUST_0284,2026-05-08 01:31:00,50.64,Electronics,POS
TXN_004115,CUST_0018,2026-01-24 14:41:00,101.95,Shopping,Mobile
TXN_004116,CUST_0262,2026-01-01 21:44:00,3.21,Shopping,Online
TXN_004117,CUST_0355,2026-03-27 23:00:00,21.67,Utilities,Online
TXN_004118,CUST_0247,2026-05-19 13:52:00,53.27,Travel,Mobile
TXN_004119,CUST_0350,2026-03-27 04:01:00,5.15,Utilities,POS
TXN_004120,CUST_0409,2026-06-23 06:22:00,28.17,Electronics,Mobile
TXN_004121,CUST_0286,2026-03-11 13:06:00,46.84,Healthcare,Online
TXN_004122,CUST_0244,2026-02-19 09:01:00,12.07,Shopping,POS
TXN_004123,CUST_0337,2026-04-12 19:04:00,3.39,Healthcare,Online
TXN_004124,CUST_0110,2026-02-17 17:59:00,54.06,Restaurant,Mobile
TXN_004125,CUST_0496,2026-04-12 10:39:00,49.29,Shopping,Mobile
TXN_004126,CUST_0039,2026-04-12 17:38:00,8.9,Electronics,POS
TXN_004127,CUST_0440,2026-04-28 06:58:00,75.15,Utilities,Online
TXN_004128,CUST_0290,2026-03-04 09:13:00,7.35,Travel,POS
TXN_004129,CUST_0011,2026-06-19 23:50:00,192.17,Restaurant,Mobile
TXN_004130,CUST_0376,2026-02-06 04:02:00,141.51,Grocery,POS
TXN_004131,CUST_0418,2026-05-15 01:22:00,67.34,Electronics,POS
TXN_004132,CUST_0342,2026-01-12 07:03:00,30.98,Shopping,POS
TXN_004133,CUST_0197,2026-01-17 01:00:00,51.02,Electronics,Mobile
TXN_004134,CUST_0017,2026-05-13 05:29:00,124.14,Restaurant,Online
TXN_004135,CUST_0162,2026-03-15 13:12:00,103.56,Shopping,Mobile
TXN_004136,CUST_0366,2026-02-07 00:38:00,92.09,Healthcare,Mobile
TXN_004137,CUST_0431,2026-06-22 06:49:00,51.68,Utilities,Online
TXN_004138,CUST_0394,2026-06-01 16:22:00,152.12,Restaurant,POS
TXN_004139,CUST_0347,2026-06-18 05:05:00,378.42,Entertainment,Online
TXN_004140,CUST_0320,2026-05-25 14:22:00,18.01,Healthcare,ATM
TXN_004141,CUST_0062,2026-03-16 11:57:00,39.02,Healthcare,POS
TXN_004142,CUST_0159,2026-04-09 03:20:00,8.91,Entertainment,Online
TXN_004143,CUST_0276,2026-05-23 11:15:00,7.89,Grocery,POS
TXN_004144,CUST_0331,2026-03-29 15:46:00,22.58,Grocery,POS
TXN_004145,CUST_0494,2026-02-17 20:37:00,18.11,Utilities,Online
TXN_004146,CUST_0017,2026-05-31 16:16:00,254.63,Utilities,Mobile
TXN_004147,CUST_0304,2026-01-19 05:01:00,61.51,Utilities,POS
TXN_004148,CUST_0133,2026-02-20 21:09:00,45.18,Entertainment,POS
TXN_004149,CUST_0311,2026-02-12 09:29:00,53.27,Healthcare,POS
TXN_004150,CUST_0356,2026-04-08 18:53:00,42.61,Electronics,POS
TXN_004151,CUST_0304,2026-02-09 19:04:00,12.07,Restaurant,Online
TXN_004152,CUST_0283,2026-06-13 07:04:00,34.19,Healthcare,Mobile
TXN_004153,CUST_0327,2026-03-28 13:59:00,17.79,Shopping,ATM
TXN_004154,CUST_0258,2026-03-26 09:29:00,102.53,Healthcare,Online
TXN_004155,CUST_0123,2026-04-24 18:06:00,11.8,Electronics,POS
TXN_004156,CUST_0446,2026-05-14 01:55:00,67.04,Shopping,Online
TXN_004157,CUST_0285,2026-03-09 08:33:00,105.04,Utilities,POS
TXN_004158,CUST_0031,2026-05-27 11:55:00,50.84,Utilities,POS
TXN_004159,CUST_0191,2026-02-02 13:05:00,19.4,Electronics,Online
TXN_004160,CUST_0301,2026-05-23 16:11:00,13.17,Healthcare,POS
TXN_004161,CUST_0433,2026-06-11 23:22:00,85.09,Utilities,ATM
TXN_004162,CUST_0234,2026-03-22 23:52:00,91.21,Shopping,Online
TXN_004163,CUST_0418,2026-06-22 21:14:00,82.52,Healthcare,Online
TXN_004164,CUST_0420,2026-03-24 23:32:00,48.38,Utilities,POS
TXN_004165,CUST_0039,2026-05-08 03:44:00,21.69,Travel,Online
TXN_004166,CUST_0469,2026-03-29 20:50:00,22.03,Electronics,POS
TXN_004167,CUST_0111,2026-03-09 03:06:00,7.86,Healthcare,ATM
TXN_004168,CUST_0179,2026-06-25 07:08:00,115.24,Travel,Online
TXN_004169,CUST_0447,2026-01-01 10:37:00,6.4,Grocery,POS
TXN_004170,CUST_0235,2026-05-28 19:39:00,96.08,Restaurant,Online
TXN_004171,CUST_0186,2026-05-29 21:11:00,24.27,Restaurant,Online
TXN_004172,CUST_0287,2026-03-16 03:05:00,623.0,Travel,Online
TXN_004173,CUST_0293,2026-04-23 20:29:00,52.71,Shopping,ATM
TXN_004174,CUST_0040,2026-01-04 21:55:00,27.53,Electronics,Online
TXN_004175,CUST_0486,2026-03-06 21:25:00,33.31,Entertainment,Mobile
TXN_004176,CUST_0251,2026-03-16 19:25:00,52.63,Utilities,Mobile
TXN_004177,CUST_0140,2026-04-07 02:23:00,46.43,Travel,ATM
TXN_004178,CUST_0436,2026-01-24 07:40:00,23.46,Restaurant,POS
TXN_004179,CUST_0221,2026-01-07 03:06:00,40.47,Healthcare,Online
TXN_004180,CUST_0116,2026-05-23 09:48:00,42.95,Entertainment,Online
TXN_004181,CUST_0349,2026-06-26 10:14:00,11.71,Grocery,ATM
TXN_004182,CUST_0211,2026-01-04 00:14:00,26.15,Utilities,POS
TXN_004183,CUST_0229,2026-01-12 07:25:00,1205.7,Restaurant,POS
TXN_004184,CUST_0188,2026-05-13 22:50:00,80.84,Electronics,POS
TXN_004185,CUST_0412,2026-03-14 09:29:00,32.39,Electronics,Online
TXN_004186,CUST_0253,2026-04-21 08:15:00,35.93,Electronics,Online
TXN_004187,CUST_0466,2026-04-23 22:43:00,14.65,Restaurant,ATM
TXN_004188,CUST_0373,2026-02-26 07:58:00,14.81,Travel,Online
TXN_004189,CUST_0358,2026-05-11 20:39:00,12.86,Travel,Mobile
TXN_004190,CUST_0293,2026-06-02 03:35:00,28.97,Entertainment,Online
TXN_004191,CUST_0358,2026-03-15 10:17:00,5.43,Entertainment,Online
TXN_004192,CUST_0291,2026-03-08 23:08:00,51.71,Healthcare,ATM
TXN_004193,CUST_0096,2026-02-19 00:40:00,31.34,Restaurant,Online
TXN_004194,CUST_0477,2026-06-01 22:44:00,5.19,Grocery,ATM
TXN_004195,CUST_0340,2026-06-14 23:43:00,190.55,Travel,POS
TXN_004196,CUST_0277,2026-04-28 00:21:00,58.28,Entertainment,Online
TXN_004197,CUST_0288,2026-04-19 00:59:00,21.73,Utilities,POS
TXN_004198,CUST_0205,2026-05-29 20:28:00,23.67,Utilities,Online
TXN_004199,CUST_0431,2026-01-02 05:05:00,21.58,Travel,Online
TXN_004200,CUST_0410,2026-04-14 20:51:00,16.35,Utilities,Online
TXN_004201,CUST_0114,2026-01-21 04:36:00,18.7,Restaurant,Online
TXN_004202,CUST_0492,2026-03-01 17:04:00,176.4,Entertainment,Mobile
TXN_004203,CUST_0380,2026-03-15 04:03:00,78.3,Utilities,Mobile
TXN_004204,CUST_0154,2026-06-06 03:55:00,6.49,Electronics,Online
TXN_004205,CUST_0023,2026-01-23 09:41:00,26.35,Entertainment,Mobile
TXN_004206,CUST_0032,2026-03-19 00:04:00,52.62,Grocery,POS
TXN_004207,CUST_0407,2026-05-30 17:57:00,44.31,Entertainment,POS
TXN_004208,CUST_0191,2026-05-16 15:33:00,73.35,Healthcare,Online
TXN_004209,CUST_0445,2026-06-02 14:21:00,343.32,Healthcare,POS
TXN_004210,CUST_0478,2026-03-10 18:39:00,65.97,Travel,ATM
TXN_004211,CUST_0279,2026-06-04 19:47:00,176.96,Entertainment,Mobile
TXN_004212,CUST_0177,2026-04-13 18:38:00,58.02,Shopping,Online
TXN_004213,CUST_0066,2026-05-05 22:33:00,28.52,Healthcare,Mobile
TXN_004214,CUST_0500,2026-05-04 01:17:00,7.25,Utilities,Online
TXN_004215,CUST_0089,2026-02-12 07:41:00,41.25,Entertainment,Mobile
TXN_004216,CUST_0301,2026-04-23 02:46:00,7.9,Entertainment,ATM
TXN_004217,CUST_0066,2026-02-14 20:18:00,17.12,Electronics,Online
TXN_004218,CUST_0466,2026-03-12 23:01:00,46.18,Restaurant,Mobile
TXN_004219,CUST_0235,2026-03-11 11:59:00,57.19,Utilities,ATM
TXN_004220,CUST_0295,2026-01-22 15:55:00,23.14,Electronics,POS
TXN_004221,CUST_0304,2026-03-13 08:49:00,3.8,Healthcare,POS
TXN_004222,CUST_0220,2026-06-27 16:08:00,79.88,Healthcare,Online
TXN_004223,CUST_0349,2026-01-29 19:22:00,128.94,Shopping,POS
TXN_004224,CUST_0148,2026-02-16 03:25:00,8.45,Healthcare,Mobile
TXN_004225,CUST_0442,2026-04-04 03:44:00,327.38,Grocery,Online
TXN_004226,CUST_0243,2026-03-08 12:08:00,53.03,Entertainment,POS
TXN_004227,CUST_0347,2026-01-05 18:15:00,22.2,Grocery,POS
TXN_004228,CUST_0234,2026-04-02 18:36:00,31.34,Restaurant,Online
TXN_004229,CUST_0041,2026-05-10 04:59:00,20.36,Utilities,Online
TXN_004230,CUST_0182,2026-03-02 22:35:00,41.07,Shopping,Online
TXN_004231,CUST_0498,2026-02-13 14:18:00,81.23,Entertainment,Online
TXN_004232,CUST_0376,2026-03-24 03:32:00,43.97,Utilities,POS
TXN_004233,CUST_0298,2026-01-08 03:12:00,13.59,Shopping,Online
TXN_004234,CUST_0069,2026-05-24 06:28:00,23.9,Electronics,Online
TXN_004235,CUST_0285,2026-03-24 03:53:00,211.6,Restaurant,ATM
TXN_004236,CUST_0047,2026-05-03 20:05:00,28.29,Healthcare,Mobile
TXN_004237,CUST_0011,2026-02-16 16:58:00,110.88,Grocery,POS
TXN_004238,CUST_0062,2026-02-15 13:58:00,11.77,Travel,POS
TXN_004239,CUST_0300,2026-04-06 07:24:00,12.39,Healthcare,Online
TXN_004240,CUST_0030,2026-01-20 07:05:00,39.5,Electronics,Mobile
TXN_004241,CUST_0475,2026-02-02 04:51:00,85.61,Restaurant,Online
TXN_004242,CUST_0240,2026-02-03 13:39:00,95.74,Electronics,POS
TXN_004243,CUST_0445,2026-06-10 03:59:00,63.56,Grocery,Online
TXN_004244,CUST_0320,2026-05-25 03:42:00,27.55,Travel,Mobile
TXN_004245,CUST_0070,2026-06-16 14:11:00,28.15,Healthcare,POS
TXN_004246,CUST_0233,2026-03-25 23:21:00,42.15,Utilities,Mobile
TXN_004247,CUST_0226,2026-01-22 02:04:00,51.42,Grocery,ATM
TXN_004248,CUST_0442,2026-03-14 00:42:00,12.33,Utilities,Online
TXN_004249,CUST_0394,2026-02-15 22:36:00,14.57,Grocery,Online
TXN_004250,CUST_0418,2026-06-01 22:58:00,21.05,Grocery,Online
TXN_004251,CUST_0058,2026-06-09 17:54:00,37.58,Restaurant,ATM
TXN_004252,CUST_0182,2026-06-29 13:31:00,9.81,Restaurant,ATM
TXN_004253,CUST_0004,2026-03-08 13:10:00,23.81,Entertainment,Online
TXN_004254,CUST_0362,2026-05-06 21:55:00,11.27,Electronics,POS
TXN_004255,CUST_0500,2026-01-30 13:28:00,13.05,Restaurant,POS
TXN_004256,CUST_0267,2026-04-24 05:41:00,20.57,Restaurant,Online
TXN_004257,CUST_0314,2026-05-21 04:16:00,39.63,Entertainment,POS
TXN_004258,CUST_0358,2026-02-06 10:03:00,134.25,Restaurant,Mobile
TXN_004259,CUST_0006,2026-05-10 02:48:00,69.37,Travel,POS
TXN_004260,CUST_0012,2026-04-21 15:53:00,50.88,Utilities,POS
TXN_004261,CUST_0204,2026-04-21 09:38:00,44.9,Travel,POS
TXN_004262,CUST_0482,2026-03-09 11:52:00,41.74,Electronics,POS
TXN_004263,CUST_0064,2026-01-24 06:32:00,25.27,Utilities,ATM
TXN_004264,CUST_0480,2026-03-13 10:40:00,30.31,Travel,ATM
TXN_004265,CUST_0469,2026-02-02 10:36:00,10.28,Utilities,Mobile
TXN_004266,CUST_0256,2026-02-02 22:31:00,37.8,Healthcare,Online
TXN_004267,CUST_0246,2026-03-03 02:26:00,9.26,Electronics,ATM
TXN_004268,CUST_0035,2026-06-05 09:44:00,41.75,Travel,POS
TXN_004269,CUST_0341,2026-04-14 10:51:00,6.71,Shopping,POS
TXN_004270,CUST_0458,2026-06-14 09:19:00,43.96,Healthcare,POS
TXN_004271,CUST_0052,2026-02-22 11:49:00,62.6,Entertainment,Mobile
TXN_004272,CUST_0369,2026-04-02 09:27:00,33.34,Grocery,Online
TXN_004273,CUST_0342,2026-03-16 20:11:00,48.67,Restaurant,ATM
TXN_004274,CUST_0003,2026-04-23 11:01:00,28.97,Restaurant,Mobile
TXN_004275,CUST_0071,2026-04-05 01:55:00,6.61,Travel,Mobile
TXN_004276,CUST_0252,2026-04-29 05:55:00,94.62,Healthcare,Mobile
TXN_004277,CUST_0154,2026-04-22 22:43:00,101.59,Utilities,POS
TXN_004278,CUST_0015,2026-03-10 07:08:00,63.29,Grocery,Mobile
TXN_004279,CUST_0191,2026-03-16 08:49:00,6.37,Entertainment,Online
TXN_004280,CUST_0401,2026-05-18 03:04:00,144.13,Travel,ATM
TXN_004281,CUST_0357,2026-04-28 06:22:00,20.61,Healthcare,POS
TXN_004282,CUST_0017,2026-03-27 00:53:00,183.08,Electronics,Online
TXN_004283,CUST_0035,2026-06-25 08:57:00,36.47,Electronics,Mobile
TXN_004284,CUST_0134,2026-04-20 12:40:00,57.26,Restaurant,Mobile
TXN_004285,CUST_0371,2026-06-19 03:48:00,113.57,Restaurant,Online
TXN_004286,CUST_0203,2026-05-19 05:00:00,57.31,Shopping,Online
TXN_004287,CUST_0222,2026-02-27 11:49:00,84.71,Entertainment,POS
TXN_004288,CUST_0258,2026-05-30 17:20:00,16.92,Electronics,POS
TXN_004289,CUST_0250,2026-01-09 04:49:00,22.44,Grocery,Online
TXN_004290,CUST_0314,2026-02-23 21:47:00,36.7,Healthcare,Mobile
TXN_004291,CUST_0396,2026-06-27 16:15:00,14.25,Restaurant,Online
TXN_004292,CUST_0107,2026-02-17 01:22:00,10.31,Grocery,POS
TXN_004293,CUST_0222,2026-05-29 21:16:00,8.58,Healthcare,Online
TXN_004294,CUST_0035,2026-06-18 09:19:00,156.07,Healthcare,Online
TXN_004295,CUST_0231,2026-05-05 03:11:00,10.29,Healthcare,Mobile
TXN_004296,CUST_0062,2026-06-03 06:53:00,5.41,Shopping,Online
TXN_004297,CUST_0094,2026-01-03 20:14:00,2.01,Shopping,POS
TXN_004298,CUST_0371,2026-04-10 01:04:00,36.28,Travel,Mobile
TXN_004299,CUST_0379,2026-03-05 06:53:00,27.37,Healthcare,POS
TXN_004300,CUST_0110,2026-05-17 06:57:00,44.32,Entertainment,ATM
TXN_004301,CUST_0187,2026-03-23 09:02:00,124.37,Travel,Online
TXN_004302,CUST_0406,2026-02-11 16:47:00,69.08,Travel,Online
TXN_004303,CUST_0464,2026-05-02 09:18:00,3.62,Utilities,Online
TXN_004304,CUST_0320,2026-05-30 00:29:00,75.0,Electronics,Mobile
TXN_004305,CUST_0210,2026-03-24 02:17:00,3.61,Travel,Online
TXN_004306,CUST_0383,2026-01-18 14:45:00,47.13,Grocery,Online
TXN_004307,CUST_0480,2026-06-15 18:17:00,47.89,Travel,POS
TXN_004308,CUST_0306,2026-02-19 17:42:00,33.5,Healthcare,Mobile
TXN_004309,CUST_0444,2026-04-05 16:42:00,63.02,Healthcare,Mobile
TXN_004310,CUST_0130,2026-03-19 16:01:00,21.52,Entertainment,POS
TXN_004311,CUST_0080,2026-06-20 06:10:00,17.25,Entertainment,Online
TXN_004312,CUST_0026,2026-03-18 13:13:00,29.96,Grocery,POS
TXN_004313,CUST_0293,2026-03-24 12:49:00,20.93,Entertainment,ATM
TXN_004314,CUST_0397,2026-02-13 03:04:00,22.29,Healthcare,Online
TXN_004315,CUST_0172,2026-06-26 05:23:00,188.93,Restaurant,Mobile
TXN_004316,CUST_0012,2026-01-11 21:28:00,568.27,Shopping,POS
TXN_004317,CUST_0202,2026-03-13 00:27:00,84.55,Grocery,Online
TXN_004318,CUST_0182,2026-01-09 06:44:00,7.17,Electronics,POS
TXN_004319,CUST_0256,2026-04-10 15:03:00,127.32,Entertainment,Online
TXN_004320,CUST_0139,2026-05-04 12:55:00,48.09,Healthcare,Mobile
TXN_004321,CUST_0077,2026-05-30 01:50:00,32.53,Utilities,Online
TXN_004322,CUST_0013,2026-05-27 16:10:00,7.96,Restaurant,Mobile
TXN_004323,CUST_0269,2026-01-18 10:43:00,4.4,Grocery,ATM
TXN_004324,CUST_0160,2026-05-24 17:34:00,124.29,Grocery,Mobile
TXN_004325,CUST_0262,2026-05-27 08:40:00,2.4,Utilities,POS
TXN_004326,CUST_0302,2026-04-09 15:56:00,32.52,Shopping,Online
TXN_004327,CUST_0171,2026-03-05 02:48:00,24.51,Entertainment,Mobile
TXN_004328,CUST_0173,2026-04-23 16:44:00,100.96,Travel,POS
TXN_004329,CUST_0458,2026-06-17 13:56:00,98.54,Utilities,Online
TXN_004330,CUST_0372,2026-04-13 12:57:00,94.16,Healthcare,Online
TXN_004331,CUST_0090,2026-06-03 17:31:00,18.43,Entertainment,Online
TXN_004332,CUST_0262,2026-04-17 06:55:00,43.71,Travel,ATM
TXN_004333,CUST_0075,2026-03-23 19:48:00,26.35,Healthcare,POS
TXN_004334,CUST_0399,2026-06-07 09:37:00,41.74,Shopping,ATM
TXN_004335,CUST_0116,2026-01-28 04:20:00,14.65,Shopping,Online
TXN_004336,CUST_0259,2026-04-04 16:29:00,74.66,Electronics,Online
TXN_004337,CUST_0364,2026-01-20 14:05:00,9.19,Shopping,Mobile
TXN_004338,CUST_0028,2026-06-17 12:45:00,30.82,Healthcare,POS
TXN_004339,CUST_0082,2026-01-21 05:04:00,106.23,Travel,Mobile
TXN_004340,CUST_0374,2026-06-19 05:45:00,21.1,Shopping,POS
TXN_004341,CUST_0390,2026-01-12 22:11:00,114.08,Shopping,Online
TXN_004342,CUST_0010,2026-03-27 14:09:00,19.22,Restaurant,POS
TXN_004343,CUST_0014,2026-03-02 16:07:00,45.82,Shopping,Online
TXN_004344,CUST_0167,2026-05-29 07:58:00,33.35,Restaurant,POS
TXN_004345,CUST_0025,2026-04-13 19:19:00,28.55,Shopping,POS
TXN_004346,CUST_0270,2026-05-20 22:09:00,13.64,Restaurant,Mobile
TXN_004347,CUST_0223,2026-03-13 19:47:00,73.07,Utilities,Online
TXN_004348,CUST_0340,2026-05-15 20:01:00,150.11,Healthcare,POS
TXN_004349,CUST_0321,2026-05-16 12:51:00,23.54,Grocery,POS
TXN_004350,CUST_0274,2026-01-24 14:58:00,25.69,Healthcare,POS
TXN_004351,CUST_0423,2026-04-12 19:44:00,10.52,Electronics,Online
TXN_004352,CUST_0250,2026-02-10 05:40:00,544.48,Entertainment,Online
TXN_004353,CUST_0109,2026-02-07 06:45:00,39.11,Travel,ATM
TXN_004354,CUST_0044,2026-03-06 23:14:00,114.0,Electronics,POS
TXN_004355,CUST_0112,2026-03-20 09:22:00,7.76,Utilities,Mobile
TXN_004356,CUST_0490,2026-02-05 01:42:00,1400.55,Utilities,POS
TXN_004357,CUST_0018,2026-06-11 19:21:00,109.59,Utilities,POS
TXN_004358,CUST_0249,2026-05-23 18:37:00,51.02,Electronics,POS
TXN_004359,CUST_0020,2026-06-03 19:29:00,42.58,Grocery,POS
TXN_004360,CUST_0297,2026-05-08 12:08:00,33.4,Utilities,Online
TXN_004361,CUST_0219,2026-06-02 12:58:00,28.41,Electronics,POS
TXN_004362,CUST_0254,2026-01-25 18:42:00,50.27,Travel,POS
TXN_004363,CUST_0461,2026-04-23 17:04:00,72.35,Shopping,POS
TXN_004364,CUST_0046,2026-02-20 19:51:00,76.18,Restaurant,POS
TXN_004365,CUST_0278,2026-06-14 07:04:00,12.27,Utilities,Online
TXN_004366,CUST_0231,2026-01-14 22:37:00,19.13,Grocery,ATM
TXN_004367,CUST_0485,2026-04-04 20:04:00,226.08,Healthcare,Online
TXN_004368,CUST_0454,2026-04-17 23:22:00,34.74,Grocery,POS
TXN_004369,CUST_0206,2026-06-09 22:44:00,19.92,Utilities,POS
TXN_004370,CUST_0107,2026-06-12 13:08:00,15.68,Travel,Mobile
TXN_004371,CUST_0155,2026-03-31 01:16:00,231.75,Travel,POS
TXN_004372,CUST_0403,2026-03-18 21:13:00,14.74,Entertainment,POS
TXN_004373,CUST_0417,2026-01-20 04:18:00,157.34,Electronics,Online
TXN_004374,CUST_0080,2026-02-26 04:32:00,16.79,Restaurant,POS
TXN_004375,CUST_0039,2026-04-03 07:07:00,3.91,Grocery,POS
TXN_004376,CUST_0292,2026-04-26 23:55:00,45.72,Shopping,POS
TXN_004377,CUST_0080,2026-06-20 05:44:00,19.17,Restaurant,POS
TXN_004378,CUST_0031,2026-03-09 02:26:00,12.33,Entertainment,Mobile
TXN_004379,CUST_0323,2026-02-17 04:39:00,31.87,Utilities,Online
TXN_004380,CUST_0081,2026-06-09 14:42:00,83.47,Utilities,POS
TXN_004381,CUST_0428,2026-04-12 13:16:00,45.37,Healthcare,Online
TXN_004382,CUST_0447,2026-05-30 01:04:00,11.57,Travel,POS
TXN_004383,CUST_0449,2026-01-31 02:07:00,26.63,Healthcare,Mobile
TXN_004384,CUST_0375,2026-01-23 04:57:00,17.99,Travel,Mobile
TXN_004385,CUST_0409,2026-05-17 06:39:00,51.31,Travel,Online
TXN_004386,CUST_0101,2026-03-21 16:22:00,33.07,Entertainment,Online
TXN_004387,CUST_0189,2026-04-17 09:43:00,31.22,Shopping,POS
TXN_004388,CUST_0234,2026-02-09 00:35:00,25.26,Healthcare,POS
TXN_004389,CUST_0043,2026-01-17 00:55:00,18.18,Restaurant,POS
TXN_004390,CUST_0171,2026-01-01 13:46:00,50.94,Electronics,Online
TXN_004391,CUST_0130,2026-04-01 19:54:00,44.2,Utilities,POS
TXN_004392,CUST_0017,2026-06-28 15:10:00,56.27,Restaurant,ATM
TXN_004393,CUST_0204,2026-05-21 21:35:00,9.34,Utilities,ATM
TXN_004394,CUST_0418,2026-02-08 14:59:00,218.28,Electronics,POS
TXN_004395,CUST_0171,2026-06-10 10:59:00,27.32,Entertainment,Online
TXN_004396,CUST_0395,2026-06-03 02:56:00,15.48,Healthcare,POS
TXN_004397,CUST_0226,2026-03-25 13:27:00,11.97,Travel,Online
TXN_004398,CUST_0347,2026-04-04 06:15:00,40.82,Utilities,Online
TXN_004399,CUST_0322,2026-01-16 14:59:00,22.5,Entertainment,Mobile
TXN_004400,CUST_0100,2026-03-29 16:32:00,65.56,Grocery,POS
TXN_004401,CUST_0438,2026-06-11 13:53:00,149.25,Utilities,ATM
TXN_004402,CUST_0400,2026-04-02 00:46:00,68.93,Electronics,Online
TXN_004403,CUST_0048,2026-01-19 06:41:00,57.84,Utilities,ATM
TXN_004404,CUST_0019,2026-04-04 22:42:00,102.51,Healthcare,Online
TXN_004405,CUST_0417,2026-04-04 21:50:00,77.16,Travel,POS
TXN_004406,CUST_0154,2026-01-15 06:52:00,52.97,Entertainment,ATM
TXN_004407,CUST_0005,2026-06-25 09:25:00,29.71,Travel,Mobile
TXN_004408,CUST_0393,2026-06-09 18:19:00,135.23,Travel,POS
TXN_004409,CUST_0221,2026-06-08 22:04:00,21.61,Grocery,ATM
TXN_004410,CUST_0253,2026-05-12 23:10:00,4.69,Entertainment,Online
TXN_004411,CUST_0018,2026-03-21 03:53:00,17.97,Shopping,Online
TXN_004412,CUST_0279,2026-01-02 05:27:00,69.7,Healthcare,Online
TXN_004413,CUST_0101,2026-06-09 19:25:00,27.88,Utilities,ATM
TXN_004414,CUST_0197,2026-03-18 19:52:00,194.06,Grocery,POS
TXN_004415,CUST_0048,2026-01-31 04:01:00,96.27,Restaurant,Mobile
TXN_004416,CUST_0019,2026-04-05 07:06:00,17.19,Restaurant,Online
TXN_004417,CUST_0451,2026-01-28 10:50:00,27.2,Utilities,Online
TXN_004418,CUST_0131,2026-03-02 13:13:00,13.55,Healthcare,Mobile
TXN_004419,CUST_0107,2026-01-29 04:24:00,8.21,Utilities,POS
TXN_004420,CUST_0374,2026-01-31 23:39:00,199.2,Shopping,Mobile
TXN_004421,CUST_0063,2026-03-19 23:59:00,19.86,Electronics,Mobile
TXN_004422,CUST_0030,2026-04-13 13:51:00,41.3,Entertainment,Online
TXN_004423,CUST_0039,2026-01-25 14:02:00,26.46,Utilities,POS
TXN_004424,CUST_0065,2026-05-15 18:53:00,20.08,Grocery,POS
TXN_004425,CUST_0316,2026-03-11 15:14:00,116.6,Electronics,ATM
TXN_004426,CUST_0136,2026-05-22 05:39:00,38.08,Restaurant,ATM
TXN_004427,CUST_0445,2026-05-04 22:40:00,55.26,Travel,POS
TXN_004428,CUST_0339,2026-03-09 07:39:00,64.15,Grocery,POS
TXN_004429,CUST_0416,2026-03-28 22:19:00,16.42,Electronics,POS
TXN_004430,CUST_0216,2026-01-16 15:07:00,168.92,Utilities,ATM
TXN_004431,CUST_0405,2026-01-05 14:54:00,25.45,Electronics,POS
TXN_004432,CUST_0486,2026-06-03 07:30:00,54.14,Travel,Online
TXN_004433,CUST_0311,2026-05-19 17:08:00,99.19,Entertainment,Mobile
TXN_004434,CUST_0458,2026-04-15 05:01:00,13.93,Travel,POS
TXN_004435,CUST_0471,2026-05-16 22:21:00,19.52,Electronics,Online
TXN_004436,CUST_0337,2026-04-04 21:45:00,49.22,Shopping,Online
TXN_004437,CUST_0472,2026-05-14 22:48:00,80.18,Grocery,ATM
TXN_004438,CUST_0243,2026-06-12 10:06:00,55.56,Grocery,Mobile
TXN_004439,CUST_0394,2026-01-28 11:45:00,26.13,Entertainment,Online
TXN_004440,CUST_0018,2026-02-02 09:27:00,14.39,Electronics,Mobile
TXN_004441,CUST_0347,2026-02-16 06:06:00,15.67,Healthcare,ATM
TXN_004442,CUST_0207,2026-04-13 08:18:00,36.59,Shopping,POS
TXN_004443,CUST_0340,2026-02-10 13:34:00,21.96,Healthcare,Online
TXN_004444,CUST_0191,2026-01-09 11:22:00,47.99,Travel,ATM
TXN_004445,CUST_0340,2026-06-10 05:21:00,151.78,Electronics,POS
TXN_004446,CUST_0087,2026-03-07 07:02:00,51.3,Utilities,Mobile
TXN_004447,CUST_0252,2026-05-25 00:21:00,100.53,Electronics,Online
TXN_004448,CUST_0017,2026-04-22 04:55:00,18.28,Travel,POS
TXN_004449,CUST_0495,2026-03-03 02:04:00,162.81,Entertainment,Mobile
TXN_004450,CUST_0200,2026-06-18 08:49:00,137.35,Shopping,POS
TXN_004451,CUST_0050,2026-03-15 00:28:00,18.91,Entertainment,Mobile
TXN_004452,CUST_0332,2026-04-26 19:06:00,27.79,Travel,POS
TXN_004453,CUST_0480,2026-05-05 12:58:00,1.75,Healthcare,Mobile
TXN_004454,CUST_0246,2026-02-19 04:25:00,16.4,Shopping,POS
TXN_004455,CUST_0087,2026-06-18 23:35:00,82.21,Restaurant,POS
TXN_004456,CUST_0282,2026-01-10 13:43:00,84.65,Shopping,Online
TXN_004457,CUST_0131,2026-05-23 04:46:00,12.32,Grocery,Online
TXN_004458,CUST_0098,2026-05-17 01:49:00,20.79,Electronics,POS
TXN_004459,CUST_0378,2026-04-14 00:53:00,58.42,Shopping,Online
TXN_004460,CUST_0068,2026-05-10 08:43:00,23.01,Utilities,POS
TXN_004461,CUST_0490,2026-04-03 07:41:00,27.41,Electronics,Mobile
TXN_004462,CUST_0233,2026-04-11 10:22:00,28.33,Entertainment,Online
TXN_004463,CUST_0250,2026-06-02 00:14:00,41.73,Electronics,POS
TXN_004464,CUST_0401,2026-06-22 19:50:00,16.93,Restaurant,Online
TXN_004465,CUST_0486,2026-04-26 06:01:00,131.65,Healthcare,POS
TXN_004466,CUST_0055,2026-01-18 01:59:00,57.94,Restaurant,POS
TXN_004467,CUST_0476,2026-06-04 16:02:00,72.5,Shopping,ATM
TXN_004468,CUST_0070,2026-01-31 11:24:00,14.22,Electronics,POS
TXN_004469,CUST_0059,2026-01-28 00:41:00,3.77,Shopping,POS
TXN_004470,CUST_0468,2026-05-11 12:17:00,30.73,Electronics,Online
TXN_004471,CUST_0121,2026-03-21 14:04:00,107.1,Restaurant,Online
TXN_004472,CUST_0098,2026-01-17 03:18:00,53.09,Healthcare,ATM
TXN_004473,CUST_0481,2026-01-04 02:07:00,420.78,Entertainment,Online
TXN_004474,CUST_0044,2026-06-23 06:14:00,7.32,Electronics,POS
TXN_004475,CUST_0432,2026-03-03 08:05:00,15.7,Healthcare,POS
TXN_004476,CUST_0161,2026-06-24 11:55:00,50.31,Utilities,Online
TXN_004477,CUST_0372,2026-02-17 03:31:00,44.51,Restaurant,ATM
TXN_004478,CUST_0459,2026-02-25 18:32:00,265.68,Grocery,POS
TXN_004479,CUST_0161,2026-03-16 22:39:00,33.47,Utilities,ATM
TXN_004480,CUST_0166,2026-03-23 03:34:00,50.58,Travel,Mobile
TXN_004481,CUST_0484,2026-02-16 06:29:00,2419.5,Entertainment,POS
TXN_004482,CUST_0182,2026-01-10 22:52:00,10.62,Grocery,Online
TXN_004483,CUST_0181,2026-04-13 03:18:00,59.02,Restaurant,POS
TXN_004484,CUST_0140,2026-06-07 10:50:00,97.85,Utilities,Online
TXN_004485,CUST_0077,2026-03-22 15:01:00,118.26,Restaurant,POS
TXN_004486,CUST_0459,2026-01-13 02:01:00,31.09,Entertainment,POS
TXN_004487,CUST_0069,2026-06-19 23:27:00,7.45,Entertainment,Online
TXN_004488,CUST_0467,2026-01-12 12:05:00,37.39,Entertainment,POS
TXN_004489,CUST_0174,2026-01-28 01:01:00,10.76,Grocery,Online
TXN_004490,CUST_0302,2026-05-27 00:31:00,35.91,Travel,Online
TXN_004491,CUST_0473,2026-03-29 06:30:00,31.1,Grocery,ATM
TXN_004492,CUST_0126,2026-02-21 21:36:00,14.12,Entertainment,Online
TXN_004493,CUST_0190,2026-06-16 01:03:00,42.98,Shopping,ATM
TXN_004494,CUST_0302,2026-06-07 04:17:00,123.66,Utilities,Mobile
TXN_004495,CUST_0340,2026-01-24 10:36:00,55.14,Travel,Online
TXN_004496,CUST_0419,2026-03-04 08:32:00,70.63,Travel,Online
TXN_004497,CUST_0400,2026-01-23 16:56:00,139.39,Travel,Mobile
TXN_004498,CUST_0324,2026-06-13 21:24:00,69.44,Utilities,POS
TXN_004499,CUST_0077,2026-01-09 05:42:00,6.12,Restaurant,Mobile
TXN_004500,CUST_0040,2026-04-19 17:54:00,18.0,Restaurant,POS
TXN_004501,CUST_0042,2026-03-01 07:26:00,12.67,Grocery,Mobile
TXN_004502,CUST_0092,2026-01-06 23:34:00,46.92,Shopping,Online
TXN_004503,CUST_0060,2026-03-03 12:29:00,19.11,Travel,Mobile
TXN_004504,CUST_0218,2026-03-30 17:27:00,31.42,Travel,Online
TXN_004505,CUST_0363,2026-04-13 02:49:00,74.55,Shopping,POS
TXN_004506,CUST_0094,2026-06-11 15:58:00,4.31,Healthcare,Online
TXN_004507,CUST_0035,2026-06-17 04:48:00,46.39,Entertainment,Online
TXN_004508,CUST_0436,2026-03-23 16:18:00,19.87,Electronics,Mobile
TXN_004509,CUST_0252,2026-02-23 11:10:00,10.35,Travel,Mobile
TXN_004510,CUST_0453,2026-03-30 01:42:00,9.76,Electronics,Online
TXN_004511,CUST_0368,2026-05-19 09:09:00,196.64,Entertainment,Online
TXN_004512,CUST_0419,2026-02-03 07:01:00,58.36,Utilities,POS
TXN_004513,CUST_0288,2026-03-28 13:08:00,51.4,Entertainment,Online
TXN_004514,CUST_0358,2026-03-25 22:13:00,81.77,Utilities,Online
TXN_004515,CUST_0019,2026-01-04 06:18:00,35.99,Restaurant,Mobile
TXN_004516,CUST_0072,2026-04-11 11:58:00,32.87,Entertainment,Mobile
TXN_004517,CUST_0140,2026-03-02 04:25:00,11.21,Restaurant,POS
TXN_004518,CUST_0147,2026-02-24 12:08:00,93.54,Restaurant,ATM
TXN_004519,CUST_0344,2026-04-17 17:40:00,33.49,Electronics,POS
TXN_004520,CUST_0327,2026-05-30 13:52:00,34.18,Healthcare,POS
TXN_004521,CUST_0427,2026-01-14 20:21:00,5.63,Restaurant,POS
TXN_004522,CUST_0258,2026-05-06 16:51:00,16.38,Shopping,POS
TXN_004523,CUST_0279,2026-04-23 18:00:00,11.94,Shopping,Online
TXN_004524,CUST_0434,2026-06-26 08:31:00,16.19,Grocery,Online
TXN_004525,CUST_0472,2026-05-31 07:33:00,11.78,Healthcare,POS
TXN_004526,CUST_0078,2026-04-29 04:40:00,11.61,Restaurant,Online
TXN_004527,CUST_0479,2026-03-06 07:55:00,26.53,Restaurant,POS
TXN_004528,CUST_0460,2026-03-28 20:16:00,44.45,Shopping,ATM
TXN_004529,CUST_0165,2026-01-18 13:01:00,178.74,Restaurant,Online
TXN_004530,CUST_0175,2026-01-03 11:50:00,26.48,Grocery,POS
TXN_004531,CUST_0051,2026-03-21 00:59:00,28.25,Shopping,POS
TXN_004532,CUST_0044,2026-04-29 10:05:00,94.88,Grocery,Online
TXN_004533,CUST_0322,2026-03-29 12:26:00,41.81,Restaurant,POS
TXN_004534,CUST_0447,2026-06-01 00:10:00,9.56,Healthcare,ATM
TXN_004535,CUST_0096,2026-03-03 20:34:00,47.9,Grocery,Mobile
TXN_004536,CUST_0272,2026-06-13 08:21:00,45.8,Shopping,Online
TXN_004537,CUST_0151,2026-02-12 09:48:00,50.9,Restaurant,Online
TXN_004538,CUST_0030,2026-01-26 04:54:00,180.87,Grocery,Online
TXN_004539,CUST_0266,2026-06-22 17:06:00,13.79,Healthcare,Mobile
TXN_004540,CUST_0089,2026-06-02 04:09:00,78.04,Restaurant,Online
TXN_004541,CUST_0214,2026-04-13 18:50:00,25.01,Utilities,POS
TXN_004542,CUST_0181,2026-05-21 10:01:00,16.66,Shopping,Online
TXN_004543,CUST_0096,2026-04-11 07:55:00,23.08,Healthcare,POS
TXN_004544,CUST_0266,2026-03-10 20:12:00,3.1,Shopping,POS
TXN_004545,CUST_0047,2026-05-08 23:51:00,18.64,Utilities,Online
TXN_004546,CUST_0400,2026-05-15 14:43:00,39.74,Electronics,POS
TXN_004547,CUST_0367,2026-05-30 08:26:00,5.5,Healthcare,POS
TXN_004548,CUST_0015,2026-06-03 19:21:00,111.79,Healthcare,Online
TXN_004549,CUST_0265,2026-01-20 10:27:00,7.29,Travel,Online
TXN_004550,CUST_0126,2026-01-17 21:46:00,8.98,Travel,POS
TXN_004551,CUST_0340,2026-04-14 17:49:00,71.4,Utilities,Online
TXN_004552,CUST_0394,2026-06-23 21:03:00,12.93,Restaurant,Online
TXN_004553,CUST_0308,2026-03-15 02:17:00,258.48,Travel,Online
TXN_004554,CUST_0209,2026-04-03 05:05:00,104.48,Utilities,Mobile
TXN_004555,CUST_0461,2026-03-07 19:24:00,16.32,Travel,POS
TXN_004556,CUST_0094,2026-06-17 21:51:00,35.75,Shopping,Online
TXN_004557,CUST_0458,2026-04-20 15:29:00,191.79,Travel,POS
TXN_004558,CUST_0316,2026-03-26 07:52:00,155.46,Grocery,Mobile
TXN_004559,CUST_0018,2026-03-29 22:52:00,77.27,Shopping,Online
TXN_004560,CUST_0059,2026-05-23 12:46:00,41.73,Shopping,POS
TXN_004561,CUST_0098,2026-03-02 10:08:00,135.56,Utilities,POS
TXN_004562,CUST_0360,2026-05-14 01:15:00,33.76,Shopping,Online
TXN_004563,CUST_0500,2026-03-13 19:49:00,122.3,Electronics,Online
TXN_004564,CUST_0030,2026-04-24 06:42:00,13.35,Healthcare,Online
TXN_004565,CUST_0362,2026-06-29 17:47:00,151.12,Healthcare,Online
TXN_004566,CUST_0325,2026-03-03 13:07:00,83.16,Utilities,POS
TXN_004567,CUST_0265,2026-04-13 04:51:00,25.09,Restaurant,Mobile
TXN_004568,CUST_0442,2026-03-07 11:46:00,549.32,Entertainment,POS
TXN_004569,CUST_0081,2026-06-28 10:07:00,92.83,Entertainment,Online
TXN_004570,CUST_0011,2026-04-13 00:09:00,30.49,Grocery,Online
TXN_004571,CUST_0373,2026-06-25 16:27:00,4.48,Grocery,Mobile
TXN_004572,CUST_0221,2026-06-09 10:43:00,28.45,Restaurant,Online
TXN_004573,CUST_0290,2026-05-29 23:21:00,13.43,Restaurant,Online
TXN_004574,CUST_0388,2026-02-11 16:49:00,76.36,Healthcare,Mobile
TXN_004575,CUST_0290,2026-05-17 04:31:00,14.8,Entertainment,ATM
TXN_004576,CUST_0412,2026-04-25 07:19:00,23.74,Travel,Online
TXN_004577,CUST_0454,2026-05-20 13:39:00,11.32,Entertainment,Mobile
TXN_004578,CUST_0364,2026-06-08 08:16:00,44.14,Restaurant,Online
TXN_004579,CUST_0467,2026-05-09 22:19:00,80.27,Restaurant,Mobile
TXN_004580,CUST_0243,2026-01-06 02:24:00,5.6,Entertainment,POS
TXN_004581,CUST_0130,2026-01-20 04:08:00,12.66,Travel,ATM
TXN_004582,CUST_0126,2026-04-30 00:01:00,28.35,Healthcare,POS
TXN_004583,CUST_0416,2026-01-15 20:18:00,29.0,Grocery,Online
TXN_004584,CUST_0089,2026-02-10 15:43:00,799.76,Travel,POS
TXN_004585,CUST_0364,2026-04-02 03:20:00,3.33,Shopping,Online
TXN_004586,CUST_0108,2026-02-15 02:28:00,56.58,Utilities,POS
TXN_004587,CUST_0439,2026-03-02 12:34:00,13.14,Electronics,Online
TXN_004588,CUST_0328,2026-01-02 02:13:00,47.87,Grocery,Online
TXN_004589,CUST_0206,2026-03-01 01:42:00,50.18,Entertainment,Online
TXN_004590,CUST_0039,2026-03-18 03:37:00,15.95,Restaurant,Online
TXN_004591,CUST_0430,2026-06-16 14:15:00,61.12,Electronics,POS
TXN_004592,CUST_0024,2026-03-16 00:55:00,70.12,Electronics,POS
TXN_004593,CUST_0274,2026-06-02 02:23:00,3.36,Electronics,Online
TXN_004594,CUST_0208,2026-03-16 23:02:00,2.66,Travel,POS
TXN_004595,CUST_0033,2026-06-29 06:01:00,2.74,Restaurant,Online
TXN_004596,CUST_0385,2026-04-24 11:00:00,79.28,Entertainment,Online
TXN_004597,CUST_0445,2026-05-26 01:19:00,87.09,Shopping,Online
TXN_004598,CUST_0073,2026-02-26 16:58:00,8.4,Travel,Online
TXN_004599,CUST_0168,2026-05-31 03:26:00,50.26,Healthcare,ATM
TXN_004600,CUST_0070,2026-01-26 22:55:00,29.65,Entertainment,Online
TXN_004601,CUST_0174,2026-04-17 03:14:00,35.08,Shopping,Online
TXN_004602,CUST_0322,2026-05-07 19:40:00,91.35,Entertainment,POS
TXN_004603,CUST_0181,2026-01-09 04:49:00,64.23,Healthcare,Mobile
TXN_004604,CUST_0050,2026-05-07 18:09:00,135.29,Grocery,ATM
TXN_004605,CUST_0388,2026-03-20 18:59:00,123.26,Grocery,ATM
TXN_004606,CUST_0210,2026-01-07 10:35:00,24.45,Electronics,Online
TXN_004607,CUST_0164,2026-03-20 14:14:00,37.01,Healthcare,POS
TXN_004608,CUST_0235,2026-01-28 17:35:00,5.84,Shopping,ATM
TXN_004609,CUST_0017,2026-01-13 09:10:00,48.3,Utilities,Online
TXN_004610,CUST_0334,2026-02-23 17:15:00,27.04,Restaurant,POS
TXN_004611,CUST_0012,2026-06-27 10:36:00,44.16,Utilities,ATM
TXN_004612,CUST_0272,2026-01-21 23:57:00,25.35,Entertainment,POS
TXN_004613,CUST_0117,2026-05-01 13:33:00,69.8,Restaurant,POS
TXN_004614,CUST_0474,2026-05-08 11:45:00,35.55,Restaurant,POS
TXN_004615,CUST_0071,2026-03-26 16:26:00,41.66,Grocery,Mobile
TXN_004616,CUST_0469,2026-04-12 10:11:00,8.86,Healthcare,POS
TXN_004617,CUST_0169,2026-03-07 15:47:00,16.31,Grocery,POS
TXN_004618,CUST_0281,2026-05-22 08:32:00,3.15,Electronics,Online
TXN_004619,CUST_0275,2026-01-03 07:11:00,28.54,Electronics,POS
TXN_004620,CUST_0096,2026-03-16 05:32:00,53.55,Utilities,ATM
TXN_004621,CUST_0422,2026-05-21 14:18:00,82.74,Entertainment,Online
TXN_004622,CUST_0389,2026-04-17 03:29:00,64.69,Entertainment,POS
TXN_004623,CUST_0351,2026-02-22 02:18:00,146.12,Restaurant,Online
TXN_004624,CUST_0282,2026-05-27 08:23:00,16.84,Entertainment,Online
TXN_004625,CUST_0374,2026-02-27 06:05:00,37.13,Grocery,Mobile
TXN_004626,CUST_0280,2026-06-28 08:15:00,48.11,Shopping,Mobile
TXN_004627,CUST_0216,2026-01-11 09:07:00,67.93,Healthcare,POS
TXN_004628,CUST_0083,2026-05-15 00:32:00,44.3,Electronics,ATM
TXN_004629,CUST_0001,2026-01-07 22:33:00,29.91,Travel,POS
TXN_004630,CUST_0202,2026-02-22 18:37:00,12.49,Restaurant,Online
TXN_004631,CUST_0079,2026-06-25 17:50:00,3.27,Grocery,Mobile
TXN_004632,CUST_0190,2026-04-19 20:03:00,33.8,Entertainment,Online
TXN_004633,CUST_0455,2026-06-04 03:28:00,4.4,Utilities,Mobile
TXN_004634,CUST_0233,2026-03-14 05:28:00,78.7,Travel,Online
TXN_004635,CUST_0261,2026-02-28 07:00:00,67.09,Restaurant,POS
TXN_004636,CUST_0150,2026-05-23 21:10:00,86.42,Travel,Mobile
TXN_004637,CUST_0419,2026-01-27 07:20:00,14.41,Restaurant,Mobile
TXN_004638,CUST_0332,2026-05-28 16:54:00,47.01,Grocery,Online
TXN_004639,CUST_0319,2026-03-10 20:18:00,7.48,Shopping,POS
TXN_004640,CUST_0241,2026-03-10 16:16:00,4.08,Grocery,POS
TXN_004641,CUST_0255,2026-04-14 16:15:00,10.93,Utilities,Online
TXN_004642,CUST_0274,2026-02-04 19:17:00,5.03,Electronics,Online
TXN_004643,CUST_0202,2026-06-13 14:43:00,81.08,Travel,POS
TXN_004644,CUST_0058,2026-02-03 18:04:00,11.54,Entertainment,Online
TXN_004645,CUST_0326,2026-02-16 18:25:00,6.56,Entertainment,POS
TXN_004646,CUST_0403,2026-02-19 03:53:00,92.06,Travel,Online
TXN_004647,CUST_0204,2026-06-06 08:15:00,23.29,Entertainment,POS
TXN_004648,CUST_0462,2026-06-27 19:23:00,50.71,Entertainment,POS
TXN_004649,CUST_0353,2026-02-25 00:58:00,40.77,Electronics,Online
TXN_004650,CUST_0341,2026-02-28 01:03:00,22.23,Healthcare,Online
TXN_004651,CUST_0230,2026-02-27 04:21:00,21.84,Restaurant,ATM
TXN_004652,CUST_0166,2026-05-20 14:41:00,52.12,Travel,Online
TXN_004653,CUST_0266,2026-01-24 08:17:00,1.73,Healthcare,Mobile
TXN_004654,CUST_0207,2026-01-17 12:03:00,19.63,Grocery,Online
TXN_004655,CUST_0273,2026-03-18 13:29:00,143.65,Travel,POS
TXN_004656,CUST_0429,2026-06-05 22:56:00,640.48,Grocery,Mobile
TXN_004657,CUST_0436,2026-04-04 11:45:00,196.5,Utilities,Mobile
TXN_004658,CUST_0326,2026-05-15 04:09:00,206.35,Shopping,Online
TXN_004659,CUST_0417,2026-05-27 07:10:00,69.47,Electronics,Mobile
TXN_004660,CUST_0340,2026-01-06 09:42:00,88.65,Travel,Online
TXN_004661,CUST_0241,2026-02-13 20:57:00,89.65,Restaurant,Online
TXN_004662,CUST_0029,2026-03-22 20:35:00,69.15,Utilities,POS
TXN_004663,CUST_0154,2026-06-08 09:28:00,20.56,Electronics,Mobile
TXN_004664,CUST_0420,2026-03-05 02:28:00,266.78,Restaurant,POS
TXN_004665,CUST_0031,2026-05-05 19:12:00,12.85,Healthcare,Online
TXN_004666,CUST_0429,2026-05-23 16:06:00,21.52,Utilities,Online
TXN_004667,CUST_0447,2026-06-23 15:31:00,63.06,Restaurant,Online
TXN_004668,CUST_0036,2026-05-17 03:42:00,20.31,Shopping,Mobile
TXN_004669,CUST_0011,2026-05-26 12:25:00,21.59,Electronics,Online
TXN_004670,CUST_0050,2026-02-21 07:56:00,25.73,Healthcare,Online
TXN_004671,CUST_0487,2026-06-10 09:16:00,108.02,Grocery,POS
TXN_004672,CUST_0428,2026-06-24 16:32:00,34.74,Grocery,POS
TXN_004673,CUST_0067,2026-01-12 20:37:00,18.95,Entertainment,POS
TXN_004674,CUST_0376,2026-04-14 06:11:00,140.84,Electronics,POS
TXN_004675,CUST_0384,2026-02-08 09:17:00,114.11,Restaurant,POS
TXN_004676,CUST_0491,2026-04-25 19:01:00,57.73,Grocery,ATM
TXN_004677,CUST_0327,2026-04-05 09:15:00,84.97,Travel,POS
TXN_004678,CUST_0316,2026-02-05 21:01:00,85.95,Travel,Mobile
TXN_004679,CUST_0454,2026-01-14 01:57:00,28.29,Shopping,Mobile
TXN_004680,CUST_0301,2026-04-12 07:31:00,4.9,Grocery,Online
TXN_004681,CUST_0482,2026-05-31 02:35:00,68.59,Travel,POS
TXN_004682,CUST_0248,2026-06-07 10:11:00,56.21,Shopping,POS
TXN_004683,CUST_0414,2026-05-30 13:02:00,20.88,Entertainment,Online
TXN_004684,CUST_0244,2026-04-06 12:39:00,25.02,Entertainment,POS
TXN_004685,CUST_0351,2026-05-03 02:39:00,55.37,Entertainment,Mobile
TXN_004686,CUST_0123,2026-04-21 14:26:00,7.0,Grocery,POS
TXN_004687,CUST_0083,2026-04-12 00:10:00,15.14,Electronics,Mobile
TXN_004688,CUST_0404,2026-05-15 22:21:00,12.67,Grocery,Online
TXN_004689,CUST_0078,2026-03-28 20:34:00,3.21,Utilities,Online
TXN_004690,CUST_0025,2026-01-08 14:12:00,16.26,Shopping,POS
TXN_004691,CUST_0251,2026-04-10 13:21:00,97.86,Healthcare,Online
TXN_004692,CUST_0134,2026-04-06 12:57:00,16.09,Healthcare,Online
TXN_004693,CUST_0209,2026-01-13 18:49:00,7.85,Restaurant,Online
TXN_004694,CUST_0062,2026-01-11 15:27:00,27.0,Utilities,Mobile
TXN_004695,CUST_0049,2026-05-20 17:16:00,29.63,Entertainment,Online
TXN_004696,CUST_0433,2026-05-09 16:03:00,26.84,Grocery,POS
TXN_004697,CUST_0249,2026-03-25 23:31:00,63.43,Entertainment,POS
TXN_004698,CUST_0402,2026-03-31 16:00:00,19.04,Healthcare,Online
TXN_004699,CUST_0307,2026-03-07 23:43:00,18.38,Restaurant,POS
TXN_004700,CUST_0360,2026-01-15 14:31:00,19.81,Healthcare,Online
TXN_004701,CUST_0141,2026-01-01 00:56:00,2.6,Utilities,Online
TXN_004702,CUST_0150,2026-02-03 05:00:00,12.05,Grocery,Mobile
TXN_004703,CUST_0076,2026-02-25 11:22:00,30.62,Entertainment,Online
TXN_004704,CUST_0460,2026-05-23 15:19:00,41.7,Electronics,POS
TXN_004705,CUST_0369,2026-03-17 20:54:00,53.63,Travel,POS
TXN_004706,CUST_0010,2026-05-01 13:51:00,64.69,Entertainment,Online
TXN_004707,CUST_0312,2026-02-19 15:13:00,204.2,Utilities,Online
TXN_004708,CUST_0047,2026-02-12 07:14:00,52.86,Healthcare,Online
TXN_004709,CUST_0475,2026-02-01 03:08:00,49.3,Travel,Mobile
TXN_004710,CUST_0061,2026-03-15 23:00:00,20.62,Entertainment,POS
TXN_004711,CUST_0076,2026-06-26 00:19:00,57.03,Restaurant,POS
TXN_004712,CUST_0229,2026-04-02 05:59:00,164.33,Shopping,POS
TXN_004713,CUST_0238,2026-06-10 21:13:00,30.46,Grocery,Online
TXN_004714,CUST_0336,2026-05-19 11:07:00,132.86,Travel,Online
TXN_004715,CUST_0395,2026-05-13 00:27:00,66.27,Travel,POS
TXN_004716,CUST_0216,2026-04-11 09:04:00,68.34,Healthcare,POS
TXN_004717,CUST_0303,2026-03-31 19:26:00,16.7,Restaurant,POS
TXN_004718,CUST_0330,2026-05-19 11:39:00,45.22,Shopping,Online
TXN_004719,CUST_0429,2026-02-12 13:45:00,71.09,Utilities,ATM
TXN_004720,CUST_0277,2026-03-09 08:52:00,31.66,Grocery,POS
TXN_004721,CUST_0086,2026-03-08 05:39:00,34.8,Healthcare,Online
TXN_004722,CUST_0332,2026-03-20 18:35:00,26.64,Electronics,POS
TXN_004723,CUST_0395,2026-01-07 01:38:00,58.96,Electronics,Online
TXN_004724,CUST_0209,2026-02-10 23:46:00,23.37,Grocery,POS
TXN_004725,CUST_0489,2026-03-06 17:04:00,18.88,Healthcare,Online
TXN_004726,CUST_0381,2026-01-16 04:25:00,53.26,Restaurant,Mobile
TXN_004727,CUST_0381,2026-01-18 21:35:00,175.05,Electronics,Online
TXN_004728,CUST_0409,2026-05-08 13:11:00,40.58,Electronics,POS
TXN_004729,CUST_0222,2026-06-11 01:46:00,45.87,Entertainment,Online
TXN_004730,CUST_0166,2026-04-10 10:46:00,77.85,Travel,POS
TXN_004731,CUST_0238,2026-01-11 19:29:00,147.22,Shopping,Online
TXN_004732,CUST_0484,2026-05-24 18:41:00,5.07,Entertainment,POS
TXN_004733,CUST_0196,2026-02-18 04:03:00,78.21,Grocery,Online
TXN_004734,CUST_0380,2026-06-08 06:46:00,24.68,Entertainment,Online
TXN_004735,CUST_0410,2026-05-23 05:42:00,4.69,Travel,POS
TXN_004736,CUST_0409,2026-04-18 21:50:00,198.45,Grocery,POS
TXN_004737,CUST_0092,2026-05-30 17:51:00,18.83,Healthcare,POS
TXN_004738,CUST_0407,2026-02-12 16:32:00,39.76,Healthcare,POS
TXN_004739,CUST_0035,2026-01-07 20:34:00,130.86,Electronics,Online
TXN_004740,CUST_0039,2026-03-15 01:02:00,25.0,Entertainment,Online
TXN_004741,CUST_0230,2026-01-30 21:03:00,18.0,Shopping,Online
TXN_004742,CUST_0227,2026-06-22 03:45:00,25.37,Shopping,Mobile
TXN_004743,CUST_0116,2026-02-12 00:46:00,48.35,Entertainment,Mobile
TXN_004744,CUST_0352,2026-03-24 02:47:00,39.27,Restaurant,POS
TXN_004745,CUST_0021,2026-01-06 23:03:00,33.49,Travel,Mobile
TXN_004746,CUST_0170,2026-03-10 11:20:00,29.94,Entertainment,POS
TXN_004747,CUST_0330,2026-03-26 07:30:00,28.97,Shopping,ATM
TXN_004748,CUST_0093,2026-02-26 22:53:00,2.66,Entertainment,Online
TXN_004749,CUST_0113,2026-01-04 12:17:00,60.34,Grocery,POS
TXN_004750,CUST_0155,2026-04-24 18:12:00,24.31,Shopping,Online
TXN_004751,CUST_0139,2026-03-19 02:45:00,54.36,Entertainment,Mobile
TXN_004752,CUST_0267,2026-01-10 17:07:00,40.45,Shopping,POS
TXN_004753,CUST_0252,2026-01-22 08:21:00,18.15,Shopping,Mobile
TXN_004754,CUST_0384,2026-06-23 11:03:00,7.1,Utilities,Mobile
TXN_004755,CUST_0221,2026-02-09 03:55:00,8.2,Electronics,Mobile
TXN_004756,CUST_0019,2026-05-18 01:29:00,42.31,Electronics,ATM
TXN_004757,CUST_0360,2026-05-25 06:13:00,25.82,Travel,Online
TXN_004758,CUST_0445,2026-03-27 21:11:00,17.84,Entertainment,Mobile
TXN_004759,CUST_0432,2026-01-09 20:18:00,16.31,Electronics,Online
TXN_004760,CUST_0093,2026-05-24 22:01:00,49.45,Electronics,POS
TXN_004761,CUST_0453,2026-01-17 21:18:00,149.62,Utilities,Mobile
TXN_004762,CUST_0091,2026-05-09 21:16:00,55.22,Travel,ATM
TXN_004763,CUST_0278,2026-01-25 15:40:00,46.38,Entertainment,ATM
TXN_004764,CUST_0337,2026-01-09 10:35:00,97.92,Grocery,Online
TXN_004765,CUST_0095,2026-05-23 13:27:00,59.94,Travel,POS
TXN_004766,CUST_0451,2026-06-02 21:32:00,645.45,Grocery,Online
TXN_004767,CUST_0405,2026-01-14 07:04:00,11.82,Entertainment,ATM
TXN_004768,CUST_0368,2026-04-16 11:48:00,40.63,Grocery,Online
TXN_004769,CUST_0408,2026-06-21 19:24:00,38.22,Healthcare,POS
TXN_004770,CUST_0316,2026-03-11 18:57:00,15.54,Restaurant,POS
TXN_004771,CUST_0380,2026-01-29 15:54:00,15.43,Restaurant,Online
TXN_004772,CUST_0319,2026-06-28 21:03:00,5.85,Restaurant,Online
TXN_004773,CUST_0318,2026-05-27 19:06:00,22.86,Utilities,POS
TXN_004774,CUST_0262,2026-03-21 21:17:00,26.29,Healthcare,Mobile
TXN_004775,CUST_0312,2026-05-02 23:02:00,6.65,Travel,POS
TXN_004776,CUST_0210,2026-05-19 20:33:00,120.69,Entertainment,POS
TXN_004777,CUST_0106,2026-03-07 02:38:00,1.98,Healthcare,Online
TXN_004778,CUST_0469,2026-01-14 06:41:00,27.03,Electronics,Mobile
TXN_004779,CUST_0384,2026-05-28 07:41:00,24.8,Utilities,Online
TXN_004780,CUST_0392,2026-01-27 08:52:00,49.73,Utilities,Mobile
TXN_004781,CUST_0397,2026-05-01 15:07:00,28.57,Electronics,Mobile
TXN_004782,CUST_0066,2026-04-07 15:11:00,19.65,Utilities,POS
TXN_004783,CUST_0472,2026-02-21 18:28:00,28.34,Electronics,Online
TXN_004784,CUST_0376,2026-02-25 14:26:00,82.82,Grocery,Mobile
TXN_004785,CUST_0410,2026-05-09 19:57:00,17.06,Entertainment,Mobile
TXN_004786,CUST_0167,2026-01-10 15:31:00,183.22,Entertainment,POS
TXN_004787,CUST_0097,2026-06-19 20:32:00,120.77,Travel,POS
TXN_004788,CUST_0367,2026-02-06 02:05:00,5.7,Travel,POS
TXN_004789,CUST_0214,2026-04-05 16:45:00,118.87,Grocery,POS
TXN_004790,CUST_0187,2026-05-26 10:19:00,24.96,Utilities,Mobile
TXN_004791,CUST_0310,2026-02-04 10:55:00,28.81,Healthcare,Online
TXN_004792,CUST_0277,2026-06-18 19:23:00,17.74,Grocery,Online
TXN_004793,CUST_0380,2026-06-29 21:20:00,11.63,Travel,POS
TXN_004794,CUST_0353,2026-04-11 04:26:00,27.91,Electronics,ATM
TXN_004795,CUST_0366,2026-04-12 01:54:00,11.98,Shopping,POS
TXN_004796,CUST_0314,2026-01-17 06:26:00,232.69,Travel,Online
TXN_004797,CUST_0486,2026-04-11 05:36:00,68.39,Travel,Online
TXN_004798,CUST_0076,2026-02-16 02:43:00,5.42,Grocery,POS
TXN_004799,CUST_0458,2026-06-25 08:56:00,17.85,Shopping,Online
TXN_004800,CUST_0454,2026-02-15 09:24:00,65.34,Utilities,Online
TXN_004801,CUST_0358,2026-03-08 15:16:00,42.47,Electronics,Mobile
TXN_004802,CUST_0021,2026-01-05 16:12:00,10.99,Electronics,Online
TXN_004803,CUST_0306,2026-03-31 06:55:00,12.34,Travel,Online
TXN_004804,CUST_0048,2026-04-29 12:11:00,22.67,Utilities,ATM
TXN_004805,CUST_0151,2026-05-06 00:32:00,11.0,Entertainment,Online
TXN_004806,CUST_0396,2026-04-21 12:42:00,80.44,Entertainment,POS
TXN_004807,CUST_0349,2026-01-25 13:37:00,31.92,Utilities,ATM
TXN_004808,CUST_0135,2026-05-26 23:50:00,32.76,Restaurant,Online
TXN_004809,CUST_0204,2026-02-14 04:54:00,25.49,Grocery,ATM
TXN_004810,CUST_0337,2026-06-28 07:50:00,23.46,Shopping,POS
TXN_004811,CUST_0191,2026-01-21 22:52:00,94.32,Entertainment,POS
TXN_004812,CUST_0033,2026-05-04 21:16:00,15.46,Electronics,Online
TXN_004813,CUST_0069,2026-03-16 20:49:00,140.73,Electronics,Online
TXN_004814,CUST_0367,2026-04-18 00:52:00,42.27,Restaurant,POS
TXN_004815,CUST_0335,2026-06-24 20:58:00,201.19,Utilities,Online
TXN_004816,CUST_0272,2026-06-26 14:10:00,10.01,Shopping,Online
TXN_004817,CUST_0171,2026-02-14 12:19:00,31.45,Utilities,Online
TXN_004818,CUST_0077,2026-04-20 06:13:00,13.84,Shopping,ATM
TXN_004819,CUST_0491,2026-05-18 05:43:00,3.97,Healthcare,POS
TXN_004820,CUST_0286,2026-03-13 00:27:00,14.63,Restaurant,Online
TXN_004821,CUST_0199,2026-05-18 23:47:00,51.75,Electronics,Mobile
TXN_004822,CUST_0243,2026-02-21 06:36:00,17.46,Shopping,Mobile
TXN_004823,CUST_0351,2026-03-25 22:59:00,35.06,Restaurant,POS
TXN_004824,CUST_0247,2026-01-24 11:28:00,288.84,Restaurant,POS
TXN_004825,CUST_0011,2026-02-19 05:20:00,7.58,Travel,Mobile
TXN_004826,CUST_0244,2026-05-04 14:35:00,28.09,Utilities,ATM
TXN_004827,CUST_0379,2026-04-12 14:04:00,20.55,Entertainment,Online
TXN_004828,CUST_0429,2026-06-07 13:14:00,17.88,Entertainment,Online
TXN_004829,CUST_0143,2026-01-31 19:04:00,10.19,Travel,Online
TXN_004830,CUST_0117,2026-01-07 09:20:00,47.09,Electronics,POS
TXN_004831,CUST_0294,2026-04-24 01:26:00,4.58,Healthcare,Online
TXN_004832,CUST_0039,2026-01-18 17:25:00,9.92,Restaurant,POS
TXN_004833,CUST_0413,2026-03-06 04:24:00,17.24,Healthcare,Online
TXN_004834,CUST_0411,2026-06-04 21:33:00,336.14,Electronics,Mobile
TXN_004835,CUST_0301,2026-05-06 20:22:00,13.31,Restaurant,Online
TXN_004836,CUST_0173,2026-02-01 07:01:00,13.25,Restaurant,Online
TXN_004837,CUST_0284,2026-02-01 21:52:00,33.54,Utilities,Online
TXN_004838,CUST_0253,2026-02-11 05:39:00,10.29,Electronics,POS
TXN_004839,CUST_0017,2026-02-19 09:14:00,24.26,Entertainment,Online
TXN_004840,CUST_0281,2026-02-12 12:40:00,16.55,Healthcare,Online
TXN_004841,CUST_0327,2026-05-22 19:23:00,125.85,Restaurant,Online
TXN_004842,CUST_0425,2026-03-12 06:49:00,84.66,Shopping,ATM
TXN_004843,CUST_0111,2026-04-02 21:39:00,190.22,Entertainment,Online
TXN_004844,CUST_0422,2026-04-08 20:41:00,86.31,Utilities,POS
TXN_004845,CUST_0053,2026-05-25 23:45:00,15.87,Healthcare,Mobile
TXN_004846,CUST_0257,2026-01-20 10:55:00,81.93,Entertainment,POS
TXN_004847,CUST_0016,2026-04-30 23:41:00,13.92,Travel,Mobile
TXN_004848,CUST_0232,2026-06-06 18:38:00,11.09,Utilities,POS
TXN_004849,CUST_0464,2026-01-12 11:31:00,232.78,Entertainment,Mobile
TXN_004850,CUST_0123,2026-04-07 02:09:00,76.43,Electronics,Mobile
TXN_004851,CUST_0068,2026-02-09 04:37:00,153.22,Grocery,Online
TXN_004852,CUST_0140,2026-04-28 20:40:00,23.98,Utilities,Online
TXN_004853,CUST_0273,2026-05-15 15:42:00,77.17,Electronics,POS
TXN_004854,CUST_0128,2026-06-16 00:20:00,149.37,Healthcare,ATM
TXN_004855,CUST_0218,2026-01-19 04:49:00,43.13,Entertainment,ATM
TXN_004856,CUST_0331,2026-02-20 23:16:00,20.63,Healthcare,POS
TXN_004857,CUST_0114,2026-06-07 18:35:00,25.39,Grocery,POS
TXN_004858,CUST_0466,2026-04-01 19:19:00,15.22,Shopping,Online
TXN_004859,CUST_0071,2026-03-28 02:18:00,57.33,Electronics,Mobile
TXN_004860,CUST_0143,2026-04-08 10:52:00,12.18,Shopping,POS
TXN_004861,CUST_0469,2026-04-25 10:45:00,35.81,Healthcare,Online
TXN_004862,CUST_0277,2026-04-12 04:02:00,22.87,Travel,ATM
TXN_004863,CUST_0459,2026-05-29 16:27:00,112.03,Travel,Mobile
TXN_004864,CUST_0349,2026-01-03 11:27:00,11.31,Electronics,Online
TXN_004865,CUST_0123,2026-04-25 10:50:00,16.32,Grocery,POS
TXN_004866,CUST_0141,2026-01-12 13:23:00,21.8,Utilities,POS
TXN_004867,CUST_0418,2026-01-03 15:14:00,129.49,Travel,POS
TXN_004868,CUST_0007,2026-01-07 15:53:00,7.83,Shopping,ATM
TXN_004869,CUST_0277,2026-02-10 13:33:00,18.24,Entertainment,Mobile
TXN_004870,CUST_0140,2026-06-21 05:05:00,83.55,Entertainment,ATM
TXN_004871,CUST_0269,2026-01-01 21:05:00,14.63,Restaurant,Mobile
TXN_004872,CUST_0424,2026-02-02 13:15:00,17.21,Utilities,POS
TXN_004873,CUST_0456,2026-02-14 12:22:00,8.61,Entertainment,Mobile
TXN_004874,CUST_0452,2026-05-21 07:12:00,23.71,Grocery,Online
TXN_004875,CUST_0191,2026-03-17 01:33:00,10.56,Entertainment,POS
TXN_004876,CUST_0434,2026-01-13 22:43:00,69.82,Shopping,Mobile
TXN_004877,CUST_0203,2026-06-03 09:50:00,24.44,Utilities,Online
TXN_004878,CUST_0118,2026-05-04 13:52:00,11.19,Travel,POS
TXN_004879,CUST_0281,2026-02-10 08:23:00,56.52,Entertainment,Online
TXN_004880,CUST_0323,2026-02-02 22:01:00,95.86,Utilities,Online
TXN_004881,CUST_0470,2026-06-05 16:22:00,24.83,Entertainment,Mobile
TXN_004882,CUST_0438,2026-01-05 13:46:00,11.35,Travel,Mobile
TXN_004883,CUST_0456,2026-04-10 10:41:00,12.61,Healthcare,ATM
TXN_004884,CUST_0184,2026-04-11 09:31:00,10.58,Travel,Mobile
TXN_004885,CUST_0113,2026-06-25 22:06:00,39.64,Utilities,Mobile
TXN_004886,CUST_0410,2026-03-18 02:17:00,799.35,Healthcare,Online
TXN_004887,CUST_0003,2026-03-14 12:19:00,25.79,Grocery,ATM
TXN_004888,CUST_0318,2026-06-08 15:38:00,16.65,Restaurant,ATM
TXN_004889,CUST_0088,2026-02-15 12:04:00,43.25,Shopping,Online
TXN_004890,CUST_0212,2026-02-04 03:50:00,53.47,Grocery,Mobile
TXN_004891,CUST_0013,2026-01-23 21:36:00,9.95,Restaurant,POS
TXN_004892,CUST_0088,2026-01-03 13:49:00,6.15,Entertainment,POS
TXN_004893,CUST_0109,2026-05-07 19:52:00,464.55,Entertainment,Online
TXN_004894,CUST_0018,2026-06-29 12:32:00,35.24,Entertainment,Mobile
TXN_004895,CUST_0311,2026-05-24 16:19:00,20.71,Shopping,Online
TXN_004896,CUST_0488,2026-01-18 12:26:00,38.4,Shopping,POS
TXN_004897,CUST_0304,2026-03-16 02:14:00,39.82,Healthcare,POS
TXN_004898,CUST_0303,2026-01-23 05:27:00,32.71,Shopping,Online
TXN_004899,CUST_0217,2026-04-10 21:08:00,64.36,Travel,Online
TXN_004900,CUST_0474,2026-04-09 09:17:00,16.95,Healthcare,POS
TXN_004901,CUST_0260,2026-03-30 20:22:00,31.81,Electronics,Mobile
TXN_004902,CUST_0151,2026-06-27 08:10:00,2.88,Healthcare,POS
TXN_004903,CUST_0115,2026-06-05 21:51:00,73.65,Entertainment,POS
TXN_004904,CUST_0318,2026-02-18 12:19:00,106.89,Entertainment,Mobile
TXN_004905,CUST_0347,2026-01-15 22:20:00,35.23,Restaurant,POS
TXN_004906,CUST_0176,2026-01-24 01:28:00,63.02,Utilities,POS
TXN_004907,CUST_0249,2026-06-04 07:01:00,44.82,Electronics,Online
TXN_004908,CUST_0286,2026-04-21 07:22:00,24.46,Healthcare,Online
TXN_004909,CUST_0377,2026-04-15 14:36:00,17.38,Electronics,Online
TXN_004910,CUST_0334,2026-03-22 08:28:00,5.07,Shopping,Mobile
TXN_004911,CUST_0462,2026-05-19 07:03:00,38.8,Restaurant,Mobile
TXN_004912,CUST_0107,2026-02-24 08:03:00,281.6,Restaurant,Mobile
TXN_004913,CUST_0460,2026-04-30 16:32:00,30.49,Restaurant,Online
TXN_004914,CUST_0095,2026-02-05 06:04:00,24.67,Electronics,Online
TXN_004915,CUST_0477,2026-01-02 08:27:00,15.21,Entertainment,POS
TXN_004916,CUST_0260,2026-06-02 02:58:00,57.89,Entertainment,POS
TXN_004917,CUST_0432,2026-02-22 14:41:00,110.73,Restaurant,POS
TXN_004918,CUST_0025,2026-04-29 07:12:00,38.38,Shopping,POS
TXN_004919,CUST_0432,2026-01-14 03:36:00,10.03,Restaurant,ATM
TXN_004920,CUST_0034,2026-03-30 08:30:00,42.87,Electronics,POS
TXN_004921,CUST_0126,2026-04-04 13:30:00,34.16,Entertainment,Mobile
TXN_004922,CUST_0448,2026-04-15 16:20:00,7.35,Healthcare,Mobile
TXN_004923,CUST_0321,2026-06-06 14:26:00,72.25,Healthcare,ATM
TXN_004924,CUST_0212,2026-03-01 05:52:00,143.29,Travel,Online
TXN_004925,CUST_0151,2026-02-20 19:58:00,68.54,Healthcare,Online
TXN_004926,CUST_0237,2026-05-28 13:52:00,4.22,Utilities,POS
TXN_004927,CUST_0127,2026-01-11 07:44:00,22.17,Electronics,Online
TXN_004928,CUST_0321,2026-01-24 10:29:00,78.13,Restaurant,Mobile
TXN_004929,CUST_0348,2026-05-31 16:27:00,29.25,Healthcare,Mobile
TXN_004930,CUST_0409,2026-01-15 08:21:00,34.99,Entertainment,ATM
TXN_004931,CUST_0451,2026-01-20 01:08:00,57.13,Shopping,POS
TXN_004932,CUST_0064,2026-04-25 04:52:00,80.4,Grocery,Mobile
TXN_004933,CUST_0119,2026-04-12 02:37:00,29.15,Utilities,Online
TXN_004934,CUST_0100,2026-02-12 16:51:00,27.54,Shopping,POS
TXN_004935,CUST_0049,2026-02-23 17:25:00,90.19,Shopping,Online
TXN_004936,CUST_0375,2026-05-21 16:33:00,33.12,Entertainment,POS
TXN_004937,CUST_0292,2026-02-22 23:20:00,109.26,Travel,Online
TXN_004938,CUST_0083,2026-04-03 18:12:00,9.44,Healthcare,Online
TXN_004939,CUST_0234,2026-01-11 07:13:00,55.35,Electronics,Online
TXN_004940,CUST_0371,2026-03-27 11:26:00,17.09,Utilities,Online
TXN_004941,CUST_0489,2026-05-30 08:40:00,16.81,Healthcare,Online
TXN_004942,CUST_0470,2026-05-25 05:03:00,16.55,Electronics,Online
TXN_004943,CUST_0461,2026-04-17 21:16:00,5.15,Grocery,ATM
TXN_004944,CUST_0345,2026-05-29 12:14:00,15.41,Utilities,Online
TXN_004945,CUST_0145,2026-03-20 01:51:00,45.13,Utilities,Mobile
TXN_004946,CUST_0068,2026-06-12 21:32:00,101.64,Shopping,Online
TXN_004947,CUST_0027,2026-02-15 07:45:00,62.38,Healthcare,Online
TXN_004948,CUST_0359,2026-06-08 15:36:00,17.04,Entertainment,Online
TXN_004949,CUST_0459,2026-05-27 15:03:00,55.16,Electronics,Mobile
TXN_004950,CUST_0417,2026-03-28 11:59:00,45.67,Travel,ATM
TXN_004951,CUST_0292,2026-01-04 23:25:00,132.08,Grocery,POS
TXN_004952,CUST_0106,2026-04-21 00:56:00,53.15,Travel,POS
TXN_004953,CUST_0018,2026-06-27 14:49:00,33.47,Restaurant,Online
TXN_004954,CUST_0303,2026-01-12 11:15:00,50.53,Utilities,Online
TXN_004955,CUST_0231,2026-06-04 13:53:00,15.13,Shopping,Mobile
TXN_004956,CUST_0396,2026-03-31 21:51:00,133.15,Entertainment,POS
TXN_004957,CUST_0068,2026-01-04 21:09:00,27.29,Travel,Online
TXN_004958,CUST_0349,2026-05-14 14:35:00,88.31,Travel,ATM
TXN_004959,CUST_0240,2026-02-13 02:53:00,33.29,Travel,Mobile
TXN_004960,CUST_0119,2026-06-21 18:48:00,55.05,Entertainment,POS
TXN_004961,CUST_0026,2026-06-23 12:12:00,27.02,Grocery,Mobile
TXN_004962,CUST_0366,2026-02-13 22:12:00,29.65,Shopping,Mobile
TXN_004963,CUST_0140,2026-06-02 10:46:00,10.07,Entertainment,POS
TXN_004964,CUST_0266,2026-05-22 01:46:00,76.29,Healthcare,Online
TXN_004965,CUST_0440,2026-01-23 22:43:00,47.09,Entertainment,ATM
TXN_004966,CUST_0031,2026-04-28 23:34:00,153.73,Electronics,Mobile
TXN_004967,CUST_0033,2026-04-02 01:08:00,56.88,Electronics,Mobile
TXN_004968,CUST_0147,2026-04-19 09:42:00,7.75,Shopping,Online
TXN_004969,CUST_0444,2026-02-27 13:41:00,19.86,Utilities,Online
TXN_004970,CUST_0361,2026-02-02 15:45:00,517.95,Electronics,Online
TXN_004971,CUST_0223,2026-06-08 11:17:00,24.05,Electronics,POS
TXN_004972,CUST_0183,2026-03-15 15:33:00,35.39,Restaurant,Online
TXN_004973,CUST_0060,2026-01-30 03:59:00,4.65,Grocery,Online
TXN_004974,CUST_0466,2026-02-04 06:02:00,29.56,Restaurant,POS
TXN_004975,CUST_0032,2026-05-22 11:53:00,76.13,Entertainment,Online
TXN_004976,CUST_0296,2026-03-18 06:28:00,40.28,Electronics,Online
TXN_004977,CUST_0494,2026-01-25 01:18:00,24.96,Utilities,Online
TXN_004978,CUST_0166,2026-03-31 04:32:00,20.35,Grocery,POS
TXN_004979,CUST_0129,2026-06-08 17:42:00,144.32,Restaurant,POS
TXN_004980,CUST_0318,2026-01-08 18:58:00,10.85,Healthcare,POS
TXN_004981,CUST_0125,2026-06-14 00:34:00,32.12,Grocery,Online
TXN_004982,CUST_0057,2026-01-21 22:38:00,150.16,Healthcare,Online
TXN_004983,CUST_0042,2026-06-12 16:21:00,21.69,Utilities,POS
TXN_004984,CUST_0395,2026-06-08 09:22:00,7.04,Utilities,POS
TXN_004985,CUST_0090,2026-01-01 13:38:00,13.02,Healthcare,POS
TXN_004986,CUST_0243,2026-01-29 06:14:00,38.71,Healthcare,ATM
TXN_004987,CUST_0219,2026-05-08 06:01:00,53.5,Entertainment,POS
TXN_004988,CUST_0225,2026-02-06 07:30:00,160.13,Healthcare,Online
TXN_004989,CUST_0297,2026-06-04 12:27:00,30.05,Entertainment,POS
TXN_004990,CUST_0306,2026-03-15 22:06:00,33.48,Shopping,Mobile
TXN_004991,CUST_0230,2026-02-21 08:45:00,60.03,Shopping,POS
TXN_004992,CUST_0246,2026-05-07 06:08:00,51.97,Grocery,POS
TXN_004993,CUST_0284,2026-06-18 00:35:00,74.46,Grocery,Online
TXN_004994,CUST_0107,2026-01-07 02:09:00,33.53,Utilities,Online
TXN_004995,CUST_0138,2026-03-13 07:17:00,8.55,Entertainment,POS
TXN_004996,CUST_0482,2026-04-30 00:38:00,28.08,Travel,Online
TXN_004997,CUST_0472,2026-04-01 11:41:00,82.75,Electronics,POS
TXN_004998,CUST_0230,2026-05-10 15:08:00,22.13,Healthcare,Online
TXN_004999,CUST_0142,2026-04-17 21:59:00,39.83,Travel,ATM
TXN_005000,CUST_0087,2026-04-29 06:50:00,7.67,Travel,POS
TXN_005001,CUST_0291,2026-05-03 22:11:00,77.58,Electronics,ATM
TXN_005002,CUST_0446,2026-02-27 04:11:00,24.11,Utilities,Online
TXN_005003,CUST_0459,2026-01-31 18:11:00,28.86,Shopping,Online
TXN_005004,CUST_0169,2026-01-28 22:25:00,37.25,Entertainment,Mobile
TXN_005005,CUST_0087,2026-03-05 10:54:00,13.68,Grocery,Online
TXN_005006,CUST_0303,2026-01-30 04:12:00,28.4,Entertainment,POS
TXN_005007,CUST_0165,2026-02-22 01:52:00,16.83,Shopping,POS
TXN_005008,CUST_0106,2026-03-13 12:00:00,7.86,Restaurant,Online
TXN_005009,CUST_0123,2026-01-02 20:44:00,23.81,Electronics,Online
TXN_005010,CUST_0327,2026-04-06 07:32:00,156.8,Healthcare,Online
TXN_005011,CUST_0188,2026-01-13 13:53:00,14.91,Healthcare,Online
TXN_005012,CUST_0366,2026-04-03 19:35:00,140.76,Electronics,Online
TXN_005013,CUST_0029,2026-06-14 08:35:00,184.65,Electronics,Mobile
TXN_005014,CUST_0289,2026-01-03 20:57:00,26.83,Utilities,ATM
TXN_005015,CUST_0160,2026-04-27 05:44:00,11.62,Travel,POS
TXN_005016,CUST_0324,2026-03-12 21:30:00,62.07,Utilities,ATM
TXN_005017,CUST_0080,2026-01-23 16:51:00,26.72,Electronics,POS
TXN_005018,CUST_0004,2026-01-03 16:43:00,57.46,Entertainment,POS
TXN_005019,CUST_0481,2026-06-15 05:03:00,12.13,Electronics,Mobile
TXN_005020,CUST_0389,2026-03-09 07:40:00,19.44,Grocery,Online
TXN_005021,CUST_0277,2026-03-10 10:04:00,6.09,Healthcare,Mobile
TXN_005022,CUST_0315,2026-01-24 06:41:00,14.2,Utilities,ATM
TXN_005023,CUST_0253,2026-03-09 12:04:00,41.3,Healthcare,POS
TXN_005024,CUST_0496,2026-05-23 22:27:00,67.14,Electronics,Online
TXN_005025,CUST_0350,2026-02-17 00:39:00,12.68,Healthcare,Mobile
TXN_005026,CUST_0399,2026-04-11 22:24:00,26.45,Healthcare,POS
TXN_005027,CUST_0059,2026-03-30 00:11:00,57.12,Travel,POS
TXN_005028,CUST_0079,2026-05-22 23:27:00,39.65,Utilities,POS
TXN_005029,CUST_0115,2026-01-08 10:59:00,58.26,Restaurant,ATM
TXN_005030,CUST_0317,2026-01-22 15:31:00,20.31,Utilities,Mobile
TXN_005031,CUST_0092,2026-05-01 06:36:00,22.5,Restaurant,Online
TXN_005032,CUST_0436,2026-04-24 23:39:00,45.57,Travel,POS
TXN_005033,CUST_0339,2026-03-19 08:11:00,44.93,Travel,Mobile
TXN_005034,CUST_0112,2026-02-20 12:58:00,15.39,Grocery,Online
TXN_005035,CUST_0214,2026-03-23 22:30:00,13.21,Utilities,Online
TXN_005036,CUST_0292,2026-05-25 05:32:00,8.66,Travel,POS
TXN_005037,CUST_0427,2026-04-26 06:17:00,3.56,Restaurant,Online
TXN_005038,CUST_0245,2026-03-20 11:17:00,68.87,Restaurant,Online
TXN_005039,CUST_0312,2026-01-19 01:32:00,26.49,Utilities,Mobile
TXN_005040,CUST_0209,2026-05-02 20:20:00,41.27,Restaurant,Mobile
TXN_005041,CUST_0457,2026-06-18 03:30:00,30.08,Shopping,POS
TXN_005042,CUST_0360,2026-05-03 19:40:00,70.4,Shopping,POS
TXN_005043,CUST_0242,2026-01-24 00:15:00,7.62,Shopping,POS
TXN_005044,CUST_0058,2026-02-14 02:55:00,1287.15,Grocery,POS
TXN_005045,CUST_0050,2026-03-22 04:33:00,39.13,Healthcare,POS
TXN_005046,CUST_0183,2026-02-25 11:10:00,55.53,Grocery,POS
TXN_005047,CUST_0399,2026-06-12 13:17:00,294.95,Entertainment,POS
TXN_005048,CUST_0250,2026-06-15 22:14:00,92.13,Healthcare,POS
TXN_005049,CUST_0427,2026-05-16 06:02:00,22.41,Shopping,Online
TXN_005050,CUST_0237,2026-02-14 03:20:00,50.17,Restaurant,POS
TXN_005051,CUST_0214,2026-04-21 14:42:00,8.4,Shopping,Mobile
TXN_005052,CUST_0057,2026-03-11 21:11:00,52.84,Travel,Mobile
TXN_005053,CUST_0297,2026-04-29 05:16:00,64.21,Healthcare,POS
TXN_005054,CUST_0475,2026-05-03 05:55:00,87.58,Electronics,POS
TXN_005055,CUST_0060,2026-06-05 01:29:00,4.71,Healthcare,Mobile
TXN_005056,CUST_0337,2026-01-15 06:43:00,17.17,Utilities,POS
TXN_005057,CUST_0117,2026-03-29 12:53:00,75.81,Entertainment,POS
TXN_005058,CUST_0145,2026-02-23 04:06:00,80.89,Electronics,POS
TXN_005059,CUST_0339,2026-01-18 00:06:00,70.48,Healthcare,POS
TXN_005060,CUST_0394,2026-03-03 07:08:00,56.16,Healthcare,Online
TXN_005061,CUST_0478,2026-02-12 19:15:00,356.0,Travel,Online
TXN_005062,CUST_0126,2026-02-13 07:23:00,8.43,Healthcare,Mobile
TXN_005063,CUST_0286,2026-01-18 12:30:00,33.89,Shopping,POS
TXN_005064,CUST_0211,2026-06-25 15:03:00,21.84,Utilities,Online
TXN_005065,CUST_0285,2026-02-15 02:16:00,126.36,Shopping,Online
TXN_005066,CUST_0056,2026-06-04 09:12:00,26.66,Electronics,Mobile
TXN_005067,CUST_0018,2026-06-22 09:51:00,20.29,Entertainment,Mobile
TXN_005068,CUST_0089,2026-04-05 14:25:00,29.95,Travel,Online
TXN_005069,CUST_0083,2026-02-09 06:57:00,141.63,Grocery,Online
TXN_005070,CUST_0292,2026-03-02 21:42:00,58.01,Utilities,Online
TXN_005071,CUST_0359,2026-02-09 12:58:00,24.47,Entertainment,ATM
TXN_005072,CUST_0300,2026-01-13 07:51:00,86.27,Shopping,Online
TXN_005073,CUST_0058,2026-03-29 11:00:00,38.06,Healthcare,Online
TXN_005074,CUST_0477,2026-04-29 19:35:00,48.77,Healthcare,POS
TXN_005075,CUST_0103,2026-05-23 03:34:00,19.39,Healthcare,Mobile
TXN_005076,CUST_0417,2026-04-15 18:16:00,180.64,Grocery,POS
TXN_005077,CUST_0372,2026-02-19 17:07:00,217.7,Electronics,Online
TXN_005078,CUST_0345,2026-01-05 10:11:00,57.42,Travel,POS
TXN_005079,CUST_0346,2026-05-18 20:11:00,26.62,Shopping,POS
TXN_005080,CUST_0214,2026-04-17 07:19:00,23.83,Healthcare,Online
TXN_005081,CUST_0430,2026-01-18 22:39:00,6.05,Healthcare,POS
TXN_005082,CUST_0290,2026-01-05 22:59:00,5.75,Healthcare,Online
TXN_005083,CUST_0006,2026-03-01 00:24:00,22.87,Electronics,Mobile
TXN_005084,CUST_0303,2026-01-17 14:46:00,22.37,Travel,Mobile
TXN_005085,CUST_0283,2026-04-19 06:25:00,17.11,Grocery,ATM
TXN_005086,CUST_0143,2026-01-15 22:50:00,68.3,Healthcare,POS
TXN_005087,CUST_0469,2026-05-23 18:40:00,41.41,Shopping,Online
TXN_005088,CUST_0462,2026-02-04 14:24:00,16.55,Entertainment,POS
TXN_005089,CUST_0391,2026-01-03 16:06:00,74.97,Utilities,POS
TXN_005090,CUST_0084,2026-05-07 13:28:00,7.85,Restaurant,ATM
TXN_005091,CUST_0334,2026-03-14 18:34:00,31.94,Grocery,Online
TXN_005092,CUST_0302,2026-05-20 11:16:00,24.87,Restaurant,POS
TXN_005093,CUST_0170,2026-03-18 14:15:00,21.88,Electronics,ATM
TXN_005094,CUST_0262,2026-01-21 22:26:00,50.3,Restaurant,Online
TXN_005095,CUST_0391,2026-04-14 09:34:00,41.77,Entertainment,Online
TXN_005096,CUST_0329,2026-05-20 16:48:00,16.49,Entertainment,POS
TXN_005097,CUST_0200,2026-06-28 04:22:00,83.59,Travel,ATM
TXN_005098,CUST_0145,2026-03-23 13:36:00,10.22,Healthcare,Mobile
TXN_005099,CUST_0360,2026-06-13 19:24:00,27.15,Utilities,Mobile
TXN_005100,CUST_0072,2026-01-23 20:14:00,11.4,Electronics,POS
TXN_005101,CUST_0487,2026-01-17 08:33:00,10.42,Electronics,POS
TXN_005102,CUST_0074,2026-06-02 04:12:00,24.2,Electronics,POS
TXN_005103,CUST_0324,2026-01-04 11:07:00,22.48,Healthcare,Mobile
TXN_005104,CUST_0463,2026-04-28 12:52:00,49.84,Utilities,ATM
TXN_005105,CUST_0286,2026-02-16 19:13:00,64.18,Grocery,POS
TXN_005106,CUST_0120,2026-04-19 13:19:00,6.21,Travel,Online
TXN_005107,CUST_0300,2026-03-30 07:22:00,240.15,Travel,Online
TXN_005108,CUST_0036,2026-02-08 02:50:00,94.18,Grocery,Mobile
TXN_005109,CUST_0008,2026-04-13 07:08:00,150.38,Entertainment,Mobile
TXN_005110,CUST_0256,2026-04-06 08:13:00,40.04,Utilities,POS
TXN_005111,CUST_0207,2026-03-17 23:49:00,36.75,Grocery,Online
TXN_005112,CUST_0425,2026-05-12 01:21:00,82.79,Restaurant,POS
TXN_005113,CUST_0209,2026-03-14 23:34:00,85.26,Grocery,Mobile
TXN_005114,CUST_0362,2026-04-02 12:27:00,29.34,Electronics,ATM
TXN_005115,CUST_0110,2026-05-26 19:25:00,64.98,Restaurant,POS
TXN_005116,CUST_0135,2026-02-11 23:08:00,67.78,Entertainment,POS
TXN_005117,CUST_0437,2026-05-24 08:07:00,85.49,Utilities,Online
TXN_005118,CUST_0451,2026-04-28 03:01:00,68.54,Shopping,POS
TXN_005119,CUST_0004,2026-01-29 20:10:00,17.64,Shopping,Online
TXN_005120,CUST_0445,2026-05-18 16:10:00,36.47,Travel,POS
TXN_005121,CUST_0342,2026-03-25 20:43:00,55.64,Restaurant,Online
TXN_005122,CUST_0053,2026-06-14 05:45:00,41.33,Travel,POS
TXN_005123,CUST_0403,2026-04-06 03:14:00,32.37,Restaurant,POS
TXN_005124,CUST_0344,2026-03-09 22:06:00,27.21,Grocery,Online
TXN_005125,CUST_0191,2026-05-08 09:36:00,5.8,Restaurant,POS
TXN_005126,CUST_0263,2026-01-10 01:32:00,3.76,Entertainment,Mobile
TXN_005127,CUST_0119,2026-02-18 13:15:00,467.73,Utilities,POS
TXN_005128,CUST_0494,2026-05-14 02:46:00,52.14,Travel,POS
TXN_005129,CUST_0116,2026-04-14 21:57:00,8.29,Shopping,POS
TXN_005130,CUST_0119,2026-05-29 14:53:00,36.53,Restaurant,POS
TXN_005131,CUST_0458,2026-03-21 01:48:00,106.5,Grocery,ATM
TXN_005132,CUST_0348,2026-04-21 03:27:00,48.73,Shopping,Online
TXN_005133,CUST_0040,2026-05-13 01:45:00,69.9,Healthcare,POS
TXN_005134,CUST_0377,2026-01-25 11:56:00,85.0,Grocery,Mobile
TXN_005135,CUST_0243,2026-01-01 05:18:00,6.88,Healthcare,ATM
TXN_005136,CUST_0043,2026-03-17 19:20:00,6.39,Travel,Online
TXN_005137,CUST_0453,2026-04-14 09:55:00,22.68,Shopping,POS
TXN_005138,CUST_0224,2026-03-31 10:41:00,78.58,Travel,Online
TXN_005139,CUST_0485,2026-02-18 03:05:00,6.6,Healthcare,POS
TXN_005140,CUST_0432,2026-05-15 12:04:00,35.5,Grocery,Online
TXN_005141,CUST_0098,2026-04-06 13:49:00,50.85,Utilities,Online
TXN_005142,CUST_0259,2026-04-17 08:26:00,24.96,Healthcare,Online
TXN_005143,CUST_0250,2026-04-10 01:17:00,55.42,Electronics,Online
TXN_005144,CUST_0125,2026-05-28 04:25:00,27.09,Electronics,Mobile
TXN_005145,CUST_0361,2026-04-03 23:58:00,23.13,Grocery,ATM
TXN_005146,CUST_0162,2026-05-13 13:09:00,16.12,Healthcare,Online
TXN_005147,CUST_0484,2026-01-13 08:02:00,9.97,Travel,POS
TXN_005148,CUST_0489,2026-06-01 18:10:00,51.43,Utilities,Online
TXN_005149,CUST_0172,2026-01-01 04:07:00,47.9,Shopping,ATM
TXN_005150,CUST_0283,2026-05-27 02:59:00,353.09,Healthcare,Online
TXN_005151,CUST_0158,2026-04-10 16:18:00,19.56,Grocery,Mobile
TXN_005152,CUST_0229,2026-05-14 06:03:00,43.86,Shopping,Online
TXN_005153,CUST_0072,2026-03-10 21:29:00,24.98,Restaurant,POS
TXN_005154,CUST_0018,2026-06-12 11:54:00,13.86,Travel,POS
TXN_005155,CUST_0138,2026-06-26 06:31:00,49.25,Travel,POS
TXN_005156,CUST_0358,2026-04-05 21:57:00,17.95,Entertainment,POS
TXN_005157,CUST_0438,2026-03-28 17:08:00,164.83,Healthcare,Online
TXN_005158,CUST_0432,2026-02-14 16:46:00,7.82,Grocery,Online
TXN_005159,CUST_0388,2026-02-25 16:36:00,199.08,Utilities,POS
TXN_005160,CUST_0146,2026-04-26 14:09:00,30.06,Entertainment,Mobile
TXN_005161,CUST_0340,2026-04-12 16:41:00,102.02,Shopping,POS
TXN_005162,CUST_0082,2026-06-06 22:33:00,115.01,Electronics,Online
TXN_005163,CUST_0344,2026-04-25 08:55:00,50.94,Utilities,Mobile
TXN_005164,CUST_0272,2026-06-10 00:14:00,24.78,Travel,Online
TXN_005165,CUST_0078,2026-03-12 15:51:00,13.75,Shopping,Online
TXN_005166,CUST_0219,2026-02-03 19:11:00,77.16,Healthcare,Online
TXN_005167,CUST_0479,2026-02-12 06:34:00,10.39,Healthcare,POS
TXN_005168,CUST_0343,2026-05-19 15:03:00,42.3,Healthcare,ATM
TXN_005169,CUST_0056,2026-04-16 20:12:00,6.25,Grocery,Mobile
TXN_005170,CUST_0324,2026-01-25 01:06:00,34.5,Travel,Online
TXN_005171,CUST_0184,2026-02-07 05:11:00,54.19,Utilities,POS
TXN_005172,CUST_0424,2026-03-14 09:29:00,6.45,Grocery,POS
TXN_005173,CUST_0012,2026-06-08 19:03:00,7.97,Travel,Mobile
TXN_005174,CUST_0070,2026-02-01 02:42:00,21.83,Electronics,Online
TXN_005175,CUST_0351,2026-02-22 23:43:00,11.56,Entertainment,POS
TXN_005176,CUST_0287,2026-02-06 17:12:00,295.8,Travel,POS
TXN_005177,CUST_0295,2026-06-17 14:52:00,33.67,Entertainment,POS
TXN_005178,CUST_0223,2026-01-23 18:40:00,80.16,Restaurant,Online
TXN_005179,CUST_0091,2026-02-19 19:13:00,15.84,Entertainment,Online
TXN_005180,CUST_0247,2026-01-30 21:36:00,15.08,Healthcare,POS
TXN_005181,CUST_0427,2026-06-25 18:54:00,11.05,Utilities,POS
TXN_005182,CUST_0035,2026-03-24 17:47:00,42.98,Restaurant,Online
TXN_005183,CUST_0310,2026-03-19 18:47:00,19.61,Shopping,Mobile
TXN_005184,CUST_0048,2026-03-12 07:25:00,218.58,Electronics,ATM
TXN_005185,CUST_0157,2026-04-14 01:33:00,174.65,Electronics,Online
TXN_005186,CUST_0470,2026-06-05 20:02:00,121.64,Utilities,Mobile
TXN_005187,CUST_0326,2026-01-30 00:07:00,107.68,Utilities,Online
TXN_005188,CUST_0137,2026-03-04 03:01:00,115.43,Entertainment,POS
TXN_005189,CUST_0066,2026-05-23 07:11:00,20.55,Healthcare,POS
TXN_005190,CUST_0368,2026-01-16 14:45:00,65.81,Utilities,POS
TXN_005191,CUST_0099,2026-03-03 12:00:00,22.41,Entertainment,ATM
TXN_005192,CUST_0374,2026-03-09 01:49:00,1488.45,Entertainment,POS
TXN_005193,CUST_0414,2026-04-13 23:18:00,58.57,Entertainment,POS
TXN_005194,CUST_0414,2026-02-14 07:49:00,10.45,Restaurant,POS
TXN_005195,CUST_0282,2026-02-04 04:29:00,53.63,Travel,POS
TXN_005196,CUST_0112,2026-03-28 03:25:00,247.55,Healthcare,Mobile
TXN_005197,CUST_0480,2026-03-22 16:30:00,43.0,Travel,POS
TXN_005198,CUST_0461,2026-02-22 02:43:00,379.38,Travel,Mobile
TXN_005199,CUST_0125,2026-06-17 10:23:00,40.19,Entertainment,Online
TXN_005200,CUST_0483,2026-02-15 05:07:00,7.85,Utilities,Online
TXN_005201,CUST_0362,2026-03-24 03:36:00,1016.85,Shopping,Mobile
TXN_005202,CUST_0064,2026-01-27 19:56:00,105.19,Grocery,POS
TXN_005203,CUST_0176,2026-02-10 22:32:00,977.05,Travel,POS
TXN_005204,CUST_0183,2026-04-30 03:26:00,31.92,Grocery,POS
TXN_005205,CUST_0448,2026-06-27 20:17:00,3.32,Electronics,Online
TXN_005206,CUST_0087,2026-05-14 21:12:00,200.55,Restaurant,Mobile
TXN_005207,CUST_0371,2026-02-23 15:09:00,47.32,Grocery,Online
TXN_005208,CUST_0096,2026-01-09 01:49:00,36.76,Entertainment,ATM
TXN_005209,CUST_0273,2026-06-28 21:40:00,36.99,Shopping,Online
TXN_005210,CUST_0194,2026-01-31 03:26:00,7.56,Entertainment,POS
TXN_005211,CUST_0203,2026-04-26 13:11:00,14.27,Healthcare,POS
TXN_005212,CUST_0026,2026-02-01 11:18:00,4.73,Entertainment,Online
TXN_005213,CUST_0472,2026-01-03 06:15:00,15.62,Utilities,ATM
TXN_005214,CUST_0159,2026-05-26 01:29:00,5.45,Restaurant,Online
TXN_005215,CUST_0175,2026-03-28 01:35:00,61.4,Shopping,Online
TXN_005216,CUST_0158,2026-05-25 12:34:00,43.95,Healthcare,Online
TXN_005217,CUST_0017,2026-04-07 15:59:00,42.17,Electronics,Online
TXN_005218,CUST_0167,2026-01-16 18:33:00,8.83,Healthcare,Online
TXN_005219,CUST_0012,2026-01-23 11:40:00,16.16,Shopping,POS
TXN_005220,CUST_0483,2026-05-26 19:06:00,32.97,Entertainment,Online
TXN_005221,CUST_0165,2026-04-15 06:40:00,51.44,Grocery,Mobile
TXN_005222,CUST_0171,2026-02-23 08:03:00,28.35,Utilities,Online
TXN_005223,CUST_0066,2026-05-26 20:38:00,29.6,Grocery,Online
TXN_005224,CUST_0069,2026-01-20 04:33:00,34.11,Electronics,ATM
TXN_005225,CUST_0429,2026-04-04 13:18:00,47.47,Shopping,Online
TXN_005226,CUST_0374,2026-05-07 00:55:00,5.37,Restaurant,POS
TXN_005227,CUST_0229,2026-06-19 06:44:00,2.69,Travel,Mobile
TXN_005228,CUST_0252,2026-01-12 02:50:00,31.86,Utilities,POS
TXN_005229,CUST_0386,2026-04-23 05:22:00,54.07,Entertainment,Online
TXN_005230,CUST_0137,2026-03-06 21:19:00,27.15,Utilities,POS
TXN_005231,CUST_0395,2026-04-01 18:02:00,13.43,Shopping,Online
TXN_005232,CUST_0447,2026-01-04 17:38:00,20.45,Healthcare,Mobile
TXN_005233,CUST_0323,2026-03-31 02:54:00,143.08,Travel,Online
TXN_005234,CUST_0413,2026-01-16 19:25:00,47.72,Shopping,Online
TXN_005235,CUST_0174,2026-04-04 22:18:00,8.13,Healthcare,Online
TXN_005236,CUST_0339,2026-06-20 01:14:00,18.47,Utilities,Mobile
TXN_005237,CUST_0005,2026-04-22 22:05:00,88.83,Restaurant,POS
TXN_005238,CUST_0333,2026-01-25 11:21:00,82.5,Entertainment,Mobile
TXN_005239,CUST_0136,2026-02-11 08:09:00,66.29,Travel,Mobile
TXN_005240,CUST_0399,2026-06-21 20:08:00,4.03,Healthcare,Online
TXN_005241,CUST_0368,2026-04-23 15:31:00,6.6,Electronics,Online
TXN_005242,CUST_0339,2026-05-27 17:14:00,21.23,Utilities,POS
TXN_005243,CUST_0256,2026-02-25 17:01:00,15.33,Restaurant,Online
TXN_005244,CUST_0017,2026-02-21 10:50:00,57.03,Restaurant,Mobile
TXN_005245,CUST_0210,2026-05-10 23:13:00,27.7,Utilities,Online
TXN_005246,CUST_0133,2026-06-04 13:44:00,39.71,Utilities,Online
TXN_005247,CUST_0295,2026-04-16 04:18:00,72.51,Entertainment,Online
TXN_005248,CUST_0118,2026-04-01 04:01:00,8.18,Grocery,Online
TXN_005249,CUST_0199,2026-02-23 08:31:00,5.31,Entertainment,Online
TXN_005250,CUST_0408,2026-03-16 22:50:00,16.53,Utilities,POS
TXN_005251,CUST_0445,2026-06-14 18:20:00,13.33,Electronics,Online
TXN_005252,CUST_0386,2026-06-08 11:54:00,133.09,Travel,Online
TXN_005253,CUST_0482,2026-05-08 00:42:00,24.99,Grocery,POS
TXN_005254,CUST_0087,2026-03-04 08:07:00,66.9,Restaurant,Online
TXN_005255,CUST_0119,2026-05-06 03:22:00,82.07,Grocery,Online
TXN_005256,CUST_0282,2026-05-27 20:05:00,14.52,Utilities,Online
TXN_005257,CUST_0058,2026-01-10 18:59:00,19.94,Restaurant,POS
TXN_005258,CUST_0454,2026-05-29 05:03:00,101.48,Shopping,Online
TXN_005259,CUST_0451,2026-03-18 00:38:00,25.34,Entertainment,Online
TXN_005260,CUST_0405,2026-04-25 01:10:00,14.02,Travel,Online
TXN_005261,CUST_0083,2026-03-28 04:48:00,15.73,Restaurant,Online
TXN_005262,CUST_0113,2026-05-08 09:48:00,50.06,Travel,POS
TXN_005263,CUST_0376,2026-01-29 09:56:00,19.71,Utilities,ATM
TXN_005264,CUST_0266,2026-03-07 02:46:00,629.4,Shopping,POS
TXN_005265,CUST_0037,2026-05-05 22:38:00,8.11,Shopping,POS
TXN_005266,CUST_0117,2026-01-26 02:11:00,12.16,Shopping,POS
TXN_005267,CUST_0464,2026-05-08 04:14:00,16.22,Grocery,POS
TXN_005268,CUST_0079,2026-02-12 22:52:00,20.53,Travel,Mobile
TXN_005269,CUST_0137,2026-05-18 21:07:00,5.2,Electronics,POS
TXN_005270,CUST_0273,2026-06-05 16:00:00,13.65,Shopping,Mobile
TXN_005271,CUST_0405,2026-02-23 05:09:00,33.79,Healthcare,Online
TXN_005272,CUST_0258,2026-05-29 20:06:00,49.96,Travel,Mobile
TXN_005273,CUST_0160,2026-04-02 04:26:00,34.37,Healthcare,ATM
TXN_005274,CUST_0179,2026-04-03 16:32:00,12.54,Electronics,Mobile
TXN_005275,CUST_0394,2026-01-18 08:55:00,11.24,Shopping,Online
TXN_005276,CUST_0063,2026-05-17 23:38:00,166.86,Grocery,Mobile
TXN_005277,CUST_0431,2026-06-03 19:45:00,37.98,Restaurant,Online
TXN_005278,CUST_0415,2026-04-10 12:05:00,46.24,Shopping,Online
TXN_005279,CUST_0348,2026-05-18 12:17:00,68.06,Utilities,Online
TXN_005280,CUST_0381,2026-04-06 00:08:00,155.85,Grocery,Online
TXN_005281,CUST_0386,2026-04-04 06:05:00,12.92,Electronics,Mobile
TXN_005282,CUST_0116,2026-04-06 12:05:00,66.94,Electronics,Online
TXN_005283,CUST_0194,2026-04-24 06:13:00,33.62,Healthcare,Mobile
TXN_005284,CUST_0296,2026-03-02 18:18:00,12.91,Healthcare,Mobile
TXN_005285,CUST_0068,2026-04-12 15:22:00,118.17,Travel,POS
TXN_005286,CUST_0209,2026-02-20 01:29:00,73.84,Travel,POS
TXN_005287,CUST_0031,2026-01-26 04:01:00,17.23,Electronics,POS
TXN_005288,CUST_0175,2026-06-06 11:57:00,59.86,Electronics,Online
TXN_005289,CUST_0440,2026-06-14 01:00:00,117.01,Entertainment,POS
TXN_005290,CUST_0267,2026-05-22 18:37:00,12.75,Utilities,POS
TXN_005291,CUST_0032,2026-02-16 21:42:00,27.37,Shopping,POS
TXN_005292,CUST_0094,2026-02-14 09:48:00,22.19,Electronics,Online
TXN_005293,CUST_0315,2026-01-24 15:50:00,68.78,Entertainment,Online
TXN_005294,CUST_0070,2026-06-03 03:13:00,6.88,Healthcare,POS
TXN_005295,CUST_0014,2026-01-25 17:07:00,88.42,Travel,Mobile
TXN_005296,CUST_0084,2026-06-14 21:33:00,4.51,Travel,POS
TXN_005297,CUST_0247,2026-03-09 13:32:00,14.43,Shopping,ATM
TXN_005298,CUST_0392,2026-04-09 00:22:00,45.69,Restaurant,Mobile
TXN_005299,CUST_0114,2026-03-11 18:37:00,408.84,Travel,Online
TXN_005300,CUST_0313,2026-04-02 13:49:00,29.57,Healthcare,POS
TXN_005301,CUST_0466,2026-06-03 22:52:00,46.98,Utilities,POS
TXN_005302,CUST_0500,2026-05-08 07:34:00,18.61,Healthcare,Online
TXN_005303,CUST_0024,2026-06-03 08:51:00,33.07,Grocery,ATM
TXN_005304,CUST_0472,2026-04-18 20:19:00,63.94,Utilities,Mobile
TXN_005305,CUST_0101,2026-03-26 15:55:00,112.69,Grocery,Online
TXN_005306,CUST_0441,2026-02-16 23:36:00,433.3,Entertainment,Mobile
TXN_005307,CUST_0394,2026-05-29 13:43:00,28.42,Grocery,Online
TXN_005308,CUST_0324,2026-02-07 05:26:00,4.1,Entertainment,ATM
TXN_005309,CUST_0183,2026-06-14 14:39:00,50.51,Shopping,POS
TXN_005310,CUST_0082,2026-04-17 19:53:00,84.84,Restaurant,Online
TXN_005311,CUST_0417,2026-03-19 07:16:00,44.06,Electronics,Online
TXN_005312,CUST_0211,2026-02-23 04:27:00,73.93,Utilities,Mobile
TXN_005313,CUST_0395,2026-04-06 10:49:00,31.9,Shopping,Online
TXN_005314,CUST_0176,2026-06-06 03:10:00,37.97,Electronics,Mobile
TXN_005315,CUST_0435,2026-05-12 13:21:00,9.9,Entertainment,Online
TXN_005316,CUST_0397,2026-03-29 07:40:00,169.14,Restaurant,POS
TXN_005317,CUST_0287,2026-06-09 18:53:00,134.87,Entertainment,Online
TXN_005318,CUST_0458,2026-05-11 03:58:00,59.37,Restaurant,POS
TXN_005319,CUST_0003,2026-05-09 02:14:00,36.54,Utilities,POS
TXN_005320,CUST_0020,2026-04-18 09:35:00,81.17,Travel,POS
TXN_005321,CUST_0090,2026-05-01 15:40:00,45.49,Entertainment,Mobile
TXN_005322,CUST_0357,2026-03-08 19:39:00,4.84,Healthcare,POS
TXN_005323,CUST_0384,2026-06-14 19:09:00,7.09,Healthcare,Mobile
TXN_005324,CUST_0248,2026-03-28 20:10:00,29.81,Restaurant,Online
TXN_005325,CUST_0027,2026-05-22 10:10:00,35.35,Shopping,POS
TXN_005326,CUST_0199,2026-01-09 23:52:00,83.09,Electronics,POS
TXN_005327,CUST_0369,2026-01-02 04:42:00,52.53,Shopping,Online
TXN_005328,CUST_0469,2026-04-26 00:18:00,23.98,Travel,Online
TXN_005329,CUST_0007,2026-05-30 16:54:00,134.88,Shopping,Mobile
TXN_005330,CUST_0358,2026-01-04 19:32:00,21.45,Restaurant,POS
TXN_005331,CUST_0444,2026-06-19 20:02:00,176.53,Grocery,Online
TXN_005332,CUST_0329,2026-05-29 06:12:00,11.0,Travel,POS
TXN_005333,CUST_0223,2026-03-17 08:25:00,39.72,Utilities,Online
TXN_005334,CUST_0384,2026-06-21 18:31:00,39.3,Shopping,Mobile
TXN_005335,CUST_0173,2026-06-12 03:33:00,27.57,Electronics,Mobile
TXN_005336,CUST_0327,2026-01-11 15:16:00,64.74,Electronics,POS
TXN_005337,CUST_0445,2026-06-26 15:03:00,43.44,Healthcare,Mobile
TXN_005338,CUST_0377,2026-01-05 15:49:00,5.24,Grocery,Online
TXN_005339,CUST_0159,2026-04-18 19:40:00,73.62,Electronics,POS
TXN_005340,CUST_0422,2026-03-20 07:00:00,51.87,Shopping,POS
TXN_005341,CUST_0031,2026-02-18 10:06:00,160.54,Utilities,POS
TXN_005342,CUST_0119,2026-05-13 08:26:00,75.49,Utilities,Mobile
TXN_005343,CUST_0285,2026-01-04 12:51:00,48.59,Entertainment,Online
TXN_005344,CUST_0007,2026-02-14 03:24:00,4.38,Electronics,POS
TXN_005345,CUST_0234,2026-03-07 00:50:00,10.87,Healthcare,Online
TXN_005346,CUST_0469,2026-06-27 01:19:00,27.31,Electronics,POS
TXN_005347,CUST_0270,2026-03-27 18:36:00,16.82,Restaurant,Online
TXN_005348,CUST_0027,2026-03-21 02:00:00,6.92,Electronics,Mobile
TXN_005349,CUST_0169,2026-05-30 05:07:00,54.03,Shopping,POS
TXN_005350,CUST_0024,2026-01-30 00:53:00,82.28,Healthcare,POS
TXN_005351,CUST_0383,2026-01-11 06:23:00,5.53,Utilities,Online
TXN_005352,CUST_0031,2026-06-05 14:43:00,18.67,Entertainment,ATM
TXN_005353,CUST_0328,2026-02-22 14:49:00,42.56,Healthcare,POS
TXN_005354,CUST_0348,2026-01-12 21:39:00,75.41,Healthcare,ATM
TXN_005355,CUST_0498,2026-03-13 13:06:00,34.39,Travel,ATM
TXN_005356,CUST_0015,2026-02-03 07:44:00,4.13,Electronics,Mobile
TXN_005357,CUST_0095,2026-05-21 09:23:00,14.45,Utilities,POS
TXN_005358,CUST_0464,2026-03-21 17:15:00,8.2,Utilities,POS
TXN_005359,CUST_0019,2026-03-29 06:37:00,36.3,Travel,Mobile
TXN_005360,CUST_0049,2026-02-19 02:34:00,8.32,Entertainment,POS
TXN_005361,CUST_0183,2026-04-17 11:44:00,78.7,Electronics,Mobile
TXN_005362,CUST_0213,2026-05-25 04:59:00,110.71,Entertainment,Mobile
TXN_005363,CUST_0391,2026-06-10 16:37:00,8.27,Electronics,Online
TXN_005364,CUST_0105,2026-05-09 20:14:00,44.7,Healthcare,Mobile
TXN_005365,CUST_0471,2026-01-20 19:30:00,9.92,Utilities,ATM
TXN_005366,CUST_0382,2026-03-07 11:00:00,47.92,Restaurant,Mobile
TXN_005367,CUST_0262,2026-06-10 05:56:00,8.12,Utilities,Mobile
TXN_005368,CUST_0439,2026-02-01 01:41:00,55.86,Shopping,POS
TXN_005369,CUST_0365,2026-01-24 07:06:00,26.83,Entertainment,Online
TXN_005370,CUST_0404,2026-01-05 15:53:00,8.56,Travel,Mobile
TXN_005371,CUST_0206,2026-06-22 06:29:00,13.25,Utilities,POS
TXN_005372,CUST_0131,2026-05-30 11:05:00,9.72,Grocery,Online
TXN_005373,CUST_0117,2026-04-12 17:07:00,18.51,Entertainment,POS
TXN_005374,CUST_0326,2026-01-16 00:37:00,4.46,Grocery,POS
TXN_005375,CUST_0162,2026-02-07 12:40:00,28.5,Electronics,POS
TXN_005376,CUST_0074,2026-03-08 22:35:00,53.51,Healthcare,ATM
TXN_005377,CUST_0139,2026-02-21 20:15:00,64.66,Utilities,Mobile
TXN_005378,CUST_0064,2026-05-16 12:03:00,21.74,Healthcare,POS
TXN_005379,CUST_0019,2026-01-02 03:26:00,135.13,Restaurant,Online
TXN_005380,CUST_0328,2026-02-06 06:33:00,68.79,Electronics,POS
TXN_005381,CUST_0212,2026-05-28 20:06:00,38.25,Electronics,POS
TXN_005382,CUST_0470,2026-04-17 10:20:00,72.95,Grocery,Mobile
TXN_005383,CUST_0484,2026-04-28 17:11:00,351.18,Shopping,Online
TXN_005384,CUST_0062,2026-03-15 09:56:00,33.97,Utilities,Mobile
TXN_005385,CUST_0018,2026-05-24 11:23:00,117.6,Entertainment,Online
TXN_005386,CUST_0104,2026-05-18 12:02:00,337.65,Shopping,POS
TXN_005387,CUST_0033,2026-04-17 23:27:00,14.42,Utilities,POS
TXN_005388,CUST_0468,2026-04-14 22:36:00,2.93,Restaurant,POS
TXN_005389,CUST_0322,2026-03-11 23:11:00,37.08,Shopping,Online
TXN_005390,CUST_0058,2026-05-09 06:47:00,364.11,Shopping,Mobile
TXN_005391,CUST_0129,2026-03-04 01:19:00,13.87,Travel,POS
TXN_005392,CUST_0017,2026-05-23 00:34:00,14.96,Electronics,Mobile
TXN_005393,CUST_0463,2026-03-18 10:00:00,44.15,Grocery,POS
TXN_005394,CUST_0179,2026-02-14 23:05:00,27.96,Travel,Online
TXN_005395,CUST_0112,2026-04-12 12:04:00,9.11,Restaurant,POS
TXN_005396,CUST_0245,2026-02-05 13:14:00,89.25,Travel,POS
TXN_005397,CUST_0357,2026-02-12 10:08:00,36.8,Entertainment,Online
TXN_005398,CUST_0150,2026-03-05 21:11:00,20.81,Utilities,ATM
TXN_005399,CUST_0260,2026-03-22 15:34:00,126.82,Electronics,Mobile
TXN_005400,CUST_0394,2026-03-23 07:00:00,25.27,Shopping,Online
TXN_005401,CUST_0151,2026-06-21 17:15:00,115.84,Travel,Online
TXN_005402,CUST_0316,2026-04-01 17:24:00,467.55,Utilities,Mobile
TXN_005403,CUST_0368,2026-01-12 05:58:00,38.55,Shopping,Mobile
TXN_005404,CUST_0221,2026-06-05 09:12:00,16.68,Travel,Online
TXN_005405,CUST_0326,2026-02-26 11:13:00,19.12,Travel,Online
TXN_005406,CUST_0339,2026-03-01 05:03:00,5.91,Grocery,POS
TXN_005407,CUST_0178,2026-01-17 08:29:00,11.05,Utilities,Online
TXN_005408,CUST_0037,2026-05-16 10:55:00,55.03,Grocery,POS
TXN_005409,CUST_0316,2026-01-15 04:46:00,103.82,Electronics,Mobile
TXN_005410,CUST_0316,2026-02-02 22:02:00,168.88,Electronics,ATM
TXN_005411,CUST_0403,2026-04-06 21:58:00,87.65,Healthcare,POS
TXN_005412,CUST_0463,2026-06-13 12:39:00,15.55,Utilities,Online
TXN_005413,CUST_0055,2026-06-14 15:31:00,6.39,Entertainment,POS
TXN_005414,CUST_0254,2026-02-01 03:17:00,32.28,Travel,POS
TXN_005415,CUST_0075,2026-06-18 13:24:00,26.89,Restaurant,Mobile
TXN_005416,CUST_0459,2026-02-17 08:53:00,290.55,Electronics,Online
TXN_005417,CUST_0001,2026-01-05 11:38:00,35.27,Restaurant,Mobile
TXN_005418,CUST_0307,2026-06-16 01:11:00,23.72,Electronics,ATM
TXN_005419,CUST_0094,2026-06-29 03:29:00,14.83,Restaurant,ATM
TXN_005420,CUST_0349,2026-02-11 13:46:00,519.69,Entertainment,Mobile
TXN_005421,CUST_0012,2026-01-19 17:50:00,17.18,Grocery,Mobile
TXN_005422,CUST_0314,2026-03-08 20:25:00,44.8,Healthcare,POS
TXN_005423,CUST_0403,2026-06-01 15:24:00,120.43,Shopping,Online
TXN_005424,CUST_0443,2026-02-05 02:08:00,221.8,Electronics,Online
TXN_005425,CUST_0112,2026-02-13 17:37:00,61.31,Healthcare,Online
TXN_005426,CUST_0278,2026-01-26 16:19:00,37.86,Utilities,POS
TXN_005427,CUST_0120,2026-01-24 04:37:00,19.67,Restaurant,POS
TXN_005428,CUST_0352,2026-06-08 22:33:00,61.16,Shopping,Mobile
TXN_005429,CUST_0025,2026-05-19 21:26:00,88.39,Entertainment,Mobile
TXN_005430,CUST_0418,2026-04-27 06:01:00,23.52,Shopping,POS
TXN_005431,CUST_0345,2026-04-23 05:33:00,28.83,Utilities,Online
TXN_005432,CUST_0376,2026-04-27 09:51:00,2.54,Grocery,Online
TXN_005433,CUST_0474,2026-05-21 21:08:00,13.49,Shopping,Online
TXN_005434,CUST_0179,2026-01-15 06:37:00,162.12,Utilities,Mobile
TXN_005435,CUST_0229,2026-01-15 06:55:00,33.49,Restaurant,Mobile
TXN_005436,CUST_0145,2026-05-17 02:20:00,3.38,Travel,Online
TXN_005437,CUST_0484,2026-04-03 04:43:00,31.53,Healthcare,Mobile
TXN_005438,CUST_0059,2026-02-07 05:23:00,48.19,Restaurant,POS
TXN_005439,CUST_0346,2026-02-27 12:50:00,23.24,Electronics,POS
TXN_005440,CUST_0459,2026-06-18 05:00:00,30.47,Travel,ATM
TXN_005441,CUST_0421,2026-01-19 18:20:00,79.43,Shopping,Mobile
TXN_005442,CUST_0441,2026-01-08 15:05:00,52.92,Travel,ATM
TXN_005443,CUST_0092,2026-01-12 10:31:00,9.96,Entertainment,Online
TXN_005444,CUST_0106,2026-05-22 16:28:00,8.7,Shopping,Mobile
TXN_005445,CUST_0039,2026-05-20 04:40:00,83.44,Utilities,Mobile
TXN_005446,CUST_0052,2026-03-06 16:05:00,148.81,Restaurant,Mobile
TXN_005447,CUST_0037,2026-01-26 13:42:00,31.77,Grocery,Mobile
TXN_005448,CUST_0121,2026-06-28 12:09:00,10.62,Grocery,POS
TXN_005449,CUST_0422,2026-05-19 17:51:00,301.34,Travel,Online
TXN_005450,CUST_0123,2026-04-15 01:45:00,16.23,Utilities,POS
TXN_005451,CUST_0203,2026-02-04 03:38:00,27.91,Restaurant,Online
TXN_005452,CUST_0042,2026-03-23 19:04:00,39.28,Entertainment,Online
TXN_005453,CUST_0072,2026-04-11 03:48:00,19.25,Restaurant,ATM
TXN_005454,CUST_0364,2026-02-17 13:00:00,2.81,Shopping,POS
TXN_005455,CUST_0278,2026-04-30 14:11:00,39.42,Electronics,Mobile
TXN_005456,CUST_0358,2026-04-12 21:30:00,116.92,Travel,ATM
TXN_005457,CUST_0361,2026-01-19 04:18:00,36.42,Utilities,ATM
TXN_005458,CUST_0055,2026-04-07 14:57:00,17.46,Electronics,POS
TXN_005459,CUST_0453,2026-04-14 06:14:00,40.95,Entertainment,POS
TXN_005460,CUST_0239,2026-01-09 08:08:00,46.33,Healthcare,POS
TXN_005461,CUST_0163,2026-04-08 20:41:00,6.49,Utilities,POS
TXN_005462,CUST_0413,2026-04-30 04:54:00,46.71,Electronics,Mobile
TXN_005463,CUST_0339,2026-05-08 22:36:00,119.03,Restaurant,POS
TXN_005464,CUST_0196,2026-06-19 10:46:00,22.21,Utilities,ATM
TXN_005465,CUST_0133,2026-01-29 16:54:00,14.79,Shopping,Online
TXN_005466,CUST_0077,2026-02-05 03:47:00,70.72,Healthcare,POS
TXN_005467,CUST_0187,2026-03-10 04:43:00,4.62,Travel,POS
TXN_005468,CUST_0077,2026-05-27 08:45:00,18.05,Healthcare,Online
TXN_005469,CUST_0214,2026-03-04 14:42:00,43.45,Electronics,POS
TXN_005470,CUST_0489,2026-06-21 12:46:00,90.86,Utilities,ATM
TXN_005471,CUST_0430,2026-05-18 03:28:00,22.6,Grocery,Mobile
TXN_005472,CUST_0435,2026-02-28 06:24:00,9.59,Entertainment,Online
TXN_005473,CUST_0357,2026-02-17 10:54:00,9.47,Utilities,POS
TXN_005474,CUST_0436,2026-01-24 19:01:00,33.84,Travel,POS
TXN_005475,CUST_0120,2026-01-21 17:05:00,31.07,Electronics,POS
TXN_005476,CUST_0054,2026-03-09 02:08:00,13.93,Entertainment,ATM
TXN_005477,CUST_0224,2026-06-01 22:17:00,12.96,Healthcare,Online
TXN_005478,CUST_0078,2026-04-20 23:11:00,47.33,Travel,Online
TXN_005479,CUST_0437,2026-05-14 17:45:00,197.67,Grocery,Online
TXN_005480,CUST_0143,2026-02-28 08:13:00,22.4,Healthcare,Online
TXN_005481,CUST_0229,2026-05-30 09:38:00,15.19,Shopping,POS
TXN_005482,CUST_0194,2026-06-11 22:28:00,49.47,Healthcare,Mobile
TXN_005483,CUST_0423,2026-02-11 19:36:00,56.48,Healthcare,Online
TXN_005484,CUST_0484,2026-04-23 21:44:00,121.59,Utilities,ATM
TXN_005485,CUST_0022,2026-04-10 03:49:00,80.94,Restaurant,POS
TXN_005486,CUST_0187,2026-01-25 10:52:00,167.36,Healthcare,Online
TXN_005487,CUST_0024,2026-01-07 08:48:00,23.91,Utilities,Online
TXN_005488,CUST_0068,2026-04-27 01:23:00,291.44,Utilities,Online
TXN_005489,CUST_0264,2026-05-30 14:15:00,50.37,Restaurant,Online
TXN_005490,CUST_0053,2026-04-23 18:17:00,14.9,Shopping,Online
TXN_005491,CUST_0220,2026-03-16 08:15:00,358.52,Travel,ATM
TXN_005492,CUST_0117,2026-01-26 08:50:00,41.57,Shopping,POS
TXN_005493,CUST_0480,2026-02-26 12:17:00,36.53,Shopping,Online
TXN_005494,CUST_0495,2026-03-03 16:30:00,92.65,Grocery,POS
TXN_005495,CUST_0030,2026-03-16 08:43:00,111.27,Grocery,POS
TXN_005496,CUST_0175,2026-01-14 14:29:00,16.03,Entertainment,Online
TXN_005497,CUST_0178,2026-04-05 20:19:00,18.82,Electronics,Mobile
TXN_005498,CUST_0303,2026-01-04 01:18:00,62.12,Travel,POS
TXN_005499,CUST_0099,2026-04-27 21:47:00,44.98,Grocery,POS
TXN_005500,CUST_0114,2026-01-09 13:43:00,3.1,Travel,Online
TXN_005501,CUST_0044,2026-04-23 19:08:00,56.49,Utilities,Online
TXN_005502,CUST_0079,2026-04-15 08:05:00,30.49,Healthcare,Mobile
TXN_005503,CUST_0137,2026-01-29 17:07:00,278.43,Travel,Online
TXN_005504,CUST_0213,2026-04-19 02:02:00,38.33,Electronics,Online
TXN_005505,CUST_0037,2026-03-21 07:07:00,27.43,Electronics,POS
TXN_005506,CUST_0169,2026-04-01 08:21:00,50.18,Electronics,POS
TXN_005507,CUST_0447,2026-01-01 21:23:00,93.42,Restaurant,ATM
TXN_005508,CUST_0073,2026-05-16 03:25:00,33.24,Electronics,Mobile
TXN_005509,CUST_0470,2026-02-25 12:22:00,54.22,Electronics,Online
TXN_005510,CUST_0081,2026-04-03 07:07:00,86.13,Grocery,Online
TXN_005511,CUST_0108,2026-04-22 11:18:00,26.6,Entertainment,POS
TXN_005512,CUST_0160,2026-06-25 19:59:00,24.28,Entertainment,POS
TXN_005513,CUST_0247,2026-06-05 16:58:00,61.88,Healthcare,POS
TXN_005514,CUST_0046,2026-01-16 14:14:00,106.11,Shopping,ATM
TXN_005515,CUST_0301,2026-03-14 14:40:00,33.02,Electronics,POS
TXN_005516,CUST_0461,2026-04-08 12:33:00,22.91,Utilities,POS
TXN_005517,CUST_0357,2026-03-25 23:02:00,38.35,Travel,POS
TXN_005518,CUST_0427,2026-06-17 08:06:00,46.06,Travel,Mobile
TXN_005519,CUST_0033,2026-05-24 12:50:00,77.47,Entertainment,POS
TXN_005520,CUST_0322,2026-05-12 11:57:00,7.99,Grocery,Online
TXN_005521,CUST_0080,2026-06-27 09:03:00,12.13,Healthcare,ATM
TXN_005522,CUST_0035,2026-03-11 02:44:00,22.0,Entertainment,Mobile
TXN_005523,CUST_0054,2026-06-14 03:41:00,111.56,Electronics,POS
TXN_005524,CUST_0422,2026-05-07 13:36:00,77.94,Electronics,Online
TXN_005525,CUST_0139,2026-06-18 00:01:00,56.38,Electronics,Online
TXN_005526,CUST_0001,2026-03-09 01:04:00,111.71,Grocery,ATM
TXN_005527,CUST_0470,2026-04-27 00:46:00,81.01,Travel,ATM
TXN_005528,CUST_0223,2026-01-03 08:57:00,21.78,Grocery,ATM
TXN_005529,CUST_0302,2026-05-15 06:22:00,28.66,Healthcare,Online
TXN_005530,CUST_0408,2026-04-22 00:35:00,205.07,Shopping,POS
TXN_005531,CUST_0493,2026-03-18 07:03:00,25.42,Travel,Online
TXN_005532,CUST_0179,2026-01-20 08:04:00,56.02,Entertainment,Online
TXN_005533,CUST_0261,2026-01-27 04:13:00,49.15,Entertainment,Online
TXN_005534,CUST_0054,2026-01-24 20:17:00,19.57,Travel,POS
TXN_005535,CUST_0165,2026-06-07 05:15:00,226.79,Grocery,POS
TXN_005536,CUST_0100,2026-03-16 17:26:00,30.89,Entertainment,POS
TXN_005537,CUST_0234,2026-01-27 16:38:00,19.31,Entertainment,Mobile
TXN_005538,CUST_0094,2026-02-23 09:39:00,84.48,Restaurant,POS
TXN_005539,CUST_0244,2026-02-01 15:40:00,63.09,Electronics,Online
TXN_005540,CUST_0101,2026-01-19 04:39:00,35.67,Travel,POS
TXN_005541,CUST_0105,2026-02-12 00:59:00,17.79,Grocery,Online
TXN_005542,CUST_0360,2026-05-02 10:13:00,12.9,Electronics,ATM
TXN_005543,CUST_0444,2026-04-13 04:08:00,40.76,Shopping,Mobile
TXN_005544,CUST_0064,2026-05-16 22:12:00,206.01,Entertainment,POS
TXN_005545,CUST_0327,2026-03-21 00:35:00,78.23,Healthcare,POS
TXN_005546,CUST_0197,2026-02-12 22:16:00,11.06,Healthcare,Online
TXN_005547,CUST_0399,2026-06-12 15:44:00,34.37,Entertainment,ATM
TXN_005548,CUST_0351,2026-05-02 12:57:00,8.28,Electronics,Mobile
TXN_005549,CUST_0331,2026-06-01 23:34:00,47.77,Entertainment,Mobile
TXN_005550,CUST_0055,2026-02-05 09:30:00,55.74,Grocery,Online
TXN_005551,CUST_0105,2026-05-01 11:40:00,44.65,Healthcare,POS
TXN_005552,CUST_0060,2026-01-04 02:45:00,7.72,Electronics,ATM
TXN_005553,CUST_0212,2026-04-18 13:16:00,20.92,Electronics,Online
TXN_005554,CUST_0141,2026-01-07 23:27:00,80.07,Travel,POS
TXN_005555,CUST_0153,2026-03-02 07:38:00,210.48,Entertainment,Online
TXN_005556,CUST_0345,2026-05-02 17:51:00,98.19,Entertainment,Online
TXN_005557,CUST_0440,2026-06-20 10:45:00,69.97,Grocery,Online
TXN_005558,CUST_0347,2026-02-22 10:18:00,9.69,Restaurant,Mobile
TXN_005559,CUST_0280,2026-01-14 16:48:00,26.54,Shopping,Online
TXN_005560,CUST_0455,2026-06-16 05:08:00,57.51,Travel,POS
TXN_005561,CUST_0093,2026-01-24 15:38:00,11.69,Entertainment,Online
TXN_005562,CUST_0355,2026-04-15 04:42:00,59.35,Grocery,Online
TXN_005563,CUST_0492,2026-02-04 02:28:00,32.0,Travel,POS
TXN_005564,CUST_0319,2026-04-18 08:25:00,16.53,Utilities,POS
TXN_005565,CUST_0083,2026-05-14 01:40:00,43.64,Electronics,Online
TXN_005566,CUST_0271,2026-06-15 23:47:00,267.01,Utilities,Online
TXN_005567,CUST_0346,2026-05-07 06:45:00,25.81,Shopping,POS
TXN_005568,CUST_0192,2026-02-23 04:14:00,10.7,Healthcare,POS
TXN_005569,CUST_0273,2026-01-07 14:18:00,139.49,Shopping,POS
TXN_005570,CUST_0397,2026-03-02 09:55:00,35.48,Restaurant,Mobile
TXN_005571,CUST_0188,2026-01-10 11:18:00,31.98,Shopping,Online
TXN_005572,CUST_0093,2026-04-03 10:19:00,24.94,Healthcare,ATM
TXN_005573,CUST_0132,2026-05-24 15:24:00,41.57,Restaurant,POS
TXN_005574,CUST_0393,2026-06-12 06:18:00,11.13,Electronics,Mobile
TXN_005575,CUST_0347,2026-03-09 16:51:00,83.93,Entertainment,Online
TXN_005576,CUST_0309,2026-04-15 08:03:00,11.6,Travel,Online
TXN_005577,CUST_0019,2026-03-14 08:32:00,196.3,Electronics,Online
TXN_005578,CUST_0106,2026-06-26 14:54:00,57.74,Travel,Online
TXN_005579,CUST_0469,2026-03-10 10:11:00,45.99,Entertainment,Online
TXN_005580,CUST_0370,2026-03-30 15:13:00,12.49,Grocery,Mobile
TXN_005581,CUST_0145,2026-01-13 04:44:00,36.84,Entertainment,Online
TXN_005582,CUST_0446,2026-03-11 17:23:00,62.49,Travel,Mobile
TXN_005583,CUST_0002,2026-02-14 13:39:00,16.22,Utilities,Mobile
TXN_005584,CUST_0031,2026-05-01 22:10:00,173.37,Restaurant,Online
TXN_005585,CUST_0482,2026-02-03 06:25:00,42.43,Travel,Online
TXN_005586,CUST_0205,2026-04-23 12:47:00,69.27,Shopping,Mobile
TXN_005587,CUST_0248,2026-05-06 08:51:00,68.43,Utilities,Mobile
TXN_005588,CUST_0427,2026-05-19 12:10:00,39.69,Healthcare,Online
TXN_005589,CUST_0146,2026-04-27 12:28:00,20.65,Entertainment,POS
TXN_005590,CUST_0371,2026-06-11 10:08:00,24.01,Grocery,Online
TXN_005591,CUST_0471,2026-02-17 22:05:00,54.73,Electronics,POS
TXN_005592,CUST_0216,2026-04-04 00:30:00,46.92,Electronics,POS
TXN_005593,CUST_0082,2026-01-18 19:38:00,9.13,Healthcare,ATM
TXN_005594,CUST_0228,2026-05-09 12:30:00,8.04,Healthcare,POS
TXN_005595,CUST_0360,2026-04-23 02:39:00,70.29,Entertainment,Online
TXN_005596,CUST_0337,2026-02-04 06:37:00,18.19,Grocery,Online
TXN_005597,CUST_0357,2026-01-25 05:42:00,9.17,Electronics,Online
TXN_005598,CUST_0095,2026-03-02 01:05:00,98.32,Healthcare,Mobile
TXN_005599,CUST_0114,2026-02-23 03:18:00,288.39,Restaurant,Online
TXN_005600,CUST_0098,2026-02-17 23:04:00,3.8,Entertainment,Mobile
TXN_005601,CUST_0488,2026-06-14 22:34:00,100.47,Restaurant,ATM
TXN_005602,CUST_0022,2026-01-16 02:55:00,29.62,Restaurant,POS
TXN_005603,CUST_0490,2026-06-19 09:43:00,356.55,Shopping,Online
TXN_005604,CUST_0233,2026-04-11 22:32:00,72.69,Electronics,Online
TXN_005605,CUST_0291,2026-04-21 12:29:00,56.44,Utilities,ATM
TXN_005606,CUST_0476,2026-04-23 13:48:00,16.54,Entertainment,POS
TXN_005607,CUST_0122,2026-02-19 15:06:00,35.81,Shopping,Online
TXN_005608,CUST_0147,2026-01-14 16:11:00,311.33,Entertainment,Online
TXN_005609,CUST_0059,2026-02-19 09:24:00,51.16,Shopping,POS
TXN_005610,CUST_0220,2026-02-11 20:05:00,204.24,Grocery,POS
TXN_005611,CUST_0122,2026-06-08 14:03:00,63.59,Restaurant,Mobile
TXN_005612,CUST_0432,2026-06-13 21:17:00,65.52,Shopping,Online
TXN_005613,CUST_0271,2026-03-22 03:27:00,12.45,Grocery,Online
TXN_005614,CUST_0115,2026-06-28 18:26:00,20.57,Utilities,Online
TXN_005615,CUST_0441,2026-06-28 05:33:00,12.21,Entertainment,POS
TXN_005616,CUST_0464,2026-02-05 09:35:00,88.01,Electronics,Mobile
TXN_005617,CUST_0331,2026-05-17 14:01:00,23.68,Utilities,Mobile
TXN_005618,CUST_0251,2026-06-01 03:00:00,37.38,Restaurant,Mobile
TXN_005619,CUST_0296,2026-06-17 11:52:00,62.76,Restaurant,Mobile
TXN_005620,CUST_0094,2026-03-25 19:57:00,67.25,Travel,Online
TXN_005621,CUST_0053,2026-01-04 04:30:00,11.11,Entertainment,POS
TXN_005622,CUST_0341,2026-01-15 23:34:00,352.72,Healthcare,Online
TXN_005623,CUST_0205,2026-03-10 17:32:00,37.51,Travel,Online
TXN_005624,CUST_0093,2026-05-02 03:10:00,52.18,Utilities,Online
TXN_005625,CUST_0174,2026-06-18 10:15:00,20.2,Healthcare,POS
TXN_005626,CUST_0435,2026-03-19 13:23:00,15.24,Entertainment,Online
TXN_005627,CUST_0030,2026-03-14 17:26:00,82.41,Utilities,Mobile
TXN_005628,CUST_0432,2026-04-20 06:33:00,29.77,Travel,POS
TXN_005629,CUST_0010,2026-02-12 06:51:00,10.59,Entertainment,Online
TXN_005630,CUST_0471,2026-06-22 23:32:00,14.9,Electronics,Online
TXN_005631,CUST_0061,2026-04-29 03:00:00,13.49,Restaurant,POS
TXN_005632,CUST_0098,2026-01-27 23:57:00,16.97,Restaurant,POS
TXN_005633,CUST_0298,2026-03-10 00:56:00,45.97,Travel,Mobile
TXN_005634,CUST_0426,2026-01-12 11:52:00,69.92,Travel,Online
TXN_005635,CUST_0003,2026-02-17 17:40:00,95.57,Shopping,POS
TXN_005636,CUST_0086,2026-01-11 04:39:00,25.97,Grocery,POS
TXN_005637,CUST_0094,2026-02-15 12:04:00,42.48,Travel,POS
TXN_005638,CUST_0157,2026-03-18 18:52:00,23.22,Entertainment,Online
TXN_005639,CUST_0322,2026-04-23 06:33:00,32.59,Shopping,Mobile
TXN_005640,CUST_0238,2026-06-22 02:14:00,24.12,Entertainment,ATM
TXN_005641,CUST_0233,2026-03-18 22:53:00,8.11,Healthcare,Mobile
TXN_005642,CUST_0413,2026-02-03 02:34:00,90.29,Electronics,Online
TXN_005643,CUST_0276,2026-04-05 21:51:00,43.45,Grocery,Mobile
TXN_005644,CUST_0365,2026-03-05 05:46:00,556.5,Utilities,Online
TXN_005645,CUST_0024,2026-04-20 14:24:00,126.4,Grocery,Online
TXN_005646,CUST_0041,2026-01-14 01:12:00,45.56,Healthcare,ATM
TXN_005647,CUST_0253,2026-03-31 05:08:00,140.23,Electronics,POS
TXN_005648,CUST_0387,2026-06-05 04:53:00,40.96,Restaurant,Online
TXN_005649,CUST_0276,2026-05-12 21:33:00,12.5,Grocery,Online
TXN_005650,CUST_0031,2026-02-09 13:09:00,16.84,Travel,Mobile
TXN_005651,CUST_0066,2026-05-02 06:34:00,8.21,Electronics,POS
TXN_005652,CUST_0492,2026-04-02 07:23:00,10.75,Travel,Online
TXN_005653,CUST_0250,2026-04-14 12:16:00,15.4,Entertainment,Mobile
TXN_005654,CUST_0325,2026-01-31 20:49:00,31.7,Utilities,Online
TXN_005655,CUST_0440,2026-04-15 08:21:00,81.31,Shopping,Online
TXN_005656,CUST_0497,2026-02-12 16:52:00,24.75,Healthcare,POS
TXN_005657,CUST_0206,2026-01-18 01:36:00,46.76,Entertainment,Online
TXN_005658,CUST_0167,2026-01-11 13:53:00,13.04,Entertainment,POS
TXN_005659,CUST_0350,2026-05-19 21:40:00,6.78,Travel,Online
TXN_005660,CUST_0299,2026-04-06 12:01:00,54.47,Restaurant,Mobile
TXN_005661,CUST_0196,2026-01-11 07:32:00,44.54,Restaurant,POS
TXN_005662,CUST_0219,2026-05-29 21:29:00,36.41,Travel,Online
TXN_005663,CUST_0088,2026-03-05 22:45:00,22.59,Grocery,Online
TXN_005664,CUST_0367,2026-01-14 09:08:00,6.01,Grocery,Mobile
TXN_005665,CUST_0448,2026-06-29 06:53:00,19.3,Grocery,ATM
TXN_005666,CUST_0204,2026-04-14 07:10:00,38.18,Restaurant,Mobile
TXN_005667,CUST_0498,2026-02-05 19:16:00,11.18,Utilities,Online
TXN_005668,CUST_0491,2026-04-20 06:47:00,79.88,Grocery,Online
TXN_005669,CUST_0253,2026-02-26 19:13:00,19.62,Healthcare,Online
TXN_005670,CUST_0419,2026-02-17 00:46:00,68.83,Shopping,POS
TXN_005671,CUST_0491,2026-01-15 06:01:00,22.78,Travel,Online
TXN_005672,CUST_0309,2026-06-06 06:18:00,48.19,Healthcare,Online
TXN_005673,CUST_0343,2026-02-05 17:30:00,409.95,Shopping,POS
TXN_005674,CUST_0138,2026-05-19 13:38:00,28.54,Restaurant,Mobile
TXN_005675,CUST_0337,2026-01-07 23:22:00,21.18,Electronics,POS
TXN_005676,CUST_0152,2026-04-03 13:20:00,117.88,Travel,Mobile
TXN_005677,CUST_0386,2026-01-20 09:31:00,471.69,Healthcare,Mobile
TXN_005678,CUST_0050,2026-05-05 00:08:00,38.28,Shopping,POS
TXN_005679,CUST_0408,2026-02-19 15:49:00,46.4,Grocery,Mobile
TXN_005680,CUST_0488,2026-05-17 04:06:00,49.48,Restaurant,Mobile
TXN_005681,CUST_0241,2026-04-08 04:30:00,98.54,Utilities,Online
TXN_005682,CUST_0482,2026-06-27 01:08:00,21.7,Entertainment,Online
TXN_005683,CUST_0487,2026-03-22 09:23:00,43.69,Grocery,Mobile
TXN_005684,CUST_0221,2026-03-05 00:55:00,19.38,Grocery,Online
TXN_005685,CUST_0387,2026-01-22 09:16:00,105.74,Entertainment,Mobile
TXN_005686,CUST_0338,2026-01-17 22:41:00,7.37,Healthcare,Online
TXN_005687,CUST_0227,2026-03-01 03:08:00,28.74,Entertainment,POS
TXN_005688,CUST_0060,2026-03-20 16:32:00,60.82,Electronics,Online
TXN_005689,CUST_0089,2026-03-13 15:06:00,10.45,Restaurant,Mobile
TXN_005690,CUST_0422,2026-05-17 17:08:00,785.85,Shopping,POS
TXN_005691,CUST_0239,2026-01-27 07:19:00,9.41,Travel,POS
TXN_005692,CUST_0362,2026-05-07 13:03:00,46.19,Utilities,POS
TXN_005693,CUST_0260,2026-05-10 08:03:00,49.53,Grocery,POS
TXN_005694,CUST_0218,2026-04-04 21:53:00,63.41,Utilities,POS
TXN_005695,CUST_0144,2026-02-06 13:12:00,13.65,Entertainment,Mobile
TXN_005696,CUST_0314,2026-05-12 03:56:00,6.56,Entertainment,Mobile
TXN_005697,CUST_0399,2026-02-17 22:53:00,11.31,Healthcare,ATM
TXN_005698,CUST_0195,2026-04-06 16:56:00,8.42,Healthcare,Online
TXN_005699,CUST_0246,2026-05-11 22:48:00,41.92,Entertainment,Online
TXN_005700,CUST_0025,2026-02-06 06:38:00,104.74,Grocery,Mobile
TXN_005701,CUST_0106,2026-03-01 14:08:00,83.1,Electronics,POS
TXN_005702,CUST_0044,2026-05-16 07:30:00,82.2,Grocery,Online
TXN_005703,CUST_0498,2026-02-14 06:22:00,24.0,Utilities,POS
TXN_005704,CUST_0433,2026-04-19 12:44:00,53.04,Healthcare,ATM
TXN_005705,CUST_0230,2026-06-19 10:18:00,11.25,Utilities,ATM
TXN_005706,CUST_0283,2026-06-02 07:47:00,23.6,Restaurant,POS
TXN_005707,CUST_0236,2026-01-13 17:19:00,5.35,Healthcare,Online
TXN_005708,CUST_0104,2026-04-19 06:54:00,111.15,Restaurant,Online
TXN_005709,CUST_0384,2026-02-17 10:29:00,43.6,Electronics,Online
TXN_005710,CUST_0043,2026-02-22 07:12:00,21.44,Restaurant,ATM
TXN_005711,CUST_0368,2026-03-10 10:54:00,37.57,Travel,POS
TXN_005712,CUST_0063,2026-03-17 12:48:00,112.04,Electronics,ATM
TXN_005713,CUST_0447,2026-03-03 11:19:00,23.12,Utilities,Mobile
TXN_005714,CUST_0269,2026-06-01 01:01:00,25.99,Electronics,Online
TXN_005715,CUST_0380,2026-05-22 12:54:00,5.25,Restaurant,Online
TXN_005716,CUST_0217,2026-03-12 02:04:00,27.72,Travel,Online
TXN_005717,CUST_0489,2026-01-14 21:29:00,20.1,Entertainment,Online
TXN_005718,CUST_0189,2026-06-24 15:45:00,93.24,Travel,POS
TXN_005719,CUST_0385,2026-01-09 17:28:00,14.55,Restaurant,POS
TXN_005720,CUST_0356,2026-01-27 14:35:00,24.93,Travel,Mobile
TXN_005721,CUST_0296,2026-04-12 17:18:00,1.89,Shopping,Mobile
TXN_005722,CUST_0153,2026-01-28 16:31:00,12.63,Utilities,Online
TXN_005723,CUST_0446,2026-04-20 19:46:00,58.85,Entertainment,POS
TXN_005724,CUST_0343,2026-05-25 23:32:00,14.58,Electronics,POS
TXN_005725,CUST_0025,2026-03-03 20:51:00,38.39,Entertainment,Mobile
TXN_005726,CUST_0169,2026-06-27 02:53:00,2.63,Travel,Online
TXN_005727,CUST_0019,2026-04-22 19:59:00,32.59,Utilities,Online
TXN_005728,CUST_0196,2026-03-11 00:11:00,43.9,Healthcare,Online
TXN_005729,CUST_0230,2026-05-23 00:52:00,23.45,Electronics,Online
TXN_005730,CUST_0190,2026-03-17 04:53:00,26.15,Utilities,POS
TXN_005731,CUST_0001,2026-04-16 21:28:00,13.08,Travel,POS
TXN_005732,CUST_0310,2026-04-03 18:32:00,28.84,Grocery,Mobile
TXN_005733,CUST_0102,2026-02-14 20:06:00,52.18,Grocery,Online
TXN_005734,CUST_0471,2026-03-15 08:56:00,57.48,Shopping,POS
TXN_005735,CUST_0065,2026-03-31 14:24:00,103.28,Electronics,POS
TXN_005736,CUST_0148,2026-05-22 11:37:00,5.97,Travel,POS
TXN_005737,CUST_0268,2026-06-18 06:36:00,21.33,Entertainment,Online
TXN_005738,CUST_0105,2026-06-01 09:36:00,198.23,Restaurant,Mobile
TXN_005739,CUST_0390,2026-06-15 10:42:00,198.11,Restaurant,ATM
TXN_005740,CUST_0497,2026-02-14 17:23:00,393.14,Shopping,Online
TXN_005741,CUST_0257,2026-02-13 10:05:00,98.15,Restaurant,POS
TXN_005742,CUST_0129,2026-05-12 05:17:00,36.0,Shopping,Mobile
TXN_005743,CUST_0385,2026-04-08 09:05:00,9.37,Entertainment,Online
TXN_005744,CUST_0134,2026-06-22 17:22:00,29.56,Electronics,POS
TXN_005745,CUST_0219,2026-02-07 04:31:00,63.56,Travel,Mobile
TXN_005746,CUST_0089,2026-04-16 21:13:00,19.79,Healthcare,Mobile
TXN_005747,CUST_0036,2026-02-06 18:04:00,123.44,Healthcare,Online
TXN_005748,CUST_0165,2026-03-28 11:07:00,13.44,Travel,POS
TXN_005749,CUST_0062,2026-05-19 15:20:00,27.53,Electronics,ATM
TXN_005750,CUST_0254,2026-06-17 19:07:00,193.42,Utilities,Mobile
TXN_005751,CUST_0202,2026-02-05 18:08:00,24.66,Shopping,POS
TXN_005752,CUST_0252,2026-04-23 06:43:00,4.78,Grocery,POS
TXN_005753,CUST_0073,2026-06-19 14:19:00,60.9,Healthcare,ATM
TXN_005754,CUST_0114,2026-06-04 04:34:00,5.71,Travel,POS
TXN_005755,CUST_0361,2026-03-04 22:04:00,17.32,Travel,POS
TXN_005756,CUST_0251,2026-06-22 10:06:00,18.35,Electronics,Mobile
TXN_005757,CUST_0365,2026-06-26 18:37:00,12.69,Entertainment,POS
TXN_005758,CUST_0389,2026-02-13 01:43:00,13.66,Electronics,Online
TXN_005759,CUST_0304,2026-06-25 02:20:00,161.94,Electronics,POS
TXN_005760,CUST_0277,2026-01-12 23:45:00,9.47,Shopping,Online
TXN_005761,CUST_0254,2026-02-06 14:04:00,26.17,Entertainment,Online
TXN_005762,CUST_0257,2026-06-20 22:47:00,62.56,Travel,Online
TXN_005763,CUST_0037,2026-04-10 08:45:00,65.4,Shopping,POS
TXN_005764,CUST_0309,2026-05-04 19:25:00,57.04,Travel,ATM
TXN_005765,CUST_0143,2026-04-25 13:16:00,964.7,Grocery,POS
TXN_005766,CUST_0201,2026-06-18 11:08:00,24.3,Shopping,POS
TXN_005767,CUST_0255,2026-04-30 10:32:00,19.55,Restaurant,ATM
TXN_005768,CUST_0408,2026-04-09 05:08:00,33.62,Travel,Mobile
TXN_005769,CUST_0362,2026-02-14 08:09:00,1.41,Healthcare,POS
TXN_005770,CUST_0395,2026-03-16 22:35:00,54.54,Electronics,Online
TXN_005771,CUST_0249,2026-06-27 22:28:00,45.39,Grocery,POS
TXN_005772,CUST_0031,2026-02-27 11:34:00,6.89,Entertainment,POS
TXN_005773,CUST_0160,2026-04-12 16:51:00,33.6,Restaurant,ATM
TXN_005774,CUST_0327,2026-06-02 04:54:00,17.74,Entertainment,Mobile
TXN_005775,CUST_0109,2026-02-18 10:00:00,28.08,Healthcare,POS
TXN_005776,CUST_0316,2026-05-20 23:59:00,37.03,Shopping,Online
TXN_005777,CUST_0467,2026-03-23 01:40:00,31.5,Utilities,Online
TXN_005778,CUST_0211,2026-05-11 23:23:00,78.82,Electronics,Mobile
TXN_005779,CUST_0325,2026-05-15 14:08:00,16.86,Entertainment,POS
TXN_005780,CUST_0148,2026-04-26 00:53:00,109.67,Utilities,POS
TXN_005781,CUST_0232,2026-06-15 04:32:00,67.64,Entertainment,POS
TXN_005782,CUST_0360,2026-05-02 21:52:00,225.07,Utilities,POS
TXN_005783,CUST_0106,2026-01-09 16:13:00,42.79,Electronics,Online
TXN_005784,CUST_0218,2026-03-03 16:54:00,59.37,Restaurant,POS
TXN_005785,CUST_0322,2026-06-01 19:17:00,106.89,Shopping,Mobile
TXN_005786,CUST_0276,2026-04-20 22:48:00,54.5,Grocery,ATM
TXN_005787,CUST_0216,2026-01-01 10:17:00,59.78,Restaurant,Online
TXN_005788,CUST_0397,2026-04-06 09:17:00,8.09,Restaurant,Mobile
TXN_005789,CUST_0457,2026-05-04 17:49:00,25.17,Healthcare,POS
TXN_005790,CUST_0492,2026-03-03 13:15:00,23.95,Grocery,Online
TXN_005791,CUST_0043,2026-01-03 05:54:00,407.85,Electronics,POS
TXN_005792,CUST_0351,2026-06-28 00:30:00,70.67,Restaurant,POS
TXN_005793,CUST_0167,2026-03-03 02:29:00,9.79,Utilities,Online
TXN_005794,CUST_0426,2026-04-21 21:57:00,16.45,Entertainment,Mobile
TXN_005795,CUST_0211,2026-03-14 09:31:00,141.08,Restaurant,ATM
TXN_005796,CUST_0063,2026-04-20 02:59:00,29.57,Shopping,ATM
TXN_005797,CUST_0101,2026-01-14 10:28:00,61.05,Electronics,POS
TXN_005798,CUST_0250,2026-06-15 10:49:00,184.03,Restaurant,Mobile
TXN_005799,CUST_0257,2026-06-10 13:34:00,19.85,Restaurant,POS
TXN_005800,CUST_0359,2026-06-07 22:00:00,155.42,Shopping,Online
TXN_005801,CUST_0259,2026-01-05 12:19:00,138.31,Grocery,Mobile
TXN_005802,CUST_0026,2026-03-09 05:48:00,38.04,Electronics,POS
TXN_005803,CUST_0305,2026-01-10 01:50:00,37.23,Healthcare,Online
TXN_005804,CUST_0257,2026-05-05 09:05:00,42.26,Entertainment,POS
TXN_005805,CUST_0125,2026-06-21 09:47:00,133.46,Restaurant,Online
TXN_005806,CUST_0012,2026-06-03 06:15:00,79.95,Restaurant,Online
TXN_005807,CUST_0395,2026-02-17 14:30:00,17.86,Utilities,Online
TXN_005808,CUST_0380,2026-04-07 18:32:00,66.59,Utilities,Online
TXN_005809,CUST_0202,2026-03-04 20:11:00,28.91,Entertainment,Mobile
TXN_005810,CUST_0401,2026-04-13 05:47:00,72.57,Healthcare,Online
TXN_005811,CUST_0386,2026-03-04 00:58:00,30.44,Healthcare,Mobile
TXN_005812,CUST_0432,2026-04-20 10:19:00,74.88,Utilities,ATM
TXN_005813,CUST_0494,2026-04-10 16:43:00,63.89,Shopping,Mobile
TXN_005814,CUST_0256,2026-05-31 15:10:00,37.27,Shopping,Online
TXN_005815,CUST_0051,2026-01-12 23:05:00,52.52,Healthcare,POS
TXN_005816,CUST_0273,2026-03-06 09:32:00,37.45,Utilities,POS
TXN_005817,CUST_0347,2026-02-15 03:00:00,90.06,Healthcare,POS
TXN_005818,CUST_0336,2026-04-02 18:23:00,19.37,Healthcare,ATM
TXN_005819,CUST_0225,2026-02-25 05:44:00,30.6,Travel,POS
TXN_005820,CUST_0080,2026-03-15 19:37:00,38.24,Entertainment,Mobile
TXN_005821,CUST_0340,2026-02-23 15:10:00,46.47,Electronics,Online
TXN_005822,CUST_0043,2026-05-06 17:01:00,7.2,Healthcare,Online
TXN_005823,CUST_0491,2026-05-16 23:27:00,41.85,Entertainment,Online
TXN_005824,CUST_0101,2026-03-17 11:55:00,77.1,Travel,ATM
TXN_005825,CUST_0208,2026-03-09 04:09:00,75.3,Restaurant,Mobile
TXN_005826,CUST_0438,2026-03-05 01:20:00,29.96,Travel,Mobile
TXN_005827,CUST_0386,2026-03-11 01:44:00,26.85,Grocery,Mobile
TXN_005828,CUST_0398,2026-01-11 04:44:00,152.73,Shopping,Online
TXN_005829,CUST_0468,2026-06-29 08:53:00,5.56,Entertainment,Mobile
TXN_005830,CUST_0110,2026-01-11 13:25:00,4.65,Grocery,Online
TXN_005831,CUST_0067,2026-03-17 08:22:00,70.93,Restaurant,Online
TXN_005832,CUST_0362,2026-03-12 05:59:00,22.07,Electronics,Mobile
TXN_005833,CUST_0381,2026-04-13 07:34:00,12.06,Healthcare,ATM
TXN_005834,CUST_0223,2026-04-09 13:56:00,26.52,Grocery,Online
TXN_005835,CUST_0462,2026-03-04 15:16:00,1069.05,Entertainment,Mobile
TXN_005836,CUST_0185,2026-03-21 11:35:00,7.66,Grocery,POS
TXN_005837,CUST_0227,2026-02-03 20:22:00,24.42,Healthcare,POS
TXN_005838,CUST_0201,2026-01-17 05:09:00,28.52,Travel,Online
TXN_005839,CUST_0029,2026-03-08 23:59:00,10.99,Restaurant,POS
TXN_005840,CUST_0463,2026-03-31 02:45:00,12.66,Entertainment,POS
TXN_005841,CUST_0221,2026-01-27 11:00:00,218.41,Restaurant,Online
TXN_005842,CUST_0151,2026-01-23 21:07:00,31.98,Grocery,Online
TXN_005843,CUST_0317,2026-01-25 21:40:00,24.43,Grocery,Mobile
TXN_005844,CUST_0233,2026-01-10 12:47:00,71.88,Electronics,Online
TXN_005845,CUST_0272,2026-02-12 00:14:00,9.29,Electronics,Online
TXN_005846,CUST_0394,2026-01-01 19:04:00,25.69,Restaurant,Online
TXN_005847,CUST_0387,2026-03-24 22:16:00,7.2,Grocery,Online
TXN_005848,CUST_0227,2026-06-17 20:07:00,6.01,Entertainment,Online
TXN_005849,CUST_0230,2026-04-29 19:41:00,8.25,Entertainment,POS
TXN_005850,CUST_0191,2026-01-30 03:48:00,3.65,Entertainment,Online
TXN_005851,CUST_0157,2026-03-17 05:36:00,16.11,Travel,ATM
TXN_005852,CUST_0425,2026-06-11 20:26:00,5.33,Electronics,Online
TXN_005853,CUST_0154,2026-03-02 01:32:00,7.08,Electronics,Online
TXN_005854,CUST_0025,2026-03-06 05:16:00,53.6,Healthcare,Mobile
TXN_005855,CUST_0126,2026-04-20 21:34:00,27.3,Restaurant,Online
TXN_005856,CUST_0200,2026-02-23 21:26:00,80.17,Shopping,Online
TXN_005857,CUST_0270,2026-05-07 04:32:00,17.43,Electronics,Mobile
TXN_005858,CUST_0468,2026-05-25 22:41:00,54.67,Grocery,Online
TXN_005859,CUST_0394,2026-01-26 14:12:00,48.25,Utilities,Online
TXN_005860,CUST_0478,2026-04-18 21:18:00,27.14,Entertainment,POS
TXN_005861,CUST_0302,2026-01-10 11:34:00,154.29,Electronics,Online
TXN_005862,CUST_0204,2026-06-19 13:35:00,82.37,Restaurant,POS
TXN_005863,CUST_0497,2026-05-20 22:04:00,59.55,Healthcare,ATM
TXN_005864,CUST_0171,2026-03-30 22:22:00,51.5,Utilities,Mobile
TXN_005865,CUST_0329,2026-01-17 16:17:00,98.15,Travel,POS
TXN_005866,CUST_0141,2026-06-28 04:39:00,55.88,Entertainment,POS
TXN_005867,CUST_0301,2026-05-10 04:56:00,110.1,Grocery,Online
TXN_005868,CUST_0196,2026-01-02 22:52:00,18.89,Travel,ATM
TXN_005869,CUST_0238,2026-05-06 10:07:00,23.21,Grocery,POS
TXN_005870,CUST_0373,2026-03-06 22:43:00,181.7,Shopping,Mobile
TXN_005871,CUST_0066,2026-05-21 02:43:00,57.48,Utilities,Online
TXN_005872,CUST_0019,2026-05-07 01:14:00,48.46,Utilities,ATM
TXN_005873,CUST_0282,2026-03-08 12:01:00,13.98,Shopping,Mobile
TXN_005874,CUST_0369,2026-03-06 16:13:00,106.83,Entertainment,ATM
TXN_005875,CUST_0115,2026-04-11 09:46:00,10.83,Travel,POS
TXN_005876,CUST_0127,2026-06-05 14:24:00,7.71,Healthcare,Mobile
TXN_005877,CUST_0080,2026-06-29 18:47:00,270.13,Grocery,POS
TXN_005878,CUST_0189,2026-03-11 18:18:00,18.28,Entertainment,POS
TXN_005879,CUST_0063,2026-06-08 19:22:00,7.42,Utilities,POS
TXN_005880,CUST_0210,2026-04-23 12:16:00,4.49,Healthcare,Online
TXN_005881,CUST_0172,2026-02-02 18:36:00,78.64,Travel,POS
TXN_005882,CUST_0075,2026-04-08 00:42:00,133.28,Travel,Mobile
TXN_005883,CUST_0187,2026-03-20 04:09:00,76.11,Entertainment,ATM
TXN_005884,CUST_0472,2026-02-08 15:54:00,28.41,Travel,POS
TXN_005885,CUST_0114,2026-01-27 21:41:00,29.6,Entertainment,POS
TXN_005886,CUST_0098,2026-06-10 17:02:00,20.77,Shopping,POS
TXN_005887,CUST_0214,2026-05-17 14:04:00,23.69,Entertainment,Online
TXN_005888,CUST_0330,2026-05-10 15:48:00,24.0,Healthcare,ATM
TXN_005889,CUST_0177,2026-03-26 09:22:00,261.15,Utilities,Online
TXN_005890,CUST_0498,2026-01-19 07:36:00,39.52,Utilities,POS
TXN_005891,CUST_0402,2026-05-22 23:18:00,54.13,Electronics,POS
TXN_005892,CUST_0425,2026-03-13 01:04:00,15.07,Healthcare,Online
TXN_005893,CUST_0105,2026-02-15 22:19:00,12.36,Restaurant,Mobile
TXN_005894,CUST_0011,2026-04-19 13:23:00,12.02,Electronics,POS
TXN_005895,CUST_0126,2026-04-27 10:07:00,19.77,Shopping,POS
TXN_005896,CUST_0463,2026-02-23 19:02:00,56.52,Grocery,ATM
TXN_005897,CUST_0059,2026-06-01 19:46:00,26.86,Restaurant,Online
TXN_005898,CUST_0284,2026-02-12 00:48:00,71.16,Grocery,Online
TXN_005899,CUST_0303,2026-04-30 08:18:00,31.76,Shopping,POS
TXN_005900,CUST_0225,2026-01-23 20:25:00,7.63,Entertainment,Online
TXN_005901,CUST_0355,2026-02-28 19:19:00,23.0,Shopping,Online
TXN_005902,CUST_0059,2026-04-15 18:38:00,21.45,Shopping,POS
TXN_005903,CUST_0334,2026-04-22 04:40:00,69.01,Travel,Online
TXN_005904,CUST_0447,2026-06-17 21:37:00,14.03,Healthcare,Mobile
TXN_005905,CUST_0234,2026-04-14 13:48:00,39.09,Shopping,Online
TXN_005906,CUST_0211,2026-05-12 15:14:00,79.55,Grocery,Online
TXN_005907,CUST_0397,2026-02-07 22:12:00,7.99,Travel,POS
TXN_005908,CUST_0110,2026-02-02 15:08:00,23.72,Utilities,POS
TXN_005909,CUST_0082,2026-01-20 00:40:00,24.11,Restaurant,POS
TXN_005910,CUST_0382,2026-05-14 23:58:00,272.49,Healthcare,Online
TXN_005911,CUST_0168,2026-01-21 10:03:00,8.81,Restaurant,Online
TXN_005912,CUST_0454,2026-03-31 05:40:00,48.89,Restaurant,Mobile
TXN_005913,CUST_0319,2026-04-19 08:38:00,89.83,Shopping,Online
TXN_005914,CUST_0009,2026-04-21 03:45:00,17.58,Entertainment,POS
TXN_005915,CUST_0163,2026-05-12 22:26:00,16.07,Travel,POS
TXN_005916,CUST_0303,2026-03-20 18:17:00,68.18,Utilities,POS
TXN_005917,CUST_0107,2026-06-17 05:02:00,39.91,Grocery,Mobile
TXN_005918,CUST_0115,2026-03-31 00:07:00,11.17,Travel,Online
TXN_005919,CUST_0402,2026-04-04 15:22:00,113.35,Entertainment,Online
TXN_005920,CUST_0021,2026-05-23 02:56:00,8.69,Restaurant,POS
TXN_005921,CUST_0051,2026-06-09 12:46:00,11.47,Utilities,Mobile
TXN_005922,CUST_0137,2026-06-01 03:50:00,15.91,Entertainment,POS
TXN_005923,CUST_0245,2026-04-25 08:13:00,108.78,Travel,Mobile
TXN_005924,CUST_0246,2026-01-10 05:09:00,125.64,Healthcare,ATM
TXN_005925,CUST_0439,2026-05-14 21:50:00,66.71,Restaurant,POS
TXN_005926,CUST_0359,2026-01-16 09:32:00,22.25,Entertainment,Mobile
TXN_005927,CUST_0107,2026-03-24 09:04:00,29.19,Restaurant,Online
TXN_005928,CUST_0446,2026-04-08 10:44:00,45.91,Entertainment,Mobile
TXN_005929,CUST_0499,2026-05-02 23:46:00,12.4,Restaurant,ATM
TXN_005930,CUST_0288,2026-03-14 15:03:00,24.89,Electronics,POS
TXN_005931,CUST_0158,2026-04-07 22:25:00,15.1,Travel,Mobile
TXN_005932,CUST_0179,2026-06-22 10:39:00,70.07,Grocery,POS
TXN_005933,CUST_0087,2026-05-28 16:51:00,22.98,Grocery,POS
TXN_005934,CUST_0256,2026-02-10 11:11:00,22.02,Utilities,Mobile
TXN_005935,CUST_0030,2026-02-09 16:55:00,42.41,Healthcare,Mobile
TXN_005936,CUST_0388,2026-02-27 07:49:00,33.66,Grocery,ATM
TXN_005937,CUST_0427,2026-06-07 17:12:00,24.02,Healthcare,POS
TXN_005938,CUST_0287,2026-01-09 04:12:00,316.51,Grocery,Mobile
TXN_005939,CUST_0425,2026-01-26 23:14:00,80.12,Travel,POS
TXN_005940,CUST_0215,2026-05-26 02:00:00,258.45,Healthcare,POS
TXN_005941,CUST_0422,2026-03-16 12:21:00,35.6,Utilities,POS
TXN_005942,CUST_0464,2026-02-06 11:15:00,97.18,Entertainment,ATM
TXN_005943,CUST_0174,2026-04-22 23:35:00,360.71,Travel,POS
TXN_005944,CUST_0267,2026-04-06 04:06:00,24.97,Electronics,POS
TXN_005945,CUST_0031,2026-01-16 14:26:00,8.26,Shopping,Online
TXN_005946,CUST_0335,2026-05-14 18:22:00,23.8,Healthcare,ATM
TXN_005947,CUST_0491,2026-01-08 21:26:00,71.0,Travel,Mobile
TXN_005948,CUST_0481,2026-06-20 08:02:00,15.21,Utilities,POS
TXN_005949,CUST_0382,2026-03-15 16:14:00,95.52,Utilities,POS
TXN_005950,CUST_0163,2026-01-10 06:56:00,66.44,Healthcare,Mobile
TXN_005951,CUST_0106,2026-05-10 05:27:00,16.5,Restaurant,ATM
TXN_005952,CUST_0380,2026-05-08 08:46:00,16.63,Entertainment,Online
TXN_005953,CUST_0164,2026-02-15 04:19:00,28.96,Restaurant,POS
TXN_005954,CUST_0025,2026-01-31 20:01:00,2.99,Restaurant,POS
TXN_005955,CUST_0362,2026-04-12 03:05:00,63.48,Travel,Online
TXN_005956,CUST_0335,2026-01-05 19:59:00,202.48,Utilities,Online
TXN_005957,CUST_0220,2026-04-06 14:39:00,14.11,Grocery,Online
TXN_005958,CUST_0352,2026-04-29 08:39:00,166.37,Utilities,Online
TXN_005959,CUST_0061,2026-04-14 22:02:00,18.99,Grocery,Online
TXN_005960,CUST_0106,2026-06-28 16:07:00,17.31,Shopping,POS
TXN_005961,CUST_0087,2026-03-02 17:28:00,71.39,Shopping,Online
TXN_005962,CUST_0407,2026-02-22 02:12:00,11.55,Shopping,POS
TXN_005963,CUST_0480,2026-05-07 19:09:00,40.86,Entertainment,POS
TXN_005964,CUST_0385,2026-03-26 15:49:00,415.18,Restaurant,Mobile
TXN_005965,CUST_0200,2026-06-26 04:46:00,9.82,Shopping,Online
TXN_005966,CUST_0240,2026-01-13 05:35:00,16.81,Entertainment,Online
TXN_005967,CUST_0485,2026-06-22 17:39:00,67.77,Shopping,POS
TXN_005968,CUST_0064,2026-05-26 02:09:00,9.06,Electronics,Mobile
TXN_005969,CUST_0312,2026-03-19 21:54:00,36.97,Shopping,ATM
TXN_005970,CUST_0209,2026-03-10 10:28:00,39.22,Utilities,POS
TXN_005971,CUST_0166,2026-02-27 20:10:00,143.98,Entertainment,Online
TXN_005972,CUST_0049,2026-05-13 00:56:00,51.52,Electronics,POS
TXN_005973,CUST_0104,2026-02-16 03:10:00,73.5,Electronics,POS
TXN_005974,CUST_0242,2026-05-11 03:08:00,21.34,Electronics,POS
TXN_005975,CUST_0238,2026-06-14 09:10:00,50.8,Restaurant,ATM
TXN_005976,CUST_0394,2026-02-02 00:36:00,227.39,Restaurant,POS
TXN_005977,CUST_0016,2026-04-09 10:07:00,6.01,Utilities,Online
TXN_005978,CUST_0393,2026-05-31 16:29:00,14.32,Shopping,POS
TXN_005979,CUST_0232,2026-04-14 16:27:00,164.18,Restaurant,POS
TXN_005980,CUST_0068,2026-05-18 15:43:00,182.31,Grocery,Mobile
TXN_005981,CUST_0343,2026-01-14 01:50:00,59.5,Utilities,Online
TXN_005982,CUST_0241,2026-05-14 21:23:00,186.32,Healthcare,ATM
TXN_005983,CUST_0054,2026-04-11 11:15:00,15.86,Entertainment,POS
TXN_005984,CUST_0236,2026-01-16 18:07:00,33.82,Entertainment,Online
TXN_005985,CUST_0398,2026-04-28 23:27:00,16.89,Grocery,Online
TXN_005986,CUST_0366,2026-01-14 21:30:00,92.27,Shopping,POS
TXN_005987,CUST_0123,2026-02-15 15:08:00,210.01,Electronics,Online
TXN_005988,CUST_0375,2026-04-06 08:55:00,86.66,Restaurant,ATM
TXN_005989,CUST_0273,2026-01-23 16:36:00,21.79,Restaurant,POS
TXN_005990,CUST_0319,2026-01-04 15:23:00,136.82,Entertainment,Online
TXN_005991,CUST_0476,2026-04-08 18:35:00,307.68,Grocery,ATM
TXN_005992,CUST_0457,2026-02-01 06:02:00,37.29,Electronics,POS
TXN_005993,CUST_0188,2026-03-18 13:49:00,25.26,Grocery,ATM
TXN_005994,CUST_0192,2026-06-07 23:42:00,99.51,Shopping,POS
TXN_005995,CUST_0258,2026-01-04 13:56:00,49.67,Electronics,POS
TXN_005996,CUST_0027,2026-02-04 05:45:00,36.96,Electronics,POS
TXN_005997,CUST_0438,2026-03-15 18:26:00,103.39,Restaurant,Mobile
TXN_005998,CUST_0329,2026-04-15 06:27:00,11.56,Entertainment,ATM
TXN_005999,CUST_0062,2026-01-12 08:27:00,22.2,Electronics,POS
TXN_006000,CUST_0016,2026-02-10 18:08:00,16.14,Utilities,POS
TXN_006001,CUST_0382,2026-03-16 08:38:00,66.98,Travel,Mobile
TXN_006002,CUST_0255,2026-02-11 14:44:00,79.7,Electronics,POS
TXN_006003,CUST_0392,2026-06-19 18:25:00,13.51,Electronics,Online
TXN_006004,CUST_0016,2026-03-21 09:12:00,29.46,Grocery,Mobile
TXN_006005,CUST_0179,2026-02-23 20:47:00,61.89,Electronics,Online
TXN_006006,CUST_0464,2026-03-23 03:47:00,39.29,Travel,POS
TXN_006007,CUST_0151,2026-05-09 12:45:00,79.1,Electronics,POS
TXN_006008,CUST_0157,2026-04-02 20:33:00,42.34,Grocery,POS
TXN_006009,CUST_0284,2026-06-16 09:04:00,21.73,Grocery,ATM
TXN_006010,CUST_0473,2026-02-16 07:36:00,5.4,Grocery,POS
TXN_006011,CUST_0475,2026-03-02 19:24:00,40.03,Healthcare,POS
TXN_006012,CUST_0078,2026-06-28 10:38:00,17.98,Utilities,Mobile
TXN_006013,CUST_0119,2026-05-01 07:14:00,8.24,Shopping,Online
TXN_006014,CUST_0432,2026-06-08 20:25:00,28.48,Electronics,Online
TXN_006015,CUST_0469,2026-04-02 06:39:00,39.84,Shopping,Mobile
TXN_006016,CUST_0106,2026-04-11 21:17:00,134.09,Grocery,POS
TXN_006017,CUST_0229,2026-05-02 19:00:00,99.12,Grocery,Mobile
TXN_006018,CUST_0061,2026-04-04 12:38:00,19.07,Entertainment,POS
TXN_006019,CUST_0343,2026-01-22 11:20:00,12.34,Entertainment,Online
TXN_006020,CUST_0396,2026-03-09 23:23:00,13.51,Restaurant,POS
TXN_006021,CUST_0023,2026-01-12 18:24:00,8.13,Shopping,Online
TXN_006022,CUST_0190,2026-05-09 16:43:00,128.35,Entertainment,POS
TXN_006023,CUST_0300,2026-06-11 16:32:00,21.61,Restaurant,Online
TXN_006024,CUST_0125,2026-06-17 11:27:00,8.09,Travel,POS
TXN_006025,CUST_0345,2026-06-12 17:53:00,32.49,Electronics,Online
TXN_006026,CUST_0066,2026-03-02 07:41:00,66.82,Healthcare,Mobile
TXN_006027,CUST_0162,2026-02-22 05:11:00,51.7,Entertainment,Mobile
TXN_006028,CUST_0059,2026-04-18 08:14:00,24.58,Electronics,Online
TXN_006029,CUST_0310,2026-02-03 17:04:00,59.58,Grocery,POS
TXN_006030,CUST_0257,2026-01-09 06:40:00,35.18,Electronics,Online
TXN_006031,CUST_0057,2026-01-25 06:53:00,107.15,Healthcare,Mobile
TXN_006032,CUST_0085,2026-04-05 01:31:00,302.9,Restaurant,Online
TXN_006033,CUST_0388,2026-06-07 10:27:00,61.03,Utilities,POS
TXN_006034,CUST_0493,2026-05-17 03:15:00,42.56,Utilities,Online
TXN_006035,CUST_0486,2026-02-17 03:47:00,6.89,Shopping,Online
TXN_006036,CUST_0409,2026-06-18 01:03:00,66.22,Healthcare,POS
TXN_006037,CUST_0335,2026-03-06 10:51:00,72.15,Entertainment,POS
TXN_006038,CUST_0406,2026-05-10 04:18:00,19.22,Electronics,Mobile
TXN_006039,CUST_0071,2026-04-26 11:26:00,81.99,Healthcare,Mobile
TXN_006040,CUST_0237,2026-03-22 14:47:00,43.83,Electronics,POS
TXN_006041,CUST_0472,2026-03-07 23:29:00,6.16,Travel,POS
TXN_006042,CUST_0041,2026-03-23 10:08:00,68.39,Electronics,POS
TXN_006043,CUST_0414,2026-06-11 01:27:00,83.83,Entertainment,ATM
TXN_006044,CUST_0265,2026-04-10 09:03:00,21.37,Grocery,Online
TXN_006045,CUST_0172,2026-06-06 17:14:00,7.48,Entertainment,Online
TXN_006046,CUST_0243,2026-05-03 19:29:00,29.1,Grocery,Online
TXN_006047,CUST_0495,2026-04-22 02:27:00,70.56,Travel,POS
TXN_006048,CUST_0313,2026-03-16 02:46:00,18.67,Travel,POS
TXN_006049,CUST_0191,2026-05-09 22:28:00,27.09,Travel,Mobile
TXN_006050,CUST_0330,2026-06-25 21:10:00,49.74,Healthcare,Online
TXN_006051,CUST_0004,2026-03-24 02:22:00,26.22,Entertainment,Online
TXN_006052,CUST_0355,2026-06-25 19:14:00,108.68,Restaurant,Online
TXN_006053,CUST_0011,2026-03-25 13:00:00,17.58,Grocery,Online
TXN_006054,CUST_0435,2026-01-16 22:23:00,41.37,Entertainment,Mobile
TXN_006055,CUST_0012,2026-02-19 05:20:00,13.53,Utilities,Mobile
TXN_006056,CUST_0182,2026-02-21 11:58:00,16.45,Grocery,Online
TXN_006057,CUST_0178,2026-05-29 18:55:00,38.08,Shopping,Mobile
TXN_006058,CUST_0348,2026-04-22 15:07:00,2.23,Entertainment,POS
TXN_006059,CUST_0130,2026-02-26 23:36:00,38.05,Grocery,POS
TXN_006060,CUST_0116,2026-04-20 15:08:00,178.01,Healthcare,POS
TXN_006061,CUST_0130,2026-01-09 01:18:00,23.0,Grocery,Online
TXN_006062,CUST_0134,2026-04-04 14:42:00,51.41,Utilities,Online
TXN_006063,CUST_0421,2026-03-13 15:04:00,19.82,Restaurant,Mobile
TXN_006064,CUST_0369,2026-06-08 13:24:00,10.35,Electronics,ATM
TXN_006065,CUST_0260,2026-04-22 01:25:00,182.93,Entertainment,Online
TXN_006066,CUST_0169,2026-05-22 22:44:00,59.91,Grocery,Online
TXN_006067,CUST_0472,2026-06-27 22:50:00,7.75,Entertainment,Mobile
TXN_006068,CUST_0085,2026-01-20 03:20:00,9.78,Healthcare,Online
TXN_006069,CUST_0089,2026-04-09 04:16:00,27.59,Healthcare,POS
TXN_006070,CUST_0054,2026-04-12 00:39:00,117.65,Electronics,Online
TXN_006071,CUST_0376,2026-04-02 13:35:00,15.75,Shopping,POS
TXN_006072,CUST_0171,2026-01-01 18:23:00,21.83,Healthcare,Mobile
TXN_006073,CUST_0284,2026-05-15 01:00:00,9.33,Grocery,Online
TXN_006074,CUST_0301,2026-06-18 19:26:00,62.94,Restaurant,POS
TXN_006075,CUST_0493,2026-02-04 03:18:00,13.46,Electronics,Mobile
TXN_006076,CUST_0006,2026-02-11 20:29:00,23.14,Utilities,POS
TXN_006077,CUST_0248,2026-01-22 09:15:00,9.71,Travel,ATM
TXN_006078,CUST_0131,2026-06-27 02:13:00,95.97,Electronics,POS
TXN_006079,CUST_0054,2026-05-25 01:44:00,61.91,Travel,POS
TXN_006080,CUST_0381,2026-01-18 21:44:00,41.19,Electronics,Online
TXN_006081,CUST_0303,2026-03-16 19:29:00,15.84,Shopping,POS
TXN_006082,CUST_0347,2026-06-06 23:42:00,13.91,Entertainment,Online
TXN_006083,CUST_0459,2026-05-13 11:39:00,6.67,Utilities,POS
TXN_006084,CUST_0477,2026-03-21 04:59:00,42.7,Entertainment,Mobile
TXN_006085,CUST_0497,2026-06-27 23:26:00,24.84,Shopping,POS
TXN_006086,CUST_0493,2026-01-15 13:31:00,22.56,Entertainment,Online
TXN_006087,CUST_0009,2026-01-07 16:27:00,125.18,Shopping,POS
TXN_006088,CUST_0090,2026-06-12 18:00:00,84.65,Restaurant,Online
TXN_006089,CUST_0354,2026-03-06 00:54:00,25.23,Healthcare,Online
TXN_006090,CUST_0012,2026-05-29 22:53:00,17.78,Shopping,Online
TXN_006091,CUST_0237,2026-06-03 00:28:00,8.9,Entertainment,Mobile
TXN_006092,CUST_0075,2026-04-10 06:33:00,40.64,Restaurant,Online
TXN_006093,CUST_0151,2026-03-20 13:00:00,88.52,Shopping,POS
TXN_006094,CUST_0425,2026-05-21 13:41:00,33.53,Grocery,POS
TXN_006095,CUST_0159,2026-03-08 17:00:00,125.23,Entertainment,Online
TXN_006096,CUST_0464,2026-04-02 05:16:00,55.15,Grocery,Mobile
TXN_006097,CUST_0468,2026-01-14 09:45:00,1.18,Entertainment,POS
TXN_006098,CUST_0486,2026-04-07 07:07:00,119.57,Entertainment,Online
TXN_006099,CUST_0181,2026-06-10 16:12:00,82.58,Travel,POS
TXN_006100,CUST_0218,2026-01-11 17:31:00,65.13,Shopping,Online
TXN_006101,CUST_0105,2026-06-29 08:58:00,15.63,Shopping,Online
TXN_006102,CUST_0453,2026-03-22 12:42:00,1216.2,Healthcare,Online
TXN_006103,CUST_0263,2026-01-23 05:55:00,187.51,Travel,POS
TXN_006104,CUST_0029,2026-02-02 09:56:00,19.5,Shopping,POS
TXN_006105,CUST_0074,2026-02-18 19:04:00,131.29,Grocery,Online
TXN_006106,CUST_0043,2026-05-24 19:20:00,32.56,Restaurant,Online
TXN_006107,CUST_0295,2026-03-10 21:19:00,40.43,Grocery,POS
TXN_006108,CUST_0010,2026-06-14 08:09:00,37.52,Electronics,POS
TXN_006109,CUST_0041,2026-04-03 23:14:00,20.95,Shopping,Online
TXN_006110,CUST_0051,2026-01-25 08:48:00,28.9,Healthcare,Online
TXN_006111,CUST_0458,2026-06-06 10:50:00,20.44,Healthcare,Online
TXN_006112,CUST_0396,2026-02-10 22:15:00,54.76,Electronics,Mobile
TXN_006113,CUST_0008,2026-04-07 08:03:00,21.66,Electronics,POS
TXN_006114,CUST_0273,2026-01-31 22:32:00,24.45,Entertainment,ATM
TXN_006115,CUST_0212,2026-02-07 15:42:00,43.59,Entertainment,POS
TXN_006116,CUST_0026,2026-02-01 16:00:00,8.91,Travel,POS
TXN_006117,CUST_0238,2026-05-10 08:14:00,103.88,Shopping,POS
TXN_006118,CUST_0108,2026-03-03 09:07:00,186.82,Entertainment,ATM
TXN_006119,CUST_0355,2026-01-20 20:08:00,5.26,Travel,POS
TXN_006120,CUST_0289,2026-02-14 16:59:00,174.66,Travel,Online
TXN_006121,CUST_0244,2026-02-10 20:44:00,23.02,Electronics,POS
TXN_006122,CUST_0458,2026-03-05 22:20:00,21.1,Restaurant,Mobile
TXN_006123,CUST_0318,2026-02-05 15:05:00,14.92,Restaurant,ATM
TXN_006124,CUST_0074,2026-03-01 16:18:00,20.44,Travel,POS
TXN_006125,CUST_0203,2026-03-30 03:08:00,23.33,Utilities,Online
TXN_006126,CUST_0303,2026-05-11 00:44:00,64.09,Utilities,ATM
TXN_006127,CUST_0242,2026-02-24 16:39:00,26.1,Travel,Online
TXN_006128,CUST_0452,2026-01-07 12:22:00,48.2,Healthcare,Online
TXN_006129,CUST_0057,2026-01-11 22:15:00,8.72,Travel,Online
TXN_006130,CUST_0400,2026-06-25 19:30:00,56.77,Healthcare,Online
TXN_006131,CUST_0108,2026-05-22 18:10:00,254.98,Travel,ATM
TXN_006132,CUST_0154,2026-06-22 14:43:00,138.2,Healthcare,Online
TXN_006133,CUST_0081,2026-05-28 14:07:00,43.55,Restaurant,Online
TXN_006134,CUST_0312,2026-05-06 04:35:00,152.46,Restaurant,Online
TXN_006135,CUST_0427,2026-05-02 10:57:00,68.16,Travel,POS
TXN_006136,CUST_0338,2026-01-19 11:35:00,11.54,Shopping,Mobile
TXN_006137,CUST_0422,2026-02-11 06:30:00,9.27,Shopping,Mobile
TXN_006138,CUST_0153,2026-06-19 11:15:00,94.66,Electronics,Online
TXN_006139,CUST_0326,2026-05-01 02:16:00,100.23,Restaurant,Online
TXN_006140,CUST_0164,2026-04-01 16:36:00,122.2,Grocery,POS
TXN_006141,CUST_0106,2026-05-18 00:26:00,15.44,Utilities,Mobile
TXN_006142,CUST_0284,2026-06-01 21:31:00,48.94,Healthcare,POS
TXN_006143,CUST_0009,2026-05-22 13:21:00,164.96,Grocery,Online
TXN_006144,CUST_0356,2026-02-14 13:50:00,13.8,Grocery,ATM
TXN_006145,CUST_0218,2026-01-01 07:14:00,2.83,Restaurant,Online
TXN_006146,CUST_0280,2026-02-25 11:04:00,48.27,Healthcare,Mobile
TXN_006147,CUST_0139,2026-06-24 01:00:00,10.69,Travel,Online
TXN_006148,CUST_0422,2026-01-22 02:17:00,57.94,Healthcare,ATM
TXN_006149,CUST_0123,2026-06-10 10:13:00,20.53,Shopping,Online
TXN_006150,CUST_0192,2026-05-11 19:26:00,16.22,Electronics,Online
TXN_006151,CUST_0070,2026-01-17 20:48:00,49.92,Healthcare,Online
TXN_006152,CUST_0307,2026-04-01 09:40:00,13.08,Travel,Mobile
TXN_006153,CUST_0375,2026-05-07 10:29:00,13.31,Shopping,Online
TXN_006154,CUST_0430,2026-03-01 20:54:00,12.92,Utilities,Mobile
TXN_006155,CUST_0034,2026-05-14 20:32:00,3.07,Restaurant,POS
TXN_006156,CUST_0170,2026-06-01 23:30:00,23.66,Shopping,Online
TXN_006157,CUST_0315,2026-06-24 06:49:00,19.2,Entertainment,ATM
TXN_006158,CUST_0404,2026-04-19 17:15:00,89.86,Utilities,Online
TXN_006159,CUST_0097,2026-05-08 18:15:00,60.33,Travel,Online
TXN_006160,CUST_0074,2026-01-14 13:58:00,29.72,Restaurant,Mobile
TXN_006161,CUST_0350,2026-02-13 02:15:00,38.32,Entertainment,POS
TXN_006162,CUST_0290,2026-06-20 12:24:00,8.87,Restaurant,Online
TXN_006163,CUST_0170,2026-05-08 15:55:00,85.36,Restaurant,Online
TXN_006164,CUST_0083,2026-01-25 08:44:00,31.45,Grocery,ATM
TXN_006165,CUST_0251,2026-06-08 22:17:00,36.94,Utilities,ATM
TXN_006166,CUST_0160,2026-02-22 19:14:00,34.34,Restaurant,Mobile
TXN_006167,CUST_0260,2026-06-08 15:05:00,93.5,Grocery,POS
TXN_006168,CUST_0239,2026-01-17 14:45:00,96.51,Grocery,Online
TXN_006169,CUST_0437,2026-06-13 23:30:00,49.87,Healthcare,Online
TXN_006170,CUST_0218,2026-05-17 07:57:00,22.72,Entertainment,Mobile
TXN_006171,CUST_0168,2026-05-14 05:00:00,26.25,Shopping,POS
TXN_006172,CUST_0360,2026-03-06 17:52:00,92.99,Grocery,POS
TXN_006173,CUST_0243,2026-03-27 18:25:00,19.57,Shopping,Mobile
TXN_006174,CUST_0333,2026-01-03 00:49:00,129.2,Healthcare,Mobile
TXN_006175,CUST_0208,2026-06-14 03:46:00,25.03,Grocery,ATM
TXN_006176,CUST_0059,2026-06-05 14:00:00,20.71,Travel,Online
TXN_006177,CUST_0322,2026-03-06 14:29:00,71.8,Restaurant,Online
TXN_006178,CUST_0190,2026-02-06 18:43:00,44.72,Restaurant,POS
TXN_006179,CUST_0387,2026-05-23 12:59:00,36.56,Grocery,POS
TXN_006180,CUST_0247,2026-06-18 04:33:00,11.05,Electronics,Mobile
TXN_006181,CUST_0364,2026-02-01 20:29:00,64.91,Entertainment,POS
TXN_006182,CUST_0066,2026-01-03 06:24:00,31.31,Electronics,Online
TXN_006183,CUST_0396,2026-05-08 05:49:00,99.84,Restaurant,POS
TXN_006184,CUST_0179,2026-03-06 12:22:00,550.95,Electronics,Mobile
TXN_006185,CUST_0028,2026-03-26 19:55:00,57.33,Travel,Mobile
TXN_006186,CUST_0119,2026-03-21 04:47:00,43.95,Utilities,POS
TXN_006187,CUST_0480,2026-01-29 21:37:00,19.62,Entertainment,Online
TXN_006188,CUST_0192,2026-02-27 18:12:00,38.2,Grocery,Online
TXN_006189,CUST_0012,2026-04-07 06:11:00,34.61,Travel,Mobile
TXN_006190,CUST_0086,2026-03-07 00:05:00,17.07,Travel,Mobile
TXN_006191,CUST_0080,2026-02-19 00:42:00,173.24,Grocery,POS
TXN_006192,CUST_0002,2026-01-09 07:58:00,20.24,Grocery,Mobile
TXN_006193,CUST_0453,2026-05-29 09:25:00,39.13,Entertainment,POS
TXN_006194,CUST_0447,2026-03-18 21:16:00,43.28,Restaurant,Mobile
TXN_006195,CUST_0483,2026-05-22 10:12:00,86.76,Healthcare,Online
TXN_006196,CUST_0228,2026-04-20 19:59:00,224.07,Electronics,POS
TXN_006197,CUST_0212,2026-05-30 08:19:00,48.17,Shopping,Online
TXN_006198,CUST_0099,2026-06-11 01:10:00,27.73,Healthcare,POS
TXN_006199,CUST_0089,2026-01-06 14:32:00,18.5,Healthcare,POS
TXN_006200,CUST_0399,2026-05-03 11:38:00,58.11,Electronics,POS
TXN_006201,CUST_0357,2026-06-14 16:08:00,228.28,Restaurant,ATM
TXN_006202,CUST_0222,2026-04-16 00:57:00,19.2,Healthcare,POS
TXN_006203,CUST_0256,2026-04-28 14:46:00,37.69,Travel,POS
TXN_006204,CUST_0121,2026-05-28 05:17:00,22.92,Grocery,Online
TXN_006205,CUST_0407,2026-04-21 21:41:00,25.04,Healthcare,POS
TXN_006206,CUST_0171,2026-02-27 14:06:00,14.29,Shopping,Mobile
TXN_006207,CUST_0450,2026-02-17 12:12:00,13.71,Shopping,Online
TXN_006208,CUST_0096,2026-05-31 18:19:00,5.9,Electronics,Online
TXN_006209,CUST_0122,2026-03-16 11:17:00,86.89,Restaurant,Online
TXN_006210,CUST_0337,2026-04-29 23:35:00,51.12,Electronics,Online
TXN_006211,CUST_0246,2026-06-15 16:00:00,51.76,Utilities,ATM
TXN_006212,CUST_0303,2026-01-21 11:23:00,6.73,Entertainment,POS
TXN_006213,CUST_0032,2026-02-06 09:09:00,21.09,Travel,POS
TXN_006214,CUST_0004,2026-02-24 06:47:00,14.75,Healthcare,Online
TXN_006215,CUST_0486,2026-06-24 15:17:00,17.92,Grocery,Online
TXN_006216,CUST_0436,2026-04-23 15:47:00,19.14,Grocery,Online
TXN_006217,CUST_0315,2026-02-10 13:19:00,37.82,Entertainment,Online
TXN_006218,CUST_0087,2026-03-23 10:58:00,53.6,Electronics,POS
TXN_006219,CUST_0063,2026-03-05 07:14:00,30.09,Utilities,Online
TXN_006220,CUST_0357,2026-04-04 22:08:00,12.37,Shopping,POS
TXN_006221,CUST_0103,2026-02-03 01:15:00,56.68,Utilities,ATM
TXN_006222,CUST_0363,2026-05-26 14:35:00,64.89,Grocery,POS
TXN_006223,CUST_0137,2026-02-02 15:16:00,31.45,Travel,Online
TXN_006224,CUST_0007,2026-04-16 10:18:00,55.56,Electronics,POS
TXN_006225,CUST_0173,2026-04-08 00:04:00,28.76,Shopping,Mobile
TXN_006226,CUST_0203,2026-04-07 09:20:00,53.32,Grocery,Online
TXN_006227,CUST_0143,2026-04-27 18:44:00,22.24,Electronics,Mobile
TXN_006228,CUST_0118,2026-05-23 19:09:00,31.84,Electronics,Mobile
TXN_006229,CUST_0499,2026-01-19 22:18:00,5.36,Entertainment,Mobile
TXN_006230,CUST_0008,2026-01-09 23:14:00,26.34,Shopping,POS
TXN_006231,CUST_0369,2026-05-02 19:04:00,19.96,Entertainment,POS
TXN_006232,CUST_0033,2026-03-12 07:22:00,61.72,Healthcare,POS
TXN_006233,CUST_0239,2026-05-11 15:33:00,90.96,Healthcare,ATM
TXN_006234,CUST_0091,2026-01-18 08:36:00,46.57,Restaurant,POS
TXN_006235,CUST_0131,2026-06-12 23:47:00,66.56,Restaurant,Online
TXN_006236,CUST_0422,2026-06-13 00:13:00,91.06,Travel,Online
TXN_006237,CUST_0132,2026-05-30 19:20:00,6.18,Entertainment,Mobile
TXN_006238,CUST_0395,2026-02-06 13:32:00,87.8,Entertainment,POS
TXN_006239,CUST_0490,2026-05-07 13:27:00,14.38,Travel,Online
TXN_006240,CUST_0037,2026-05-23 01:22:00,137.42,Grocery,POS
TXN_006241,CUST_0435,2026-03-22 20:40:00,68.79,Restaurant,POS
TXN_006242,CUST_0148,2026-03-01 10:13:00,77.67,Restaurant,Online
TXN_006243,CUST_0454,2026-05-27 06:16:00,47.57,Grocery,ATM
TXN_006244,CUST_0259,2026-01-03 15:50:00,27.5,Entertainment,Online
TXN_006245,CUST_0045,2026-06-17 01:35:00,38.89,Utilities,Mobile
TXN_006246,CUST_0348,2026-03-20 04:06:00,32.52,Utilities,ATM
TXN_006247,CUST_0500,2026-05-13 18:20:00,16.04,Entertainment,POS
TXN_006248,CUST_0300,2026-06-05 12:10:00,12.0,Shopping,Online
TXN_006249,CUST_0485,2026-01-11 12:51:00,67.68,Travel,POS
TXN_006250,CUST_0221,2026-01-31 08:54:00,5.16,Healthcare,POS
TXN_006251,CUST_0007,2026-02-01 07:18:00,11.62,Utilities,POS
TXN_006252,CUST_0131,2026-03-17 09:00:00,7.23,Healthcare,ATM
TXN_006253,CUST_0309,2026-03-23 20:28:00,112.01,Electronics,POS
TXN_006254,CUST_0263,2026-04-13 19:03:00,23.33,Shopping,Online
TXN_006255,CUST_0480,2026-05-02 23:18:00,104.7,Shopping,Online
TXN_006256,CUST_0331,2026-02-18 18:44:00,44.4,Entertainment,Online
TXN_006257,CUST_0261,2026-05-16 23:43:00,27.42,Electronics,POS
TXN_006258,CUST_0012,2026-05-15 22:49:00,30.6,Healthcare,Online
TXN_006259,CUST_0358,2026-02-07 12:29:00,15.4,Healthcare,ATM
TXN_006260,CUST_0082,2026-06-11 11:09:00,15.24,Utilities,Mobile
TXN_006261,CUST_0371,2026-01-16 03:16:00,18.34,Entertainment,Online
TXN_006262,CUST_0173,2026-01-13 07:22:00,11.57,Utilities,Online
TXN_006263,CUST_0028,2026-02-14 16:04:00,18.26,Shopping,POS
TXN_006264,CUST_0300,2026-05-03 06:06:00,4.23,Grocery,Mobile
TXN_006265,CUST_0019,2026-03-01 16:20:00,18.66,Entertainment,Mobile
TXN_006266,CUST_0163,2026-03-04 23:30:00,241.66,Travel,POS
TXN_006267,CUST_0073,2026-06-02 15:24:00,14.02,Utilities,ATM
TXN_006268,CUST_0261,2026-03-20 02:18:00,61.24,Shopping,Mobile
TXN_006269,CUST_0256,2026-01-04 22:59:00,13.25,Travel,POS
TXN_006270,CUST_0446,2026-02-12 09:12:00,7.06,Electronics,Mobile
TXN_006271,CUST_0469,2026-06-18 18:30:00,21.3,Healthcare,POS
TXN_006272,CUST_0124,2026-01-22 02:38:00,14.53,Healthcare,POS
TXN_006273,CUST_0140,2026-06-13 19:10:00,9.09,Restaurant,Online
TXN_006274,CUST_0137,2026-01-24 15:35:00,11.97,Healthcare,Mobile
TXN_006275,CUST_0167,2026-02-04 05:22:00,55.13,Travel,Online
TXN_006276,CUST_0365,2026-03-12 03:58:00,60.82,Healthcare,POS
TXN_006277,CUST_0319,2026-04-18 05:42:00,17.99,Travel,Online
TXN_006278,CUST_0052,2026-03-19 04:18:00,31.42,Shopping,POS
TXN_006279,CUST_0048,2026-01-31 01:06:00,80.21,Utilities,ATM
TXN_006280,CUST_0163,2026-01-28 05:38:00,27.77,Electronics,Online
TXN_006281,CUST_0056,2026-05-31 17:37:00,84.88,Entertainment,POS
TXN_006282,CUST_0082,2026-03-27 17:18:00,18.37,Utilities,Online
TXN_006283,CUST_0352,2026-06-14 04:26:00,77.89,Shopping,POS
TXN_006284,CUST_0444,2026-02-18 12:51:00,125.68,Healthcare,Online
TXN_006285,CUST_0025,2026-02-10 14:35:00,26.11,Entertainment,POS
TXN_006286,CUST_0355,2026-03-21 16:58:00,21.96,Entertainment,POS
TXN_006287,CUST_0044,2026-05-07 08:25:00,5.0,Utilities,Online
TXN_006288,CUST_0311,2026-06-27 20:22:00,74.84,Grocery,POS
TXN_006289,CUST_0500,2026-02-15 21:56:00,87.14,Travel,Online
TXN_006290,CUST_0114,2026-06-04 13:12:00,24.47,Electronics,Online
TXN_006291,CUST_0021,2026-04-30 19:04:00,105.67,Grocery,Mobile
TXN_006292,CUST_0194,2026-05-25 19:06:00,20.99,Shopping,Online
TXN_006293,CUST_0177,2026-04-12 17:48:00,168.53,Entertainment,ATM
TXN_006294,CUST_0343,2026-02-09 14:00:00,100.21,Healthcare,ATM
TXN_006295,CUST_0036,2026-06-07 07:19:00,27.96,Healthcare,ATM
TXN_006296,CUST_0158,2026-05-29 02:47:00,22.35,Utilities,POS
TXN_006297,CUST_0462,2026-01-05 04:05:00,23.62,Utilities,Online
TXN_006298,CUST_0239,2026-02-02 14:56:00,14.91,Grocery,POS
TXN_006299,CUST_0214,2026-02-12 08:07:00,90.56,Grocery,Online
TXN_006300,CUST_0479,2026-04-08 04:36:00,82.7,Healthcare,POS
TXN_006301,CUST_0479,2026-02-05 10:38:00,14.27,Restaurant,Mobile
TXN_006302,CUST_0026,2026-03-05 22:40:00,14.76,Utilities,Online
TXN_006303,CUST_0080,2026-02-16 08:12:00,64.98,Travel,Online
TXN_006304,CUST_0150,2026-04-30 14:56:00,5.68,Travel,Mobile
TXN_006305,CUST_0359,2026-03-19 11:14:00,23.84,Entertainment,POS
TXN_006306,CUST_0456,2026-05-25 00:08:00,445.8,Utilities,Mobile
TXN_006307,CUST_0069,2026-04-17 08:21:00,29.17,Restaurant,POS
TXN_006308,CUST_0452,2026-01-05 02:30:00,144.53,Entertainment,POS
TXN_006309,CUST_0365,2026-04-02 00:25:00,18.71,Utilities,POS
TXN_006310,CUST_0229,2026-05-25 21:10:00,256.63,Shopping,Online
TXN_006311,CUST_0473,2026-05-15 12:39:00,25.98,Travel,POS
TXN_006312,CUST_0349,2026-05-17 07:29:00,121.18,Restaurant,POS
TXN_006313,CUST_0383,2026-01-02 13:32:00,4.61,Restaurant,Mobile
TXN_006314,CUST_0308,2026-04-28 09:49:00,16.26,Shopping,POS
TXN_006315,CUST_0174,2026-03-25 03:44:00,31.99,Electronics,Online
TXN_006316,CUST_0267,2026-05-20 06:03:00,25.16,Utilities,Mobile
TXN_006317,CUST_0320,2026-03-07 02:58:00,88.04,Utilities,ATM
TXN_006318,CUST_0389,2026-05-15 11:17:00,23.34,Shopping,Mobile
TXN_006319,CUST_0329,2026-06-08 10:20:00,68.31,Travel,Online
TXN_006320,CUST_0392,2026-02-09 19:14:00,111.68,Restaurant,POS
TXN_006321,CUST_0471,2026-03-29 09:51:00,4.85,Grocery,Mobile
TXN_006322,CUST_0128,2026-02-15 22:14:00,19.37,Utilities,Online
TXN_006323,CUST_0032,2026-05-26 16:55:00,25.16,Grocery,Mobile
TXN_006324,CUST_0033,2026-06-27 15:33:00,47.97,Shopping,Online
TXN_006325,CUST_0049,2026-04-04 18:26:00,86.65,Entertainment,POS
TXN_006326,CUST_0092,2026-06-15 12:36:00,25.12,Electronics,ATM
TXN_006327,CUST_0008,2026-02-01 12:59:00,25.92,Restaurant,Online
TXN_006328,CUST_0378,2026-02-25 02:43:00,11.0,Grocery,Online
TXN_006329,CUST_0262,2026-05-29 21:22:00,30.36,Restaurant,Online
TXN_006330,CUST_0035,2026-06-21 18:08:00,56.99,Restaurant,POS
TXN_006331,CUST_0377,2026-01-11 12:31:00,35.03,Utilities,Mobile
TXN_006332,CUST_0428,2026-02-18 17:32:00,8.14,Utilities,Online
TXN_006333,CUST_0227,2026-05-09 11:10:00,35.24,Grocery,POS
TXN_006334,CUST_0011,2026-03-12 20:35:00,63.32,Electronics,Mobile
TXN_006335,CUST_0038,2026-01-30 09:11:00,120.09,Shopping,Online
TXN_006336,CUST_0362,2026-06-20 19:28:00,76.57,Utilities,Online
TXN_006337,CUST_0267,2026-05-20 16:04:00,55.65,Restaurant,POS
TXN_006338,CUST_0308,2026-04-08 11:42:00,33.22,Grocery,POS
TXN_006339,CUST_0490,2026-04-06 21:17:00,19.12,Travel,POS
TXN_006340,CUST_0221,2026-03-23 00:19:00,15.81,Grocery,Online
TXN_006341,CUST_0343,2026-05-10 02:13:00,43.22,Travel,Online
TXN_006342,CUST_0195,2026-06-21 12:05:00,31.24,Electronics,Online
TXN_006343,CUST_0245,2026-06-11 10:34:00,27.47,Travel,POS
TXN_006344,CUST_0315,2026-05-22 00:04:00,8.13,Grocery,ATM
TXN_006345,CUST_0242,2026-03-02 04:39:00,72.04,Healthcare,POS
TXN_006346,CUST_0253,2026-06-28 21:58:00,40.23,Shopping,POS
TXN_006347,CUST_0091,2026-06-20 06:13:00,61.36,Shopping,POS
TXN_006348,CUST_0051,2026-06-19 10:17:00,5.09,Utilities,Online
TXN_006349,CUST_0009,2026-01-27 00:08:00,74.21,Shopping,Online
TXN_006350,CUST_0339,2026-02-24 09:40:00,6.51,Electronics,ATM
TXN_006351,CUST_0339,2026-03-17 18:33:00,20.41,Shopping,POS
TXN_006352,CUST_0043,2026-05-30 09:11:00,55.36,Electronics,POS
TXN_006353,CUST_0091,2026-01-27 15:13:00,32.09,Utilities,POS
TXN_006354,CUST_0154,2026-03-03 22:37:00,15.06,Restaurant,Online
TXN_006355,CUST_0151,2026-04-30 10:49:00,29.31,Healthcare,Online
TXN_006356,CUST_0308,2026-01-08 14:23:00,16.36,Healthcare,Mobile
TXN_006357,CUST_0127,2026-04-04 02:38:00,106.99,Entertainment,Online
TXN_006358,CUST_0437,2026-01-15 05:38:00,29.91,Entertainment,POS
TXN_006359,CUST_0160,2026-04-11 08:52:00,44.68,Travel,Online
TXN_006360,CUST_0117,2026-01-05 18:24:00,4.33,Restaurant,Mobile
TXN_006361,CUST_0227,2026-06-21 10:38:00,13.77,Travel,POS
TXN_006362,CUST_0121,2026-02-14 07:04:00,39.28,Utilities,ATM
TXN_006363,CUST_0174,2026-02-21 16:32:00,34.28,Utilities,Online
TXN_006364,CUST_0497,2026-05-16 20:32:00,22.59,Travel,ATM
TXN_006365,CUST_0096,2026-01-21 06:37:00,296.42,Grocery,Mobile
TXN_006366,CUST_0062,2026-06-26 10:07:00,428.93,Shopping,ATM
TXN_006367,CUST_0027,2026-03-23 21:11:00,3.83,Grocery,Online
TXN_006368,CUST_0265,2026-06-09 19:36:00,43.21,Electronics,POS
TXN_006369,CUST_0059,2026-03-03 21:29:00,36.54,Travel,Mobile
TXN_006370,CUST_0305,2026-03-05 23:03:00,26.42,Utilities,Mobile
TXN_006371,CUST_0288,2026-01-21 05:14:00,216.47,Shopping,Mobile
TXN_006372,CUST_0412,2026-05-30 06:22:00,15.36,Electronics,Mobile
TXN_006373,CUST_0075,2026-03-04 02:50:00,348.87,Travel,ATM
TXN_006374,CUST_0447,2026-03-08 15:30:00,18.44,Electronics,POS
TXN_006375,CUST_0028,2026-03-23 01:10:00,48.35,Electronics,Online
TXN_006376,CUST_0031,2026-04-18 12:50:00,62.16,Healthcare,POS
TXN_006377,CUST_0358,2026-06-28 10:05:00,71.76,Shopping,Mobile
TXN_006378,CUST_0006,2026-06-26 19:33:00,21.69,Grocery,POS
TXN_006379,CUST_0324,2026-04-12 17:34:00,10.42,Travel,Mobile
TXN_006380,CUST_0453,2026-05-18 22:45:00,23.37,Entertainment,Mobile
TXN_006381,CUST_0307,2026-04-27 00:50:00,38.11,Grocery,POS
TXN_006382,CUST_0468,2026-01-10 21:43:00,51.18,Electronics,ATM
TXN_006383,CUST_0406,2026-02-12 20:46:00,162.85,Electronics,Online
TXN_006384,CUST_0440,2026-04-03 12:25:00,39.27,Shopping,ATM
TXN_006385,CUST_0240,2026-05-05 16:26:00,134.63,Travel,Mobile
TXN_006386,CUST_0384,2026-06-10 04:47:00,115.54,Grocery,POS
TXN_006387,CUST_0236,2026-04-06 20:49:00,233.85,Travel,Online
TXN_006388,CUST_0030,2026-04-04 21:26:00,9.54,Restaurant,POS
TXN_006389,CUST_0173,2026-02-02 20:32:00,60.66,Restaurant,POS
TXN_006390,CUST_0022,2026-04-28 19:11:00,13.9,Entertainment,POS
TXN_006391,CUST_0408,2026-01-31 02:04:00,9.61,Shopping,Mobile
TXN_006392,CUST_0281,2026-06-01 18:15:00,28.46,Electronics,POS
TXN_006393,CUST_0500,2026-04-02 23:12:00,28.69,Grocery,Online
TXN_006394,CUST_0001,2026-03-23 20:44:00,17.41,Entertainment,Online
TXN_006395,CUST_0064,2026-01-13 13:01:00,20.37,Travel,Mobile
TXN_006396,CUST_0216,2026-05-02 23:49:00,50.81,Entertainment,Mobile
TXN_006397,CUST_0141,2026-03-25 15:57:00,260.65,Entertainment,Online
TXN_006398,CUST_0279,2026-06-10 21:51:00,25.06,Utilities,Mobile
TXN_006399,CUST_0112,2026-02-15 03:47:00,7.52,Entertainment,POS
TXN_006400,CUST_0402,2026-01-08 08:43:00,38.75,Utilities,POS
TXN_006401,CUST_0377,2026-01-15 15:08:00,1.95,Restaurant,Mobile
TXN_006402,CUST_0220,2026-06-04 05:29:00,20.84,Restaurant,POS
TXN_006403,CUST_0115,2026-05-31 01:12:00,43.24,Travel,Mobile
TXN_006404,CUST_0299,2026-06-25 17:05:00,16.79,Travel,POS
TXN_006405,CUST_0169,2026-02-21 03:15:00,46.17,Electronics,Online
TXN_006406,CUST_0346,2026-02-03 23:00:00,62.76,Restaurant,Online
TXN_006407,CUST_0285,2026-04-01 11:23:00,63.36,Utilities,ATM
TXN_006408,CUST_0341,2026-02-11 16:19:00,110.38,Electronics,POS
TXN_006409,CUST_0453,2026-01-09 18:29:00,110.02,Entertainment,Online
TXN_006410,CUST_0018,2026-04-03 04:14:00,58.09,Travel,POS
TXN_006411,CUST_0399,2026-04-26 03:54:00,72.68,Utilities,Mobile
TXN_006412,CUST_0019,2026-05-13 01:43:00,199.85,Grocery,Online
TXN_006413,CUST_0042,2026-06-20 09:42:00,57.1,Utilities,POS
TXN_006414,CUST_0428,2026-02-28 23:05:00,7.43,Healthcare,Mobile
TXN_006415,CUST_0329,2026-03-18 19:49:00,22.65,Entertainment,Online
TXN_006416,CUST_0341,2026-02-05 20:51:00,37.18,Shopping,POS
TXN_006417,CUST_0342,2026-02-25 20:36:00,20.59,Grocery,Mobile
TXN_006418,CUST_0344,2026-05-25 05:32:00,29.22,Restaurant,POS
TXN_006419,CUST_0285,2026-03-16 16:29:00,56.28,Healthcare,POS
TXN_006420,CUST_0073,2026-02-04 19:38:00,22.23,Shopping,Mobile
TXN_006421,CUST_0228,2026-04-15 08:18:00,89.86,Utilities,Online
TXN_006422,CUST_0157,2026-03-03 02:55:00,116.37,Electronics,Online
TXN_006423,CUST_0358,2026-03-23 18:46:00,67.84,Shopping,POS
TXN_006424,CUST_0079,2026-05-08 13:35:00,18.83,Healthcare,ATM
TXN_006425,CUST_0207,2026-02-24 23:36:00,75.7,Utilities,Mobile
TXN_006426,CUST_0454,2026-01-03 21:30:00,14.9,Healthcare,Mobile
TXN_006427,CUST_0242,2026-06-13 15:10:00,566.58,Shopping,Online
TXN_006428,CUST_0256,2026-06-26 05:55:00,47.28,Restaurant,Mobile
TXN_006429,CUST_0040,2026-06-20 17:31:00,53.73,Utilities,POS
TXN_006430,CUST_0361,2026-01-26 07:27:00,123.6,Restaurant,Mobile
TXN_006431,CUST_0001,2026-01-13 07:57:00,12.52,Healthcare,POS
TXN_006432,CUST_0129,2026-04-28 08:42:00,279.68,Shopping,Online
TXN_006433,CUST_0183,2026-01-09 10:13:00,19.07,Shopping,Online
TXN_006434,CUST_0395,2026-06-20 07:41:00,36.96,Electronics,Online
TXN_006435,CUST_0478,2026-04-06 02:53:00,54.56,Utilities,Mobile
TXN_006436,CUST_0168,2026-03-29 21:05:00,19.65,Restaurant,POS
TXN_006437,CUST_0404,2026-05-09 17:52:00,18.67,Travel,POS
TXN_006438,CUST_0452,2026-04-25 11:39:00,155.31,Travel,POS
TXN_006439,CUST_0272,2026-02-04 22:16:00,44.59,Restaurant,POS
TXN_006440,CUST_0463,2026-02-15 06:31:00,60.75,Utilities,Mobile
TXN_006441,CUST_0377,2026-06-09 03:15:00,16.73,Restaurant,POS
TXN_006442,CUST_0458,2026-05-13 16:23:00,13.72,Shopping,POS
TXN_006443,CUST_0301,2026-05-19 16:42:00,19.43,Entertainment,Mobile
TXN_006444,CUST_0118,2026-04-03 10:33:00,30.6,Grocery,POS
TXN_006445,CUST_0399,2026-06-04 15:58:00,15.58,Utilities,Online
TXN_006446,CUST_0401,2026-03-14 07:36:00,8.8,Electronics,Mobile
TXN_006447,CUST_0064,2026-02-20 19:19:00,35.9,Entertainment,POS
TXN_006448,CUST_0474,2026-05-03 06:55:00,48.88,Electronics,Online
TXN_006449,CUST_0470,2026-02-06 07:50:00,136.44,Shopping,Online
TXN_006450,CUST_0343,2026-06-29 12:51:00,90.11,Healthcare,Mobile
TXN_006451,CUST_0154,2026-01-31 01:54:00,46.77,Electronics,POS
TXN_006452,CUST_0076,2026-05-10 11:03:00,44.08,Utilities,Online
TXN_006453,CUST_0168,2026-05-13 04:38:00,7.37,Utilities,Online
TXN_006454,CUST_0055,2026-06-12 18:03:00,31.1,Electronics,ATM
TXN_006455,CUST_0264,2026-05-07 02:37:00,100.28,Utilities,Online
TXN_006456,CUST_0482,2026-06-17 22:15:00,19.77,Grocery,Online
TXN_006457,CUST_0422,2026-06-06 20:57:00,105.03,Utilities,Mobile
TXN_006458,CUST_0284,2026-06-02 03:47:00,29.28,Electronics,Online
TXN_006459,CUST_0487,2026-02-02 11:59:00,11.09,Restaurant,POS
TXN_006460,CUST_0021,2026-01-25 00:23:00,51.17,Grocery,Online
TXN_006461,CUST_0289,2026-04-11 20:22:00,84.54,Entertainment,ATM
TXN_006462,CUST_0345,2026-01-26 00:03:00,17.19,Utilities,Online
TXN_006463,CUST_0035,2026-06-01 16:11:00,64.35,Shopping,POS
TXN_006464,CUST_0435,2026-06-22 16:20:00,112.92,Grocery,Online
TXN_006465,CUST_0264,2026-01-13 09:50:00,30.66,Restaurant,Online
TXN_006466,CUST_0396,2026-04-12 06:28:00,117.32,Shopping,Mobile
TXN_006467,CUST_0364,2026-03-01 22:01:00,18.92,Utilities,POS
TXN_006468,CUST_0206,2026-05-22 22:42:00,10.38,Electronics,Online
TXN_006469,CUST_0090,2026-03-29 22:14:00,9.97,Restaurant,POS
TXN_006470,CUST_0140,2026-04-12 19:00:00,4.13,Restaurant,Online
TXN_006471,CUST_0221,2026-05-09 17:26:00,28.17,Grocery,Online
TXN_006472,CUST_0389,2026-01-25 22:22:00,17.92,Restaurant,ATM
TXN_006473,CUST_0052,2026-01-03 18:54:00,5.66,Travel,Mobile
TXN_006474,CUST_0500,2026-03-25 08:15:00,16.11,Healthcare,Online
TXN_006475,CUST_0453,2026-05-17 21:48:00,10.78,Entertainment,Mobile
TXN_006476,CUST_0314,2026-06-23 02:06:00,7.6,Entertainment,Online
TXN_006477,CUST_0086,2026-03-23 02:19:00,38.24,Shopping,POS
TXN_006478,CUST_0393,2026-05-27 14:18:00,51.12,Shopping,POS
TXN_006479,CUST_0466,2026-06-22 20:00:00,14.44,Healthcare,POS
TXN_006480,CUST_0377,2026-06-05 16:11:00,5.17,Electronics,ATM
TXN_006481,CUST_0480,2026-02-27 07:06:00,32.21,Shopping,Mobile
TXN_006482,CUST_0070,2026-06-02 02:34:00,16.57,Shopping,POS
TXN_006483,CUST_0197,2026-04-07 10:24:00,15.08,Utilities,Online
TXN_006484,CUST_0461,2026-04-28 18:33:00,26.48,Utilities,POS
TXN_006485,CUST_0048,2026-02-21 08:17:00,76.07,Entertainment,Online
TXN_006486,CUST_0112,2026-02-19 16:00:00,25.24,Utilities,Online
TXN_006487,CUST_0166,2026-04-02 20:09:00,29.05,Grocery,Online
TXN_006488,CUST_0323,2026-04-03 16:21:00,38.84,Grocery,Online
TXN_006489,CUST_0221,2026-03-09 21:48:00,28.07,Grocery,ATM
TXN_006490,CUST_0459,2026-03-04 04:17:00,40.8,Healthcare,POS
TXN_006491,CUST_0256,2026-05-03 11:04:00,77.64,Utilities,ATM
TXN_006492,CUST_0205,2026-05-21 04:59:00,46.49,Entertainment,Mobile
TXN_006493,CUST_0390,2026-01-18 13:59:00,135.28,Electronics,Online
TXN_006494,CUST_0423,2026-03-02 07:26:00,25.2,Grocery,Online
TXN_006495,CUST_0026,2026-05-17 03:18:00,29.89,Restaurant,POS
TXN_006496,CUST_0295,2026-02-12 09:51:00,112.26,Restaurant,POS
TXN_006497,CUST_0328,2026-06-18 05:34:00,47.55,Healthcare,Online
TXN_006498,CUST_0345,2026-01-03 17:11:00,31.76,Healthcare,POS
TXN_006499,CUST_0466,2026-05-18 00:31:00,166.89,Grocery,POS
TXN_006500,CUST_0317,2026-01-05 11:20:00,94.47,Electronics,ATM
TXN_006501,CUST_0194,2026-03-26 04:57:00,198.02,Entertainment,Mobile
TXN_006502,CUST_0250,2026-06-29 16:13:00,5.24,Utilities,POS
TXN_006503,CUST_0240,2026-04-04 16:48:00,675.9,Travel,POS
TXN_006504,CUST_0120,2026-04-01 15:51:00,51.32,Restaurant,POS
TXN_006505,CUST_0070,2026-03-28 03:32:00,35.38,Utilities,POS
TXN_006506,CUST_0016,2026-06-24 19:59:00,144.05,Grocery,ATM
TXN_006507,CUST_0102,2026-02-04 13:29:00,31.87,Healthcare,Online
TXN_006508,CUST_0037,2026-06-11 03:58:00,21.41,Shopping,POS
TXN_006509,CUST_0114,2026-03-13 08:14:00,164.58,Shopping,ATM
TXN_006510,CUST_0023,2026-02-12 01:15:00,35.63,Grocery,POS
TXN_006511,CUST_0466,2026-05-11 10:13:00,185.8,Restaurant,Online
TXN_006512,CUST_0156,2026-02-21 03:43:00,34.94,Healthcare,POS
TXN_006513,CUST_0132,2026-05-15 05:18:00,11.65,Travel,Online
TXN_006514,CUST_0300,2026-05-21 16:51:00,50.81,Healthcare,ATM
TXN_006515,CUST_0241,2026-05-12 00:06:00,5.12,Restaurant,ATM
TXN_006516,CUST_0070,2026-03-06 18:23:00,23.49,Entertainment,Online
TXN_006517,CUST_0354,2026-05-28 13:22:00,14.59,Electronics,Online
TXN_006518,CUST_0385,2026-01-02 19:27:00,17.38,Travel,POS
TXN_006519,CUST_0167,2026-05-08 01:35:00,22.59,Utilities,Mobile
TXN_006520,CUST_0012,2026-03-25 05:08:00,118.08,Entertainment,Online
TXN_006521,CUST_0019,2026-04-16 05:21:00,21.1,Restaurant,POS
TXN_006522,CUST_0059,2026-03-22 23:15:00,138.93,Healthcare,Mobile
TXN_006523,CUST_0058,2026-05-01 09:08:00,55.39,Entertainment,POS
TXN_006524,CUST_0182,2026-01-30 02:40:00,20.98,Grocery,POS
TXN_006525,CUST_0142,2026-03-30 04:35:00,90.02,Healthcare,POS
TXN_006526,CUST_0299,2026-01-09 22:53:00,19.55,Electronics,Online
TXN_006527,CUST_0042,2026-03-19 22:42:00,5.53,Electronics,POS
TXN_006528,CUST_0423,2026-03-03 03:49:00,3.3,Utilities,Online
TXN_006529,CUST_0458,2026-04-06 06:02:00,81.86,Healthcare,POS
TXN_006530,CUST_0167,2026-06-17 02:55:00,79.23,Shopping,POS
TXN_006531,CUST_0033,2026-05-22 16:46:00,37.85,Shopping,POS
TXN_006532,CUST_0464,2026-04-13 11:36:00,16.72,Shopping,Mobile
TXN_006533,CUST_0113,2026-01-08 02:00:00,71.21,Travel,POS
TXN_006534,CUST_0135,2026-03-20 17:33:00,286.69,Shopping,ATM
TXN_006535,CUST_0386,2026-01-20 18:44:00,6.52,Electronics,POS
TXN_006536,CUST_0259,2026-05-29 00:07:00,3.24,Utilities,Online
TXN_006537,CUST_0013,2026-01-06 22:40:00,67.06,Electronics,POS
TXN_006538,CUST_0424,2026-01-28 10:17:00,11.43,Healthcare,Online
TXN_006539,CUST_0383,2026-05-10 11:20:00,26.23,Travel,POS
TXN_006540,CUST_0462,2026-06-24 00:05:00,8.65,Electronics,Online
TXN_006541,CUST_0325,2026-05-28 05:01:00,43.34,Restaurant,ATM
TXN_006542,CUST_0205,2026-06-05 17:17:00,143.15,Travel,Mobile
TXN_006543,CUST_0026,2026-05-08 01:12:00,42.98,Shopping,POS
TXN_006544,CUST_0036,2026-05-27 12:22:00,17.89,Entertainment,Mobile
TXN_006545,CUST_0211,2026-01-09 18:54:00,28.5,Restaurant,Online
TXN_006546,CUST_0344,2026-06-22 12:13:00,21.21,Utilities,Mobile
TXN_006547,CUST_0244,2026-06-16 16:46:00,37.25,Utilities,Online
TXN_006548,CUST_0389,2026-02-03 03:36:00,5.5,Utilities,Online
TXN_006549,CUST_0119,2026-05-17 07:55:00,27.53,Travel,Mobile
TXN_006550,CUST_0487,2026-02-17 11:55:00,27.41,Grocery,Mobile
TXN_006551,CUST_0346,2026-02-18 23:07:00,17.2,Shopping,POS
TXN_006552,CUST_0472,2026-06-06 04:55:00,40.63,Shopping,Online
TXN_006553,CUST_0283,2026-02-03 16:39:00,180.7,Restaurant,Mobile
TXN_006554,CUST_0402,2026-04-05 19:53:00,241.63,Electronics,Mobile
TXN_006555,CUST_0066,2026-04-22 02:06:00,30.47,Shopping,Online
TXN_006556,CUST_0402,2026-05-28 16:20:00,6.17,Shopping,Online
TXN_006557,CUST_0184,2026-02-08 18:13:00,31.2,Restaurant,POS
TXN_006558,CUST_0256,2026-05-06 08:03:00,232.02,Utilities,POS
TXN_006559,CUST_0384,2026-02-28 18:47:00,12.3,Restaurant,Mobile
TXN_006560,CUST_0342,2026-02-06 02:46:00,29.61,Shopping,Online
TXN_006561,CUST_0081,2026-05-05 06:23:00,7.04,Restaurant,Online
TXN_006562,CUST_0281,2026-06-11 16:56:00,46.98,Grocery,POS
TXN_006563,CUST_0206,2026-06-09 10:46:00,58.43,Restaurant,POS
TXN_006564,CUST_0359,2026-01-23 15:08:00,74.37,Restaurant,Online
TXN_006565,CUST_0221,2026-06-10 12:34:00,53.43,Travel,ATM
TXN_006566,CUST_0373,2026-04-03 23:59:00,34.25,Entertainment,Online
TXN_006567,CUST_0500,2026-05-02 10:52:00,73.31,Travel,Online
TXN_006568,CUST_0095,2026-01-12 02:43:00,29.58,Entertainment,Online
TXN_006569,CUST_0251,2026-06-09 20:10:00,144.66,Utilities,Mobile
TXN_006570,CUST_0089,2026-01-28 20:14:00,19.87,Electronics,Mobile
TXN_006571,CUST_0491,2026-04-12 21:10:00,136.11,Travel,Online
TXN_006572,CUST_0355,2026-02-07 18:16:00,50.33,Travel,Online
TXN_006573,CUST_0042,2026-02-15 05:10:00,4.24,Utilities,Online
TXN_006574,CUST_0369,2026-01-09 15:47:00,95.4,Utilities,Online
TXN_006575,CUST_0120,2026-03-07 03:57:00,50.26,Grocery,POS
TXN_006576,CUST_0114,2026-06-06 13:56:00,164.54,Electronics,POS
TXN_006577,CUST_0013,2026-01-04 01:48:00,49.84,Healthcare,ATM
TXN_006578,CUST_0019,2026-06-21 11:41:00,21.43,Electronics,POS
TXN_006579,CUST_0160,2026-06-17 23:00:00,28.0,Travel,Mobile
TXN_006580,CUST_0120,2026-04-03 20:34:00,12.68,Electronics,POS
TXN_006581,CUST_0410,2026-04-17 15:54:00,41.09,Shopping,ATM
TXN_006582,CUST_0407,2026-02-22 01:15:00,9.0,Grocery,POS
TXN_006583,CUST_0368,2026-05-07 08:17:00,13.13,Electronics,ATM
TXN_006584,CUST_0193,2026-04-25 07:12:00,80.65,Electronics,Online
TXN_006585,CUST_0115,2026-02-21 03:57:00,39.93,Shopping,Mobile
TXN_006586,CUST_0040,2026-05-04 17:16:00,75.15,Restaurant,Mobile
TXN_006587,CUST_0485,2026-01-28 12:12:00,50.87,Restaurant,POS
TXN_006588,CUST_0252,2026-05-06 07:16:00,40.24,Entertainment,Online
TXN_006589,CUST_0318,2026-06-09 05:15:00,12.55,Shopping,POS
TXN_006590,CUST_0499,2026-02-13 11:18:00,9.57,Healthcare,Online
TXN_006591,CUST_0498,2026-01-09 12:59:00,6.42,Grocery,POS
TXN_006592,CUST_0477,2026-06-13 09:42:00,23.86,Utilities,Mobile
TXN_006593,CUST_0342,2026-03-16 18:03:00,37.57,Electronics,Online
TXN_006594,CUST_0372,2026-06-11 19:52:00,12.37,Restaurant,Mobile
TXN_006595,CUST_0371,2026-01-25 11:56:00,36.21,Electronics,Online
TXN_006596,CUST_0097,2026-05-29 17:45:00,145.6,Electronics,Online
TXN_006597,CUST_0284,2026-03-20 12:57:00,14.13,Utilities,Mobile
TXN_006598,CUST_0074,2026-03-23 02:13:00,42.08,Electronics,Online
TXN_006599,CUST_0416,2026-02-15 05:06:00,7.24,Entertainment,POS
TXN_006600,CUST_0080,2026-03-27 18:22:00,39.55,Travel,ATM
TXN_006601,CUST_0370,2026-04-25 15:05:00,10.8,Electronics,POS
TXN_006602,CUST_0414,2026-03-25 03:14:00,18.1,Grocery,Mobile
TXN_006603,CUST_0283,2026-03-19 13:32:00,18.56,Restaurant,Mobile
TXN_006604,CUST_0426,2026-04-09 14:36:00,37.19,Shopping,ATM
TXN_006605,CUST_0035,2026-03-16 23:52:00,161.72,Healthcare,POS
TXN_006606,CUST_0144,2026-06-19 01:15:00,32.5,Healthcare,POS
TXN_006607,CUST_0314,2026-01-14 02:54:00,38.11,Electronics,ATM
TXN_006608,CUST_0118,2026-05-18 17:54:00,46.34,Restaurant,POS
TXN_006609,CUST_0496,2026-04-12 12:52:00,382.79,Restaurant,Online
TXN_006610,CUST_0089,2026-05-31 05:49:00,7.65,Healthcare,POS
TXN_006611,CUST_0297,2026-05-05 20:01:00,18.73,Healthcare,POS
TXN_006612,CUST_0037,2026-03-27 13:48:00,20.12,Entertainment,POS
TXN_006613,CUST_0125,2026-06-25 02:19:00,97.42,Utilities,ATM
TXN_006614,CUST_0181,2026-01-18 07:23:00,32.44,Restaurant,Online
TXN_006615,CUST_0180,2026-03-30 22:02:00,50.98,Utilities,POS
TXN_006616,CUST_0480,2026-03-17 18:16:00,13.83,Utilities,Online
TXN_006617,CUST_0274,2026-02-04 04:53:00,145.7,Travel,POS
TXN_006618,CUST_0471,2026-02-10 19:56:00,14.61,Shopping,POS
TXN_006619,CUST_0179,2026-06-07 13:49:00,127.6,Entertainment,POS
TXN_006620,CUST_0459,2026-05-05 04:43:00,10.15,Healthcare,POS
TXN_006621,CUST_0349,2026-03-12 19:19:00,67.43,Restaurant,ATM
TXN_006622,CUST_0495,2026-06-13 18:48:00,13.61,Healthcare,Online
TXN_006623,CUST_0081,2026-01-17 21:57:00,46.59,Utilities,ATM
TXN_006624,CUST_0081,2026-05-21 07:00:00,18.15,Restaurant,ATM
TXN_006625,CUST_0411,2026-01-11 01:10:00,9.96,Shopping,ATM
TXN_006626,CUST_0090,2026-01-14 21:46:00,14.33,Utilities,Mobile
TXN_006627,CUST_0072,2026-04-02 18:38:00,28.79,Restaurant,Mobile
TXN_006628,CUST_0343,2026-05-22 11:31:00,131.26,Electronics,Mobile
TXN_006629,CUST_0111,2026-01-10 21:28:00,56.87,Utilities,Online
TXN_006630,CUST_0372,2026-03-01 01:28:00,3.15,Grocery,POS
TXN_006631,CUST_0160,2026-03-02 19:27:00,59.45,Electronics,ATM
TXN_006632,CUST_0140,2026-01-08 19:06:00,11.97,Grocery,Mobile
TXN_006633,CUST_0475,2026-06-16 13:08:00,1.18,Entertainment,Online
TXN_006634,CUST_0385,2026-04-14 08:22:00,17.35,Grocery,Online
TXN_006635,CUST_0038,2026-04-22 10:53:00,115.7,Entertainment,Mobile
TXN_006636,CUST_0106,2026-05-21 09:34:00,10.25,Healthcare,Online
TXN_006637,CUST_0038,2026-03-07 02:41:00,116.68,Healthcare,Online
TXN_006638,CUST_0461,2026-01-23 19:52:00,68.31,Utilities,ATM
TXN_006639,CUST_0255,2026-06-15 05:37:00,48.53,Electronics,POS
TXN_006640,CUST_0102,2026-06-21 03:29:00,116.88,Travel,Mobile
TXN_006641,CUST_0391,2026-04-22 13:54:00,257.25,Entertainment,Mobile
TXN_006642,CUST_0321,2026-01-16 14:29:00,74.76,Travel,POS
TXN_006643,CUST_0343,2026-02-15 05:01:00,12.74,Entertainment,Mobile
TXN_006644,CUST_0459,2026-05-04 18:13:00,45.73,Travel,Online
TXN_006645,CUST_0269,2026-03-12 01:27:00,26.65,Restaurant,Online
TXN_006646,CUST_0124,2026-06-25 22:09:00,23.53,Entertainment,Online
TXN_006647,CUST_0348,2026-04-30 14:32:00,30.86,Entertainment,POS
TXN_006648,CUST_0355,2026-01-11 11:43:00,39.84,Travel,POS
TXN_006649,CUST_0302,2026-02-17 23:32:00,37.38,Grocery,POS
TXN_006650,CUST_0137,2026-01-12 00:53:00,19.02,Healthcare,POS
TXN_006651,CUST_0145,2026-03-11 11:45:00,61.14,Entertainment,Online
TXN_006652,CUST_0445,2026-03-16 00:17:00,44.31,Travel,Online
TXN_006653,CUST_0213,2026-03-29 15:14:00,44.49,Utilities,Mobile
TXN_006654,CUST_0237,2026-01-01 10:45:00,74.99,Utilities,Online
TXN_006655,CUST_0379,2026-03-25 10:04:00,13.81,Grocery,Mobile
TXN_006656,CUST_0364,2026-01-22 09:22:00,12.49,Travel,Online
TXN_006657,CUST_0464,2026-03-30 03:56:00,22.77,Grocery,Online
TXN_006658,CUST_0328,2026-02-08 11:07:00,105.74,Travel,POS
TXN_006659,CUST_0330,2026-05-15 00:48:00,41.92,Shopping,Mobile
TXN_006660,CUST_0269,2026-05-27 00:50:00,9.55,Travel,Online
TXN_006661,CUST_0413,2026-03-01 02:16:00,52.03,Entertainment,Mobile
TXN_006662,CUST_0390,2026-03-19 14:58:00,10.45,Electronics,POS
TXN_006663,CUST_0402,2026-04-02 16:24:00,124.8,Healthcare,Online
TXN_006664,CUST_0349,2026-01-09 16:41:00,15.39,Healthcare,Mobile
TXN_006665,CUST_0155,2026-05-25 12:48:00,22.26,Electronics,Mobile
TXN_006666,CUST_0411,2026-06-10 15:35:00,27.73,Entertainment,Online
TXN_006667,CUST_0063,2026-04-20 10:37:00,280.83,Travel,POS
TXN_006668,CUST_0049,2026-01-28 12:52:00,58.07,Shopping,Mobile
TXN_006669,CUST_0252,2026-02-28 05:02:00,29.27,Shopping,POS
TXN_006670,CUST_0115,2026-03-06 00:46:00,66.1,Electronics,Online
TXN_006671,CUST_0259,2026-04-17 19:44:00,11.42,Shopping,Online
TXN_006672,CUST_0150,2026-01-22 04:28:00,64.01,Healthcare,Mobile
TXN_006673,CUST_0014,2026-03-14 15:33:00,39.23,Shopping,Online
TXN_006674,CUST_0117,2026-06-21 16:22:00,118.48,Healthcare,Online
TXN_006675,CUST_0304,2026-06-25 15:43:00,5.78,Healthcare,Mobile
TXN_006676,CUST_0216,2026-04-26 17:31:00,21.56,Shopping,Mobile
TXN_006677,CUST_0284,2026-02-07 02:06:00,20.42,Electronics,POS
TXN_006678,CUST_0312,2026-01-21 00:45:00,113.56,Healthcare,Mobile
TXN_006679,CUST_0288,2026-02-27 19:02:00,18.89,Shopping,Mobile
TXN_006680,CUST_0463,2026-05-28 07:09:00,129.76,Entertainment,POS
TXN_006681,CUST_0165,2026-01-01 05:57:00,83.52,Entertainment,POS
TXN_006682,CUST_0285,2026-04-13 16:34:00,25.39,Entertainment,POS
TXN_006683,CUST_0227,2026-04-24 22:44:00,91.04,Electronics,ATM
TXN_006684,CUST_0477,2026-02-27 01:29:00,73.95,Healthcare,ATM
TXN_006685,CUST_0022,2026-02-25 04:53:00,48.67,Travel,POS
TXN_006686,CUST_0337,2026-05-22 20:15:00,37.23,Utilities,POS
TXN_006687,CUST_0412,2026-03-30 08:10:00,9.77,Utilities,Online
TXN_006688,CUST_0157,2026-01-14 22:23:00,17.94,Healthcare,Online
TXN_006689,CUST_0130,2026-06-28 22:56:00,21.75,Shopping,POS
TXN_006690,CUST_0209,2026-05-16 17:03:00,108.41,Travel,ATM
TXN_006691,CUST_0104,2026-02-11 05:11:00,28.18,Restaurant,Mobile
TXN_006692,CUST_0458,2026-06-08 09:08:00,20.61,Restaurant,POS
TXN_006693,CUST_0117,2026-04-27 12:54:00,14.68,Shopping,ATM
TXN_006694,CUST_0160,2026-03-28 05:17:00,85.47,Travel,POS
TXN_006695,CUST_0416,2026-03-22 10:59:00,10.49,Utilities,ATM
TXN_006696,CUST_0221,2026-03-01 09:51:00,7.45,Restaurant,Mobile
TXN_006697,CUST_0263,2026-05-31 16:46:00,72.88,Travel,POS
TXN_006698,CUST_0134,2026-03-10 23:26:00,100.36,Entertainment,Online
TXN_006699,CUST_0450,2026-04-24 18:57:00,66.04,Utilities,POS
TXN_006700,CUST_0256,2026-02-13 00:19:00,75.32,Entertainment,Mobile
TXN_006701,CUST_0458,2026-04-06 17:20:00,37.97,Grocery,POS
TXN_006702,CUST_0335,2026-02-14 00:52:00,13.74,Entertainment,POS
TXN_006703,CUST_0226,2026-06-07 02:27:00,15.84,Electronics,Mobile
TXN_006704,CUST_0159,2026-05-19 17:32:00,5.54,Travel,Online
TXN_006705,CUST_0248,2026-01-01 06:43:00,25.8,Travel,Online
TXN_006706,CUST_0306,2026-03-19 19:35:00,28.17,Grocery,ATM
TXN_006707,CUST_0233,2026-04-21 10:00:00,3.19,Grocery,POS
TXN_006708,CUST_0488,2026-05-31 23:57:00,8.0,Entertainment,Mobile
TXN_006709,CUST_0316,2026-02-13 02:34:00,34.98,Grocery,POS
TXN_006710,CUST_0499,2026-02-04 13:04:00,14.99,Travel,POS
TXN_006711,CUST_0444,2026-02-24 13:56:00,54.69,Travel,Online
TXN_006712,CUST_0297,2026-01-03 20:47:00,30.39,Utilities,Mobile
TXN_006713,CUST_0283,2026-04-13 12:21:00,4.91,Electronics,Online
TXN_006714,CUST_0103,2026-03-04 05:36:00,15.02,Shopping,Online
TXN_006715,CUST_0090,2026-01-21 18:28:00,5.82,Utilities,POS
TXN_006716,CUST_0319,2026-01-26 21:29:00,136.91,Utilities,Online
TXN_006717,CUST_0247,2026-04-08 22:20:00,44.6,Grocery,Online
TXN_006718,CUST_0095,2026-05-22 17:46:00,26.76,Shopping,POS
TXN_006719,CUST_0005,2026-01-12 19:56:00,39.81,Restaurant,POS
TXN_006720,CUST_0497,2026-01-08 04:01:00,13.6,Entertainment,POS
TXN_006721,CUST_0481,2026-05-24 04:26:00,137.06,Restaurant,Online
TXN_006722,CUST_0093,2026-04-03 21:28:00,91.16,Healthcare,Online
TXN_006723,CUST_0429,2026-03-08 22:51:00,37.4,Utilities,POS
TXN_006724,CUST_0263,2026-03-22 02:17:00,40.32,Restaurant,Mobile
TXN_006725,CUST_0368,2026-02-08 07:49:00,39.42,Utilities,POS
TXN_006726,CUST_0119,2026-01-03 09:54:00,26.36,Shopping,POS
TXN_006727,CUST_0258,2026-06-28 15:42:00,26.62,Utilities,Online
TXN_006728,CUST_0327,2026-05-23 04:29:00,19.84,Utilities,Online
TXN_006729,CUST_0193,2026-01-06 05:46:00,130.2,Healthcare,POS
TXN_006730,CUST_0380,2026-05-22 00:54:00,15.34,Restaurant,Online
TXN_006731,CUST_0450,2026-01-07 12:30:00,569.85,Utilities,Online
TXN_006732,CUST_0498,2026-05-01 15:39:00,62.6,Entertainment,Mobile
TXN_006733,CUST_0006,2026-04-09 18:39:00,80.81,Utilities,POS
TXN_006734,CUST_0078,2026-01-25 07:51:00,3.76,Entertainment,Mobile
TXN_006735,CUST_0403,2026-02-25 09:24:00,21.24,Entertainment,Online
TXN_006736,CUST_0172,2026-01-02 07:22:00,39.03,Entertainment,Online
TXN_006737,CUST_0044,2026-06-23 07:10:00,152.24,Healthcare,Online
TXN_006738,CUST_0488,2026-04-23 03:22:00,156.59,Shopping,ATM
TXN_006739,CUST_0297,2026-01-21 08:52:00,67.59,Travel,Mobile
TXN_006740,CUST_0142,2026-04-13 21:19:00,72.79,Restaurant,Online
TXN_006741,CUST_0407,2026-03-16 13:29:00,12.43,Entertainment,Mobile
TXN_006742,CUST_0046,2026-05-27 21:21:00,31.02,Utilities,Mobile
TXN_006743,CUST_0150,2026-01-12 23:59:00,3.17,Electronics,POS
TXN_006744,CUST_0455,2026-04-21 11:12:00,19.85,Electronics,POS
TXN_006745,CUST_0270,2026-02-26 21:50:00,13.17,Healthcare,POS
TXN_006746,CUST_0332,2026-03-20 06:11:00,61.22,Restaurant,POS
TXN_006747,CUST_0384,2026-04-23 18:26:00,26.84,Entertainment,Online
TXN_006748,CUST_0351,2026-05-14 02:04:00,22.91,Travel,Online
TXN_006749,CUST_0087,2026-03-23 05:29:00,4.51,Travel,POS
TXN_006750,CUST_0167,2026-04-05 06:04:00,61.8,Shopping,POS
TXN_006751,CUST_0382,2026-01-02 10:35:00,17.67,Grocery,POS
TXN_006752,CUST_0271,2026-05-25 19:17:00,8.22,Healthcare,POS
TXN_006753,CUST_0029,2026-02-16 23:25:00,13.23,Electronics,ATM
TXN_006754,CUST_0086,2026-02-16 10:16:00,275.5,Entertainment,Online
TXN_006755,CUST_0379,2026-03-07 02:25:00,139.02,Entertainment,Online
TXN_006756,CUST_0327,2026-02-12 08:46:00,28.16,Shopping,Online
TXN_006757,CUST_0488,2026-05-02 03:16:00,14.43,Shopping,Mobile
TXN_006758,CUST_0201,2026-04-03 23:24:00,11.79,Shopping,Online
TXN_006759,CUST_0046,2026-01-04 02:22:00,11.62,Entertainment,POS
TXN_006760,CUST_0377,2026-03-19 17:46:00,22.53,Entertainment,POS
TXN_006761,CUST_0188,2026-01-13 19:24:00,36.37,Healthcare,POS
TXN_006762,CUST_0315,2026-03-03 12:58:00,33.12,Utilities,Online
TXN_006763,CUST_0267,2026-01-31 00:11:00,3.21,Electronics,Online
TXN_006764,CUST_0445,2026-02-14 12:04:00,67.01,Utilities,POS
TXN_006765,CUST_0217,2026-01-30 19:56:00,16.45,Healthcare,Mobile
TXN_006766,CUST_0060,2026-04-11 13:32:00,25.63,Shopping,Mobile
TXN_006767,CUST_0062,2026-03-01 18:38:00,5.93,Healthcare,Online
TXN_006768,CUST_0260,2026-05-08 21:35:00,15.41,Electronics,Online
TXN_006769,CUST_0101,2026-05-17 00:16:00,11.17,Entertainment,Online
TXN_006770,CUST_0467,2026-03-16 19:53:00,40.98,Entertainment,Mobile
TXN_006771,CUST_0300,2026-04-27 10:26:00,7.73,Entertainment,POS
TXN_006772,CUST_0288,2026-03-03 06:09:00,102.69,Electronics,POS
TXN_006773,CUST_0067,2026-06-06 23:22:00,93.28,Entertainment,Mobile
TXN_006774,CUST_0321,2026-04-17 10:35:00,46.74,Shopping,Online
TXN_006775,CUST_0187,2026-03-19 03:04:00,13.57,Shopping,Online
TXN_006776,CUST_0044,2026-05-20 10:37:00,37.76,Utilities,Mobile
TXN_006777,CUST_0224,2026-06-12 03:53:00,46.68,Healthcare,Mobile
TXN_006778,CUST_0041,2026-01-10 17:02:00,70.49,Restaurant,POS
TXN_006779,CUST_0332,2026-01-26 11:46:00,117.26,Utilities,Mobile
TXN_006780,CUST_0464,2026-06-28 14:09:00,26.64,Restaurant,POS
TXN_006781,CUST_0298,2026-01-06 18:18:00,38.7,Restaurant,Mobile
TXN_006782,CUST_0219,2026-06-18 01:54:00,29.49,Healthcare,Online
TXN_006783,CUST_0486,2026-04-21 05:49:00,190.97,Grocery,POS
TXN_006784,CUST_0185,2026-04-11 05:44:00,12.29,Grocery,Online
TXN_006785,CUST_0053,2026-05-04 08:06:00,342.15,Entertainment,Online
TXN_006786,CUST_0367,2026-01-11 14:26:00,10.54,Grocery,POS
TXN_006787,CUST_0453,2026-03-25 02:53:00,9.57,Healthcare,POS
TXN_006788,CUST_0055,2026-03-28 07:31:00,118.09,Healthcare,Online
TXN_006789,CUST_0286,2026-02-07 03:27:00,32.75,Utilities,Online
TXN_006790,CUST_0214,2026-03-05 02:05:00,134.87,Electronics,POS
TXN_006791,CUST_0340,2026-03-14 05:54:00,44.09,Travel,POS
TXN_006792,CUST_0097,2026-03-02 14:55:00,11.16,Healthcare,Online
TXN_006793,CUST_0231,2026-03-12 04:45:00,24.02,Shopping,Online
TXN_006794,CUST_0364,2026-06-19 21:16:00,96.1,Restaurant,POS
TXN_006795,CUST_0244,2026-04-21 05:01:00,228.0,Restaurant,Mobile
TXN_006796,CUST_0367,2026-06-03 06:13:00,31.38,Restaurant,Online
TXN_006797,CUST_0458,2026-05-24 04:26:00,11.22,Electronics,Online
TXN_006798,CUST_0401,2026-05-14 13:36:00,12.77,Electronics,Online
TXN_006799,CUST_0108,2026-01-04 04:10:00,198.17,Restaurant,POS
TXN_006800,CUST_0061,2026-02-24 10:21:00,21.08,Entertainment,ATM
TXN_006801,CUST_0095,2026-01-31 05:32:00,161.2,Restaurant,Mobile
TXN_006802,CUST_0025,2026-01-31 16:28:00,36.05,Entertainment,Online
TXN_006803,CUST_0364,2026-01-21 14:32:00,629.28,Restaurant,Mobile
TXN_006804,CUST_0074,2026-04-27 04:43:00,12.16,Healthcare,POS
TXN_006805,CUST_0460,2026-01-15 08:13:00,17.83,Shopping,Online
TXN_006806,CUST_0196,2026-01-25 10:45:00,21.01,Shopping,ATM
TXN_006807,CUST_0308,2026-05-21 21:13:00,50.78,Grocery,Mobile
TXN_006808,CUST_0458,2026-04-03 07:09:00,32.69,Restaurant,Mobile
TXN_006809,CUST_0004,2026-02-06 22:38:00,345.99,Shopping,Mobile
TXN_006810,CUST_0238,2026-02-01 14:27:00,63.84,Electronics,Online
TXN_006811,CUST_0053,2026-03-30 03:05:00,9.45,Healthcare,Online
TXN_006812,CUST_0015,2026-05-03 09:58:00,90.75,Grocery,ATM
TXN_006813,CUST_0180,2026-05-01 06:00:00,2649.3,Travel,Online
TXN_006814,CUST_0487,2026-01-22 13:32:00,41.11,Utilities,Mobile
TXN_006815,CUST_0372,2026-02-15 00:42:00,21.5,Utilities,Online
TXN_006816,CUST_0416,2026-03-18 23:42:00,13.98,Shopping,POS
TXN_006817,CUST_0437,2026-04-10 08:23:00,55.69,Utilities,POS
TXN_006818,CUST_0035,2026-03-05 16:13:00,60.53,Entertainment,Online
TXN_006819,CUST_0382,2026-02-28 22:59:00,41.11,Utilities,POS
TXN_006820,CUST_0052,2026-01-29 18:05:00,82.17,Utilities,POS
TXN_006821,CUST_0449,2026-04-24 03:20:00,24.13,Utilities,Mobile
TXN_006822,CUST_0387,2026-06-07 05:40:00,26.87,Restaurant,POS
TXN_006823,CUST_0001,2026-03-25 00:44:00,12.76,Entertainment,ATM
TXN_006824,CUST_0248,2026-04-26 07:13:00,24.0,Electronics,Online
TXN_006825,CUST_0403,2026-03-12 17:58:00,9.25,Healthcare,ATM
TXN_006826,CUST_0092,2026-06-19 11:33:00,38.54,Shopping,Mobile
TXN_006827,CUST_0339,2026-06-02 13:34:00,45.6,Shopping,POS
TXN_006828,CUST_0345,2026-05-11 18:27:00,56.16,Travel,Mobile
TXN_006829,CUST_0229,2026-01-16 10:03:00,20.06,Travel,POS
TXN_006830,CUST_0324,2026-02-01 16:42:00,11.93,Healthcare,POS
TXN_006831,CUST_0183,2026-02-08 05:32:00,67.14,Entertainment,Online
TXN_006832,CUST_0438,2026-02-01 19:13:00,55.16,Entertainment,Online
TXN_006833,CUST_0266,2026-03-05 11:38:00,35.86,Travel,POS
TXN_006834,CUST_0418,2026-01-04 01:30:00,28.69,Travel,Mobile
TXN_006835,CUST_0021,2026-04-07 23:54:00,71.72,Grocery,POS
TXN_006836,CUST_0052,2026-03-22 06:46:00,6.52,Grocery,Mobile
TXN_006837,CUST_0335,2026-02-27 01:52:00,4.39,Healthcare,Online
TXN_006838,CUST_0459,2026-05-26 15:56:00,10.59,Travel,Mobile
TXN_006839,CUST_0438,2026-06-19 18:07:00,11.84,Travel,Mobile
TXN_006840,CUST_0292,2026-04-01 06:54:00,5.3,Restaurant,ATM
TXN_006841,CUST_0298,2026-03-22 02:57:00,74.18,Healthcare,ATM
TXN_006842,CUST_0461,2026-03-12 11:10:00,73.58,Travel,POS
TXN_006843,CUST_0409,2026-05-29 06:45:00,28.84,Healthcare,POS
TXN_006844,CUST_0308,2026-05-02 09:28:00,17.14,Healthcare,POS
TXN_006845,CUST_0214,2026-05-05 05:10:00,79.98,Entertainment,Mobile
TXN_006846,CUST_0023,2026-04-25 02:19:00,34.0,Restaurant,POS
TXN_006847,CUST_0138,2026-04-13 06:33:00,22.02,Healthcare,Mobile
TXN_006848,CUST_0394,2026-05-17 09:01:00,17.87,Grocery,POS
TXN_006849,CUST_0259,2026-02-05 16:59:00,13.69,Grocery,Mobile
TXN_006850,CUST_0232,2026-04-06 00:45:00,35.1,Grocery,Online
TXN_006851,CUST_0251,2026-04-04 17:39:00,35.38,Restaurant,Online
TXN_006852,CUST_0305,2026-05-09 13:51:00,6.2,Restaurant,POS
TXN_006853,CUST_0096,2026-01-04 21:59:00,94.4,Restaurant,Online
TXN_006854,CUST_0123,2026-01-19 17:34:00,18.41,Grocery,Online
TXN_006855,CUST_0007,2026-06-06 13:45:00,35.14,Electronics,ATM
TXN_006856,CUST_0127,2026-04-13 18:56:00,16.77,Electronics,Online
TXN_006857,CUST_0166,2026-01-21 17:32:00,4.3,Grocery,POS
TXN_006858,CUST_0346,2026-01-20 18:08:00,121.55,Shopping,POS
TXN_006859,CUST_0028,2026-06-27 18:16:00,74.4,Restaurant,POS
TXN_006860,CUST_0480,2026-01-11 04:55:00,21.36,Entertainment,POS
TXN_006861,CUST_0214,2026-05-18 17:36:00,16.31,Electronics,Mobile
TXN_006862,CUST_0167,2026-04-10 00:55:00,24.86,Restaurant,POS
TXN_006863,CUST_0476,2026-02-20 18:34:00,25.38,Healthcare,POS
TXN_006864,CUST_0272,2026-04-08 08:04:00,9.84,Entertainment,Online
TXN_006865,CUST_0443,2026-02-11 00:57:00,12.67,Shopping,Mobile
TXN_006866,CUST_0056,2026-02-23 01:59:00,40.86,Healthcare,Online
TXN_006867,CUST_0394,2026-02-02 08:18:00,156.53,Utilities,POS
TXN_006868,CUST_0178,2026-01-09 20:34:00,83.07,Entertainment,ATM
TXN_006869,CUST_0261,2026-05-17 15:02:00,25.43,Travel,Mobile
TXN_006870,CUST_0188,2026-06-28 01:58:00,38.45,Restaurant,Online
TXN_006871,CUST_0077,2026-05-22 07:55:00,8.96,Shopping,Online
TXN_006872,CUST_0417,2026-03-17 21:04:00,129.78,Healthcare,Online
TXN_006873,CUST_0311,2026-01-27 17:04:00,38.61,Healthcare,POS
TXN_006874,CUST_0452,2026-02-22 18:51:00,18.68,Shopping,Mobile
TXN_006875,CUST_0389,2026-06-08 16:19:00,33.22,Utilities,POS
TXN_006876,CUST_0093,2026-04-30 06:26:00,11.66,Shopping,Online
TXN_006877,CUST_0219,2026-02-16 15:33:00,72.18,Restaurant,Mobile
TXN_006878,CUST_0093,2026-01-14 16:04:00,15.09,Healthcare,Online
TXN_006879,CUST_0421,2026-03-06 14:09:00,50.56,Grocery,POS
TXN_006880,CUST_0351,2026-01-16 05:02:00,4.63,Grocery,Online
TXN_006881,CUST_0414,2026-02-15 05:26:00,60.29,Travel,Mobile
TXN_006882,CUST_0104,2026-03-01 10:49:00,16.41,Travel,POS
TXN_006883,CUST_0248,2026-06-17 15:58:00,24.78,Shopping,Online
TXN_006884,CUST_0037,2026-06-07 20:40:00,228.83,Entertainment,Online
TXN_006885,CUST_0115,2026-05-18 12:54:00,16.91,Utilities,ATM
TXN_006886,CUST_0440,2026-05-18 17:25:00,25.97,Utilities,POS
TXN_006887,CUST_0147,2026-04-23 12:22:00,13.47,Shopping,Online
TXN_006888,CUST_0451,2026-05-23 20:26:00,60.96,Travel,POS
TXN_006889,CUST_0111,2026-01-04 23:55:00,33.15,Grocery,ATM
TXN_006890,CUST_0317,2026-03-30 04:26:00,33.05,Travel,Mobile
TXN_006891,CUST_0448,2026-04-28 17:07:00,106.94,Grocery,POS
TXN_006892,CUST_0130,2026-05-23 02:21:00,58.54,Healthcare,Mobile
TXN_006893,CUST_0485,2026-05-08 09:50:00,68.06,Entertainment,Online
TXN_006894,CUST_0279,2026-04-18 17:32:00,39.93,Shopping,Mobile
TXN_006895,CUST_0364,2026-02-22 05:54:00,15.65,Electronics,POS
TXN_006896,CUST_0148,2026-02-03 08:51:00,274.39,Healthcare,POS
TXN_006897,CUST_0495,2026-06-26 05:41:00,4.89,Healthcare,POS
TXN_006898,CUST_0434,2026-01-23 17:59:00,18.68,Restaurant,POS
TXN_006899,CUST_0138,2026-03-05 05:49:00,221.71,Travel,Mobile
TXN_006900,CUST_0012,2026-05-07 05:53:00,32.73,Electronics,Mobile
TXN_006901,CUST_0209,2026-04-11 14:15:00,102.29,Grocery,Mobile
TXN_006902,CUST_0217,2026-02-08 07:13:00,127.57,Shopping,Mobile
TXN_006903,CUST_0118,2026-01-04 12:01:00,70.42,Shopping,POS
TXN_006904,CUST_0431,2026-01-07 10:10:00,7.34,Healthcare,POS
TXN_006905,CUST_0189,2026-04-18 06:53:00,20.06,Travel,Online
TXN_006906,CUST_0434,2026-01-26 02:51:00,29.78,Entertainment,Online
TXN_006907,CUST_0207,2026-01-17 11:53:00,4.26,Shopping,POS
TXN_006908,CUST_0155,2026-04-19 18:11:00,117.59,Healthcare,POS
TXN_006909,CUST_0200,2026-03-07 17:11:00,12.61,Restaurant,ATM
TXN_006910,CUST_0212,2026-04-03 13:10:00,12.97,Shopping,Online
TXN_006911,CUST_0212,2026-01-24 00:18:00,14.77,Entertainment,Online
TXN_006912,CUST_0197,2026-02-25 07:32:00,23.73,Shopping,ATM
TXN_006913,CUST_0290,2026-04-17 01:14:00,18.71,Utilities,Mobile
TXN_006914,CUST_0348,2026-05-12 21:51:00,3.04,Restaurant,Online
TXN_006915,CUST_0249,2026-03-13 15:57:00,68.79,Entertainment,Online
TXN_006916,CUST_0489,2026-02-04 01:08:00,17.48,Grocery,Mobile
TXN_006917,CUST_0410,2026-02-04 19:11:00,134.33,Entertainment,Online
TXN_006918,CUST_0207,2026-02-11 08:37:00,219.63,Electronics,POS
TXN_006919,CUST_0413,2026-05-06 23:05:00,11.95,Shopping,Online
TXN_006920,CUST_0354,2026-01-09 01:13:00,96.88,Grocery,POS
TXN_006921,CUST_0481,2026-03-26 20:11:00,18.01,Healthcare,ATM
TXN_006922,CUST_0037,2026-01-23 03:09:00,15.87,Travel,POS
TXN_006923,CUST_0285,2026-03-15 05:58:00,151.16,Utilities,Mobile
TXN_006924,CUST_0216,2026-05-11 12:10:00,59.7,Grocery,Mobile
TXN_006925,CUST_0277,2026-06-16 21:08:00,58.86,Healthcare,Online
TXN_006926,CUST_0215,2026-02-11 21:12:00,53.96,Healthcare,POS
TXN_006927,CUST_0125,2026-03-08 11:36:00,116.1,Utilities,Online
TXN_006928,CUST_0449,2026-06-15 18:28:00,17.46,Restaurant,Online
TXN_006929,CUST_0374,2026-01-12 23:08:00,28.29,Electronics,ATM
TXN_006930,CUST_0412,2026-05-20 19:52:00,140.01,Entertainment,POS
TXN_006931,CUST_0056,2026-04-19 17:59:00,155.33,Utilities,Online
TXN_006932,CUST_0217,2026-02-05 08:53:00,91.39,Healthcare,POS
TXN_006933,CUST_0251,2026-01-13 22:28:00,16.15,Grocery,Online
TXN_006934,CUST_0424,2026-06-01 15:18:00,47.59,Travel,ATM
TXN_006935,CUST_0226,2026-05-20 07:16:00,74.31,Shopping,POS
TXN_006936,CUST_0101,2026-01-10 21:19:00,57.62,Electronics,POS
TXN_006937,CUST_0207,2026-06-28 15:41:00,13.13,Travel,POS
TXN_006938,CUST_0107,2026-03-20 18:50:00,47.07,Restaurant,Mobile
TXN_006939,CUST_0493,2026-01-23 01:08:00,36.96,Shopping,Online
TXN_006940,CUST_0475,2026-05-12 02:55:00,358.51,Travel,POS
TXN_006941,CUST_0083,2026-03-23 02:57:00,16.01,Shopping,POS
TXN_006942,CUST_0315,2026-05-25 03:41:00,69.56,Electronics,Online
TXN_006943,CUST_0410,2026-03-01 00:39:00,47.26,Healthcare,Online
TXN_006944,CUST_0159,2026-04-21 03:07:00,210.58,Shopping,POS
TXN_006945,CUST_0095,2026-03-17 14:53:00,28.45,Healthcare,POS
TXN_006946,CUST_0098,2026-06-17 01:02:00,60.44,Healthcare,Online
TXN_006947,CUST_0016,2026-05-05 10:26:00,19.9,Healthcare,POS
TXN_006948,CUST_0377,2026-01-01 00:43:00,37.47,Healthcare,POS
TXN_006949,CUST_0365,2026-06-05 22:49:00,2.83,Healthcare,POS
TXN_006950,CUST_0258,2026-05-08 16:22:00,51.41,Shopping,Online
TXN_006951,CUST_0309,2026-04-22 17:48:00,21.06,Healthcare,POS
TXN_006952,CUST_0104,2026-01-28 05:42:00,25.61,Grocery,Mobile
TXN_006953,CUST_0416,2026-01-02 04:50:00,21.15,Entertainment,Mobile
TXN_006954,CUST_0320,2026-06-07 04:04:00,61.82,Grocery,Online
TXN_006955,CUST_0160,2026-03-26 22:47:00,57.54,Grocery,ATM
TXN_006956,CUST_0395,2026-04-10 22:09:00,43.47,Entertainment,ATM
TXN_006957,CUST_0395,2026-05-30 04:12:00,10.49,Utilities,Online
TXN_006958,CUST_0137,2026-06-12 21:57:00,55.59,Entertainment,Online
TXN_006959,CUST_0479,2026-04-25 20:30:00,44.7,Electronics,ATM
TXN_006960,CUST_0441,2026-01-20 02:12:00,19.75,Entertainment,Online
TXN_006961,CUST_0337,2026-01-19 19:16:00,27.85,Healthcare,POS
TXN_006962,CUST_0196,2026-01-08 05:01:00,32.85,Grocery,Online
TXN_006963,CUST_0452,2026-06-17 06:43:00,90.0,Utilities,POS
TXN_006964,CUST_0052,2026-06-17 19:44:00,25.68,Restaurant,Mobile
TXN_006965,CUST_0239,2026-02-09 16:35:00,62.74,Shopping,Online
TXN_006966,CUST_0338,2026-03-06 17:13:00,41.16,Travel,POS
TXN_006967,CUST_0341,2026-04-27 14:28:00,57.03,Shopping,POS
TXN_006968,CUST_0168,2026-01-09 20:24:00,7.69,Electronics,POS
TXN_006969,CUST_0014,2026-02-09 02:34:00,3.2,Utilities,POS
TXN_006970,CUST_0406,2026-03-17 09:58:00,53.57,Entertainment,POS
TXN_006971,CUST_0249,2026-05-10 23:40:00,40.34,Restaurant,POS
TXN_006972,CUST_0375,2026-01-26 18:16:00,26.25,Electronics,POS
TXN_006973,CUST_0168,2026-03-15 08:35:00,7.52,Travel,ATM
TXN_006974,CUST_0256,2026-06-17 01:16:00,38.76,Restaurant,POS
TXN_006975,CUST_0260,2026-06-07 13:01:00,13.86,Shopping,Mobile
TXN_006976,CUST_0002,2026-04-26 10:13:00,49.99,Restaurant,ATM
TXN_006977,CUST_0278,2026-04-15 08:34:00,34.59,Shopping,POS
TXN_006978,CUST_0366,2026-03-10 18:42:00,29.0,Grocery,POS
TXN_006979,CUST_0177,2026-06-20 10:30:00,20.64,Restaurant,Online
TXN_006980,CUST_0202,2026-05-13 15:59:00,29.39,Shopping,POS
TXN_006981,CUST_0417,2026-02-28 18:36:00,62.71,Grocery,POS
TXN_006982,CUST_0207,2026-04-06 01:42:00,27.79,Restaurant,Mobile
TXN_006983,CUST_0462,2026-02-12 00:40:00,45.41,Shopping,Online
TXN_006984,CUST_0370,2026-05-05 04:05:00,2.95,Entertainment,Mobile
TXN_006985,CUST_0180,2026-02-23 16:20:00,24.03,Travel,ATM
TXN_006986,CUST_0348,2026-02-22 13:12:00,133.71,Electronics,POS
TXN_006987,CUST_0232,2026-04-18 22:02:00,44.57,Shopping,Online
TXN_006988,CUST_0229,2026-03-09 00:57:00,40.01,Grocery,POS
TXN_006989,CUST_0202,2026-01-11 17:53:00,74.11,Entertainment,POS
TXN_006990,CUST_0489,2026-05-01 12:54:00,22.68,Travel,POS
TXN_006991,CUST_0396,2026-02-19 21:40:00,198.74,Electronics,Mobile
TXN_006992,CUST_0290,2026-03-21 19:53:00,312.4,Restaurant,POS
TXN_006993,CUST_0028,2026-02-24 08:19:00,4.44,Restaurant,Online
TXN_006994,CUST_0114,2026-06-05 01:18:00,44.52,Utilities,POS
TXN_006995,CUST_0438,2026-03-26 03:50:00,19.57,Healthcare,Mobile
TXN_006996,CUST_0375,2026-01-04 21:31:00,5.18,Electronics,POS
TXN_006997,CUST_0368,2026-06-24 08:53:00,9.08,Travel,POS
TXN_006998,CUST_0136,2026-06-01 12:04:00,29.54,Electronics,Online
TXN_006999,CUST_0064,2026-04-01 05:23:00,20.25,Travel,Online
TXN_007000,CUST_0094,2026-02-10 04:53:00,236.24,Healthcare,Online
TXN_007001,CUST_0421,2026-04-18 17:45:00,70.22,Electronics,POS
TXN_007002,CUST_0038,2026-02-06 04:57:00,20.56,Shopping,Online
TXN_007003,CUST_0032,2026-06-02 21:08:00,20.57,Electronics,POS
TXN_007004,CUST_0010,2026-05-13 00:38:00,58.13,Utilities,Online
TXN_007005,CUST_0096,2026-04-14 12:25:00,47.46,Grocery,Online
TXN_007006,CUST_0364,2026-06-28 14:23:00,12.36,Shopping,POS
TXN_007007,CUST_0087,2026-05-22 22:11:00,40.79,Entertainment,Mobile
TXN_007008,CUST_0433,2026-03-05 13:51:00,3.54,Travel,Mobile
TXN_007009,CUST_0072,2026-05-17 07:03:00,69.55,Entertainment,POS
TXN_007010,CUST_0319,2026-02-09 10:19:00,19.66,Restaurant,POS
TXN_007011,CUST_0335,2026-02-24 07:06:00,41.45,Utilities,Mobile
TXN_007012,CUST_0296,2026-04-28 16:51:00,27.87,Travel,Mobile
TXN_007013,CUST_0271,2026-03-27 08:31:00,45.54,Grocery,POS
TXN_007014,CUST_0043,2026-02-01 12:00:00,11.06,Healthcare,Mobile
TXN_007015,CUST_0281,2026-01-15 12:01:00,11.14,Utilities,POS
TXN_007016,CUST_0278,2026-02-12 14:04:00,32.83,Shopping,Mobile
TXN_007017,CUST_0362,2026-03-18 15:12:00,34.65,Travel,POS
TXN_007018,CUST_0321,2026-06-09 12:09:00,29.47,Entertainment,Online
TXN_007019,CUST_0490,2026-04-03 21:43:00,82.89,Utilities,Mobile
TXN_007020,CUST_0244,2026-05-13 15:41:00,9.35,Grocery,POS
TXN_007021,CUST_0273,2026-05-25 06:57:00,46.49,Healthcare,Online
TXN_007022,CUST_0149,2026-03-29 01:33:00,123.8,Utilities,Online
TXN_007023,CUST_0284,2026-01-10 23:09:00,30.43,Restaurant,Online
TXN_007024,CUST_0300,2026-03-26 06:25:00,17.24,Grocery,Online
TXN_007025,CUST_0210,2026-04-10 18:52:00,5.88,Utilities,ATM
TXN_007026,CUST_0355,2026-01-18 03:31:00,15.74,Healthcare,POS
TXN_007027,CUST_0403,2026-06-21 01:02:00,2.06,Healthcare,POS
TXN_007028,CUST_0414,2026-06-21 15:52:00,198.83,Restaurant,POS
TXN_007029,CUST_0157,2026-03-09 01:45:00,62.08,Grocery,POS
TXN_007030,CUST_0022,2026-04-01 05:25:00,42.02,Electronics,Mobile
TXN_007031,CUST_0263,2026-05-05 15:41:00,198.22,Travel,POS
TXN_007032,CUST_0242,2026-04-05 14:52:00,22.22,Electronics,POS
TXN_007033,CUST_0465,2026-06-05 17:32:00,51.66,Restaurant,Mobile
TXN_007034,CUST_0148,2026-05-05 19:41:00,111.91,Electronics,POS
TXN_007035,CUST_0018,2026-05-24 12:52:00,176.57,Electronics,POS
TXN_007036,CUST_0305,2026-05-14 22:32:00,26.44,Restaurant,ATM
TXN_007037,CUST_0237,2026-01-30 15:57:00,28.59,Healthcare,POS
TXN_007038,CUST_0324,2026-05-29 20:29:00,14.05,Grocery,POS
TXN_007039,CUST_0280,2026-01-14 14:48:00,116.48,Utilities,POS
TXN_007040,CUST_0339,2026-02-19 18:00:00,59.86,Travel,POS
TXN_007041,CUST_0119,2026-05-03 17:56:00,23.56,Shopping,Mobile
TXN_007042,CUST_0391,2026-05-26 08:10:00,75.57,Healthcare,POS
TXN_007043,CUST_0247,2026-06-24 23:47:00,111.66,Healthcare,Online
TXN_007044,CUST_0261,2026-03-17 18:13:00,9.74,Entertainment,POS
TXN_007045,CUST_0259,2026-04-19 06:26:00,23.24,Grocery,Mobile
TXN_007046,CUST_0181,2026-05-14 11:14:00,79.61,Healthcare,Mobile
TXN_007047,CUST_0340,2026-04-21 23:25:00,12.0,Grocery,Mobile
TXN_007048,CUST_0025,2026-01-11 13:52:00,39.27,Travel,Online
TXN_007049,CUST_0295,2026-06-11 00:40:00,16.52,Travel,POS
TXN_007050,CUST_0366,2026-04-09 00:20:00,42.79,Travel,POS
TXN_007051,CUST_0002,2026-03-03 04:26:00,58.84,Restaurant,POS
TXN_007052,CUST_0138,2026-05-08 00:29:00,54.07,Entertainment,ATM
TXN_007053,CUST_0469,2026-05-09 01:46:00,16.26,Utilities,POS
TXN_007054,CUST_0194,2026-04-22 04:20:00,32.03,Healthcare,Mobile
TXN_007055,CUST_0083,2026-01-30 09:45:00,17.96,Shopping,POS
TXN_007056,CUST_0497,2026-03-19 20:22:00,41.59,Healthcare,POS
TXN_007057,CUST_0335,2026-06-02 09:09:00,116.6,Entertainment,Mobile
TXN_007058,CUST_0297,2026-01-04 03:09:00,59.8,Utilities,Mobile
TXN_007059,CUST_0431,2026-03-27 04:57:00,17.58,Healthcare,ATM
TXN_007060,CUST_0032,2026-01-29 02:52:00,19.59,Shopping,Online
TXN_007061,CUST_0072,2026-02-11 04:09:00,375.3,Grocery,Online
TXN_007062,CUST_0201,2026-01-23 03:37:00,58.02,Healthcare,POS
TXN_007063,CUST_0078,2026-05-18 22:29:00,18.48,Healthcare,POS
TXN_007064,CUST_0117,2026-06-11 10:42:00,10.14,Entertainment,POS
TXN_007065,CUST_0272,2026-03-12 09:07:00,7.76,Healthcare,Online
TXN_007066,CUST_0203,2026-05-08 18:46:00,55.43,Entertainment,POS
TXN_007067,CUST_0402,2026-05-10 03:56:00,114.01,Restaurant,POS
TXN_007068,CUST_0013,2026-05-05 18:29:00,45.98,Grocery,Mobile
TXN_007069,CUST_0027,2026-03-17 14:28:00,182.45,Entertainment,POS
TXN_007070,CUST_0485,2026-02-07 04:12:00,105.17,Travel,Online
TXN_007071,CUST_0089,2026-04-04 17:39:00,28.32,Restaurant,Online
TXN_007072,CUST_0148,2026-04-07 18:25:00,34.42,Grocery,POS
TXN_007073,CUST_0468,2026-03-19 17:25:00,25.52,Restaurant,POS
TXN_007074,CUST_0472,2026-05-04 05:52:00,6.15,Restaurant,Online
TXN_007075,CUST_0343,2026-01-19 07:18:00,9.89,Entertainment,POS
TXN_007076,CUST_0066,2026-02-21 04:48:00,17.04,Travel,POS
TXN_007077,CUST_0151,2026-01-02 10:26:00,5.62,Travel,Mobile
TXN_007078,CUST_0284,2026-03-12 23:31:00,84.23,Shopping,Mobile
TXN_007079,CUST_0305,2026-06-15 18:26:00,225.08,Grocery,POS
TXN_007080,CUST_0041,2026-01-30 06:05:00,82.58,Grocery,Online
TXN_007081,CUST_0485,2026-05-09 13:42:00,65.28,Electronics,ATM
TXN_007082,CUST_0012,2026-03-22 11:48:00,57.52,Shopping,POS
TXN_007083,CUST_0257,2026-03-05 15:11:00,10.2,Restaurant,Mobile
TXN_007084,CUST_0368,2026-04-30 09:22:00,21.66,Utilities,Online
TXN_007085,CUST_0412,2026-01-07 22:59:00,93.2,Electronics,POS
TXN_007086,CUST_0455,2026-03-06 09:27:00,81.5,Grocery,Online
TXN_007087,CUST_0338,2026-02-21 20:18:00,45.02,Shopping,Mobile
TXN_007088,CUST_0153,2026-04-28 15:10:00,22.71,Entertainment,Online
TXN_007089,CUST_0168,2026-03-17 23:50:00,58.35,Electronics,Online
TXN_007090,CUST_0325,2026-05-06 08:49:00,198.93,Restaurant,POS
TXN_007091,CUST_0468,2026-05-30 18:55:00,6.95,Grocery,Online
TXN_007092,CUST_0436,2026-06-07 07:49:00,25.0,Travel,POS
TXN_007093,CUST_0239,2026-03-09 00:35:00,26.75,Entertainment,POS
TXN_007094,CUST_0274,2026-03-19 04:13:00,650.85,Travel,POS
TXN_007095,CUST_0374,2026-01-06 22:52:00,122.22,Travel,Online
TXN_007096,CUST_0169,2026-02-22 05:46:00,87.72,Utilities,Mobile
TXN_007097,CUST_0056,2026-04-09 03:36:00,30.05,Electronics,ATM
TXN_007098,CUST_0178,2026-01-21 07:16:00,31.64,Entertainment,POS
TXN_007099,CUST_0304,2026-04-25 02:18:00,67.6,Restaurant,POS
TXN_007100,CUST_0413,2026-04-10 10:47:00,50.57,Entertainment,Mobile
TXN_007101,CUST_0331,2026-04-05 22:35:00,26.02,Grocery,ATM
TXN_007102,CUST_0431,2026-05-14 09:51:00,4.27,Restaurant,Mobile
TXN_007103,CUST_0325,2026-04-21 02:25:00,25.44,Travel,Online
TXN_007104,CUST_0157,2026-03-08 11:25:00,57.85,Shopping,Mobile
TXN_007105,CUST_0186,2026-06-12 11:40:00,12.54,Travel,Mobile
TXN_007106,CUST_0028,2026-05-01 07:19:00,58.24,Electronics,ATM
TXN_007107,CUST_0309,2026-02-23 06:15:00,163.38,Entertainment,ATM
TXN_007108,CUST_0500,2026-04-21 11:44:00,19.21,Healthcare,ATM
TXN_007109,CUST_0438,2026-06-08 22:34:00,95.28,Entertainment,Online
TXN_007110,CUST_0392,2026-02-03 12:23:00,45.32,Utilities,Online
TXN_007111,CUST_0409,2026-04-29 06:02:00,7.78,Healthcare,Online
TXN_007112,CUST_0487,2026-02-15 16:36:00,24.72,Entertainment,Online
TXN_007113,CUST_0178,2026-06-07 06:28:00,110.26,Healthcare,POS
TXN_007114,CUST_0328,2026-01-18 14:59:00,82.56,Healthcare,Mobile
TXN_007115,CUST_0161,2026-02-21 19:50:00,18.75,Healthcare,Mobile
TXN_007116,CUST_0361,2026-01-04 05:32:00,37.71,Grocery,Online
TXN_007117,CUST_0189,2026-03-15 21:07:00,11.35,Grocery,Online
TXN_007118,CUST_0341,2026-03-04 13:15:00,3.06,Shopping,POS
TXN_007119,CUST_0352,2026-05-05 11:46:00,12.08,Shopping,Mobile
TXN_007120,CUST_0031,2026-05-18 23:05:00,128.25,Restaurant,POS
TXN_007121,CUST_0166,2026-01-28 05:32:00,20.89,Electronics,Online
TXN_007122,CUST_0305,2026-01-20 19:38:00,1.81,Healthcare,POS
TXN_007123,CUST_0124,2026-04-04 07:46:00,252.38,Electronics,Online
TXN_007124,CUST_0106,2026-02-23 08:05:00,9.07,Travel,POS
TXN_007125,CUST_0455,2026-02-19 07:27:00,71.53,Entertainment,POS
TXN_007126,CUST_0246,2026-03-26 16:48:00,16.02,Restaurant,Mobile
TXN_007127,CUST_0476,2026-05-29 00:37:00,49.27,Entertainment,ATM
TXN_007128,CUST_0034,2026-06-17 03:11:00,59.17,Healthcare,Online
TXN_007129,CUST_0400,2026-04-29 22:09:00,16.36,Grocery,ATM
TXN_007130,CUST_0245,2026-02-07 06:33:00,31.26,Travel,POS
TXN_007131,CUST_0488,2026-06-03 19:22:00,296.13,Shopping,Mobile
TXN_007132,CUST_0266,2026-05-06 08:18:00,36.49,Electronics,ATM
TXN_007133,CUST_0193,2026-04-11 20:05:00,54.85,Travel,Mobile
TXN_007134,CUST_0400,2026-04-17 14:19:00,40.35,Utilities,ATM
TXN_007135,CUST_0144,2026-05-13 17:01:00,10.64,Entertainment,POS
TXN_007136,CUST_0154,2026-04-03 01:06:00,24.27,Utilities,POS
TXN_007137,CUST_0427,2026-04-01 01:41:00,63.13,Electronics,Online
TXN_007138,CUST_0064,2026-02-19 15:40:00,38.62,Utilities,POS
TXN_007139,CUST_0269,2026-01-31 01:56:00,15.42,Utilities,POS
TXN_007140,CUST_0302,2026-03-07 09:02:00,9.61,Utilities,Online
TXN_007141,CUST_0189,2026-05-24 04:37:00,4.41,Shopping,POS
TXN_007142,CUST_0286,2026-06-23 11:20:00,4.28,Shopping,POS
TXN_007143,CUST_0430,2026-02-18 15:27:00,262.26,Electronics,Online
TXN_007144,CUST_0025,2026-05-10 13:12:00,82.92,Shopping,POS
TXN_007145,CUST_0283,2026-06-08 10:23:00,91.6,Restaurant,Mobile
TXN_007146,CUST_0128,2026-01-24 06:21:00,37.15,Entertainment,POS
TXN_007147,CUST_0473,2026-05-30 02:44:00,73.49,Shopping,POS
TXN_007148,CUST_0476,2026-04-18 01:41:00,18.32,Electronics,POS
TXN_007149,CUST_0160,2026-01-20 17:15:00,42.51,Entertainment,Online
TXN_007150,CUST_0189,2026-04-14 21:32:00,1.33,Restaurant,POS
TXN_007151,CUST_0337,2026-03-01 14:37:00,21.45,Grocery,Online
TXN_007152,CUST_0209,2026-05-28 02:36:00,26.48,Utilities,POS
TXN_007153,CUST_0433,2026-04-22 03:52:00,16.59,Travel,ATM
TXN_007154,CUST_0326,2026-04-06 11:50:00,98.73,Entertainment,Online
TXN_007155,CUST_0442,2026-03-06 07:17:00,39.56,Shopping,POS
TXN_007156,CUST_0326,2026-02-24 07:11:00,73.67,Shopping,POS
TXN_007157,CUST_0486,2026-04-12 19:21:00,17.78,Healthcare,Online
TXN_007158,CUST_0375,2026-02-23 05:06:00,60.12,Shopping,Online
TXN_007159,CUST_0085,2026-04-04 00:11:00,68.42,Grocery,POS
TXN_007160,CUST_0302,2026-01-02 16:12:00,22.61,Entertainment,Online
TXN_007161,CUST_0088,2026-03-07 20:45:00,226.96,Entertainment,Mobile
TXN_007162,CUST_0368,2026-04-15 22:21:00,156.29,Utilities,ATM
TXN_007163,CUST_0500,2026-02-12 02:10:00,32.48,Travel,POS
TXN_007164,CUST_0074,2026-06-21 06:43:00,40.62,Shopping,Mobile
TXN_007165,CUST_0043,2026-03-15 03:12:00,105.33,Utilities,ATM
TXN_007166,CUST_0477,2026-03-15 22:26:00,34.28,Travel,POS
TXN_007167,CUST_0002,2026-03-13 01:34:00,30.11,Healthcare,ATM
TXN_007168,CUST_0325,2026-01-05 06:47:00,70.03,Healthcare,Mobile
TXN_007169,CUST_0373,2026-05-17 11:50:00,32.5,Grocery,ATM
TXN_007170,CUST_0375,2026-04-27 12:10:00,114.85,Shopping,POS
TXN_007171,CUST_0121,2026-03-14 22:04:00,276.07,Electronics,Online
TXN_007172,CUST_0064,2026-02-23 06:29:00,30.18,Travel,Mobile
TXN_007173,CUST_0070,2026-04-30 23:34:00,22.85,Utilities,Online
TXN_007174,CUST_0073,2026-03-28 14:37:00,100.4,Healthcare,Online
TXN_007175,CUST_0353,2026-01-16 06:33:00,29.47,Healthcare,POS
TXN_007176,CUST_0144,2026-02-14 07:40:00,12.84,Grocery,Online
TXN_007177,CUST_0174,2026-03-06 15:08:00,57.24,Healthcare,POS
TXN_007178,CUST_0122,2026-04-15 11:09:00,41.46,Shopping,POS
TXN_007179,CUST_0388,2026-06-15 07:36:00,1542.6,Shopping,ATM
TXN_007180,CUST_0496,2026-02-01 06:56:00,9.12,Electronics,ATM
TXN_007181,CUST_0009,2026-04-04 17:43:00,101.82,Grocery,ATM
TXN_007182,CUST_0494,2026-01-19 09:09:00,32.42,Utilities,Mobile
TXN_007183,CUST_0297,2026-05-19 10:01:00,23.43,Utilities,Online
TXN_007184,CUST_0172,2026-01-09 10:44:00,4.96,Travel,Online
TXN_007185,CUST_0449,2026-03-12 14:38:00,32.37,Healthcare,POS
TXN_007186,CUST_0418,2026-05-11 11:04:00,45.03,Utilities,Mobile
TXN_007187,CUST_0279,2026-01-13 07:47:00,59.37,Healthcare,Mobile
TXN_007188,CUST_0336,2026-05-28 20:32:00,10.79,Utilities,Mobile
TXN_007189,CUST_0272,2026-01-23 20:36:00,10.61,Grocery,Online
TXN_007190,CUST_0338,2026-06-20 21:53:00,157.59,Shopping,Online
TXN_007191,CUST_0084,2026-04-27 00:06:00,40.46,Shopping,Mobile
TXN_007192,CUST_0086,2026-02-14 23:31:00,30.75,Travel,Online
TXN_007193,CUST_0380,2026-03-18 00:44:00,27.36,Shopping,ATM
TXN_007194,CUST_0270,2026-01-06 21:35:00,13.52,Healthcare,POS
TXN_007195,CUST_0158,2026-05-07 11:56:00,161.31,Entertainment,Mobile
TXN_007196,CUST_0255,2026-02-08 20:21:00,111.93,Entertainment,Mobile
TXN_007197,CUST_0144,2026-06-08 11:59:00,31.28,Entertainment,Online
TXN_007198,CUST_0005,2026-01-22 12:25:00,8.41,Electronics,Online
TXN_007199,CUST_0491,2026-02-23 06:02:00,41.52,Healthcare,POS
TXN_007200,CUST_0009,2026-02-06 01:33:00,6.26,Restaurant,Mobile
TXN_007201,CUST_0144,2026-02-23 01:28:00,73.73,Electronics,Mobile
TXN_007202,CUST_0377,2026-05-20 18:56:00,105.71,Shopping,POS
TXN_007203,CUST_0055,2026-04-19 16:17:00,66.57,Grocery,Online
TXN_007204,CUST_0150,2026-05-14 02:19:00,34.6,Utilities,POS
TXN_007205,CUST_0406,2026-05-20 13:12:00,21.53,Healthcare,Mobile
TXN_007206,CUST_0273,2026-01-14 04:46:00,30.32,Shopping,Mobile
TXN_007207,CUST_0345,2026-05-18 18:42:00,53.26,Grocery,POS
TXN_007208,CUST_0161,2026-02-06 16:28:00,90.66,Shopping,POS
TXN_007209,CUST_0469,2026-04-18 11:15:00,14.24,Restaurant,Mobile
TXN_007210,CUST_0093,2026-01-07 12:49:00,41.83,Grocery,Mobile
TXN_007211,CUST_0170,2026-03-27 16:51:00,64.05,Electronics,POS
TXN_007212,CUST_0005,2026-05-25 08:59:00,43.16,Grocery,Mobile
TXN_007213,CUST_0098,2026-06-26 06:07:00,17.34,Shopping,Online
TXN_007214,CUST_0228,2026-06-03 04:55:00,8.49,Electronics,POS
TXN_007215,CUST_0224,2026-03-21 04:50:00,148.0,Healthcare,Mobile
TXN_007216,CUST_0189,2026-06-01 22:51:00,37.48,Healthcare,POS
TXN_007217,CUST_0124,2026-06-05 14:58:00,576.3,Healthcare,Online
TXN_007218,CUST_0146,2026-01-07 23:11:00,9.76,Grocery,Online
TXN_007219,CUST_0282,2026-05-27 11:06:00,118.41,Electronics,Online
TXN_007220,CUST_0482,2026-05-21 00:16:00,62.55,Restaurant,Online
TXN_007221,CUST_0454,2026-04-08 22:16:00,27.89,Grocery,Online
TXN_007222,CUST_0458,2026-05-03 08:41:00,20.93,Grocery,Mobile
TXN_007223,CUST_0484,2026-03-23 02:24:00,49.53,Grocery,Online
TXN_007224,CUST_0426,2026-06-13 10:09:00,33.66,Utilities,ATM
TXN_007225,CUST_0053,2026-01-24 12:03:00,23.91,Healthcare,POS
TXN_007226,CUST_0465,2026-01-26 04:05:00,16.4,Grocery,Mobile
TXN_007227,CUST_0469,2026-01-11 05:02:00,3.47,Healthcare,Online
TXN_007228,CUST_0262,2026-03-06 03:53:00,40.78,Travel,Online
TXN_007229,CUST_0140,2026-03-23 21:37:00,11.38,Entertainment,POS
TXN_007230,CUST_0095,2026-03-25 08:03:00,56.8,Entertainment,POS
TXN_007231,CUST_0290,2026-06-10 06:52:00,17.14,Grocery,POS
TXN_007232,CUST_0500,2026-05-03 19:24:00,170.14,Electronics,Online
TXN_007233,CUST_0046,2026-06-29 20:16:00,16.86,Travel,POS
TXN_007234,CUST_0211,2026-04-27 16:23:00,29.01,Healthcare,Online
TXN_007235,CUST_0247,2026-02-19 07:56:00,35.84,Utilities,Online
TXN_007236,CUST_0483,2026-06-11 03:42:00,10.85,Shopping,POS
TXN_007237,CUST_0156,2026-01-09 09:39:00,7.11,Restaurant,ATM
TXN_007238,CUST_0496,2026-05-09 01:58:00,11.31,Shopping,Online
TXN_007239,CUST_0496,2026-01-16 04:40:00,61.02,Grocery,POS
TXN_007240,CUST_0030,2026-04-25 01:18:00,38.11,Grocery,Online
TXN_007241,CUST_0397,2026-06-05 05:42:00,155.52,Shopping,ATM
TXN_007242,CUST_0321,2026-04-18 21:35:00,65.45,Electronics,POS
TXN_007243,CUST_0414,2026-03-24 16:29:00,50.9,Electronics,POS
TXN_007244,CUST_0018,2026-01-21 00:31:00,8.28,Entertainment,POS
TXN_007245,CUST_0376,2026-02-20 09:50:00,36.99,Restaurant,POS
TXN_007246,CUST_0263,2026-05-14 21:17:00,56.83,Entertainment,Online
TXN_007247,CUST_0005,2026-03-11 13:19:00,29.03,Shopping,Online
TXN_007248,CUST_0118,2026-03-24 00:37:00,50.74,Electronics,POS
TXN_007249,CUST_0138,2026-05-29 07:21:00,196.29,Utilities,Mobile
TXN_007250,CUST_0313,2026-04-19 16:32:00,24.46,Healthcare,Online
TXN_007251,CUST_0371,2026-02-16 05:25:00,70.16,Utilities,Online
TXN_007252,CUST_0473,2026-05-16 20:16:00,4.62,Entertainment,Online
TXN_007253,CUST_0089,2026-06-13 10:05:00,44.29,Healthcare,POS
TXN_007254,CUST_0294,2026-03-03 12:06:00,20.01,Grocery,Online
TXN_007255,CUST_0279,2026-01-14 13:31:00,95.4,Entertainment,Online
TXN_007256,CUST_0298,2026-06-26 05:46:00,47.22,Grocery,POS
TXN_007257,CUST_0498,2026-05-18 11:33:00,530.55,Entertainment,POS
TXN_007258,CUST_0141,2026-03-18 14:03:00,95.44,Electronics,POS
TXN_007259,CUST_0209,2026-02-03 07:01:00,22.63,Grocery,Online
TXN_007260,CUST_0320,2026-05-11 19:52:00,33.98,Grocery,ATM
TXN_007261,CUST_0156,2026-05-21 00:17:00,83.92,Utilities,POS
TXN_007262,CUST_0068,2026-06-14 19:34:00,57.99,Travel,ATM
TXN_007263,CUST_0169,2026-04-29 08:46:00,88.75,Utilities,Mobile
TXN_007264,CUST_0052,2026-06-25 18:05:00,8.06,Grocery,Mobile
TXN_007265,CUST_0300,2026-06-07 22:26:00,8.23,Electronics,Online
TXN_007266,CUST_0121,2026-01-22 11:49:00,20.53,Restaurant,ATM
TXN_007267,CUST_0139,2026-05-12 15:55:00,207.23,Restaurant,Mobile
TXN_007268,CUST_0323,2026-05-18 21:29:00,54.57,Entertainment,Mobile
TXN_007269,CUST_0436,2026-06-21 04:41:00,14.27,Grocery,Online
TXN_007270,CUST_0339,2026-04-08 23:45:00,94.92,Entertainment,Online
TXN_007271,CUST_0368,2026-01-21 11:22:00,120.32,Grocery,Mobile
TXN_007272,CUST_0305,2026-04-13 19:59:00,124.92,Entertainment,Online
TXN_007273,CUST_0024,2026-05-17 07:42:00,91.34,Grocery,Online
TXN_007274,CUST_0382,2026-01-24 09:23:00,17.49,Electronics,ATM
TXN_007275,CUST_0266,2026-06-15 12:54:00,17.53,Utilities,Online
TXN_007276,CUST_0375,2026-04-29 17:45:00,5.11,Shopping,POS
TXN_007277,CUST_0007,2026-03-25 21:20:00,18.28,Travel,Online
TXN_007278,CUST_0083,2026-06-24 17:14:00,19.81,Utilities,Mobile
TXN_007279,CUST_0031,2026-06-05 17:38:00,32.15,Healthcare,Mobile
TXN_007280,CUST_0018,2026-02-03 11:28:00,31.39,Restaurant,Mobile
TXN_007281,CUST_0153,2026-04-17 01:54:00,10.35,Restaurant,POS
TXN_007282,CUST_0339,2026-01-12 15:21:00,97.59,Healthcare,Mobile
TXN_007283,CUST_0165,2026-03-11 01:30:00,27.75,Grocery,Online
TXN_007284,CUST_0087,2026-03-20 23:33:00,15.18,Restaurant,Online
TXN_007285,CUST_0280,2026-04-27 20:23:00,112.76,Entertainment,Online
TXN_007286,CUST_0498,2026-03-28 23:52:00,7.97,Shopping,POS
TXN_007287,CUST_0131,2026-01-06 00:52:00,12.78,Utilities,ATM
TXN_007288,CUST_0009,2026-03-19 20:51:00,9.02,Restaurant,ATM
TXN_007289,CUST_0497,2026-05-02 14:46:00,14.21,Travel,Online
TXN_007290,CUST_0111,2026-03-16 16:40:00,92.09,Grocery,Online
TXN_007291,CUST_0282,2026-04-24 12:40:00,52.33,Restaurant,ATM
TXN_007292,CUST_0082,2026-03-15 05:48:00,9.97,Entertainment,Online
TXN_007293,CUST_0429,2026-04-25 09:49:00,24.44,Utilities,POS
TXN_007294,CUST_0457,2026-06-24 19:49:00,43.82,Restaurant,ATM
TXN_007295,CUST_0399,2026-06-11 16:50:00,79.21,Utilities,Online
TXN_007296,CUST_0040,2026-06-09 11:54:00,54.28,Entertainment,ATM
TXN_007297,CUST_0180,2026-05-26 04:32:00,22.92,Restaurant,Mobile
TXN_007298,CUST_0207,2026-02-26 04:42:00,115.28,Entertainment,Mobile
TXN_007299,CUST_0451,2026-03-14 11:49:00,63.87,Entertainment,Online
TXN_007300,CUST_0334,2026-03-24 08:09:00,4.08,Restaurant,Online
TXN_007301,CUST_0013,2026-04-25 11:13:00,41.17,Utilities,POS
TXN_007302,CUST_0394,2026-03-06 01:15:00,52.49,Grocery,Mobile
TXN_007303,CUST_0371,2026-06-24 09:48:00,36.05,Healthcare,Online
TXN_007304,CUST_0391,2026-03-07 07:38:00,26.73,Restaurant,POS
TXN_007305,CUST_0023,2026-06-04 23:02:00,7.95,Healthcare,Mobile
TXN_007306,CUST_0041,2026-05-26 03:53:00,32.37,Travel,Online
TXN_007307,CUST_0099,2026-05-25 20:03:00,30.09,Healthcare,POS
TXN_007308,CUST_0473,2026-04-19 19:13:00,14.97,Entertainment,POS
TXN_007309,CUST_0017,2026-02-13 08:25:00,199.87,Utilities,Online
TXN_007310,CUST_0416,2026-06-03 11:20:00,32.1,Entertainment,POS
TXN_007311,CUST_0334,2026-01-05 09:00:00,69.08,Entertainment,POS
TXN_007312,CUST_0251,2026-04-27 01:34:00,10.81,Healthcare,Mobile
TXN_007313,CUST_0211,2026-04-01 10:30:00,215.56,Shopping,Mobile
TXN_007314,CUST_0303,2026-01-11 05:22:00,59.61,Grocery,Online
TXN_007315,CUST_0197,2026-04-02 22:11:00,16.52,Restaurant,Online
TXN_007316,CUST_0199,2026-06-07 04:01:00,31.46,Shopping,POS
TXN_007317,CUST_0072,2026-02-28 09:58:00,69.28,Restaurant,Online
TXN_007318,CUST_0261,2026-03-18 08:50:00,38.26,Electronics,Online
TXN_007319,CUST_0208,2026-05-23 14:15:00,65.08,Utilities,Online
TXN_007320,CUST_0197,2026-05-15 21:58:00,33.6,Entertainment,Online
TXN_007321,CUST_0133,2026-02-25 23:24:00,56.93,Entertainment,POS
TXN_007322,CUST_0194,2026-01-03 20:09:00,22.91,Entertainment,POS
TXN_007323,CUST_0069,2026-04-04 06:42:00,12.69,Entertainment,POS
TXN_007324,CUST_0256,2026-06-23 07:30:00,20.36,Shopping,Mobile
TXN_007325,CUST_0072,2026-01-13 14:47:00,54.62,Shopping,Online
TXN_007326,CUST_0070,2026-01-04 13:17:00,43.99,Travel,POS
TXN_007327,CUST_0259,2026-04-19 14:29:00,36.81,Shopping,Online
TXN_007328,CUST_0489,2026-01-25 18:04:00,8.26,Utilities,POS
TXN_007329,CUST_0043,2026-03-03 07:06:00,6.08,Healthcare,Online
TXN_007330,CUST_0194,2026-02-11 11:37:00,16.18,Healthcare,POS
TXN_007331,CUST_0091,2026-05-07 08:44:00,39.47,Utilities,POS
TXN_007332,CUST_0089,2026-02-20 16:28:00,73.61,Entertainment,Online
TXN_007333,CUST_0159,2026-01-11 00:26:00,30.09,Travel,POS
TXN_007334,CUST_0056,2026-02-22 00:36:00,5.94,Restaurant,Online
TXN_007335,CUST_0036,2026-04-22 18:56:00,12.59,Entertainment,POS
TXN_007336,CUST_0397,2026-04-22 19:34:00,39.29,Utilities,Online
TXN_007337,CUST_0118,2026-01-13 06:44:00,41.48,Healthcare,Mobile
TXN_007338,CUST_0129,2026-03-11 05:27:00,24.1,Utilities,POS
TXN_007339,CUST_0331,2026-04-04 12:54:00,37.78,Entertainment,Mobile
TXN_007340,CUST_0384,2026-01-02 02:50:00,44.99,Restaurant,Online
TXN_007341,CUST_0101,2026-03-06 02:15:00,10.15,Entertainment,Mobile
TXN_007342,CUST_0330,2026-06-09 09:31:00,23.89,Grocery,Online
TXN_007343,CUST_0481,2026-04-26 15:55:00,19.06,Restaurant,Online
TXN_007344,CUST_0244,2026-03-31 19:01:00,121.3,Healthcare,POS
TXN_007345,CUST_0242,2026-03-12 05:23:00,36.31,Restaurant,Online
TXN_007346,CUST_0271,2026-03-16 18:46:00,28.0,Travel,Mobile
TXN_007347,CUST_0376,2026-02-18 09:25:00,153.43,Restaurant,Mobile
TXN_007348,CUST_0216,2026-02-07 11:49:00,50.17,Restaurant,POS
TXN_007349,CUST_0182,2026-03-06 07:21:00,40.48,Grocery,Mobile
TXN_007350,CUST_0167,2026-01-30 11:26:00,12.8,Shopping,Mobile
TXN_007351,CUST_0456,2026-03-19 13:33:00,6.45,Shopping,Online
TXN_007352,CUST_0308,2026-06-07 18:47:00,40.76,Entertainment,POS
TXN_007353,CUST_0421,2026-05-24 16:05:00,59.64,Grocery,Online
TXN_007354,CUST_0254,2026-03-08 17:40:00,11.48,Travel,Online
TXN_007355,CUST_0434,2026-04-23 09:11:00,36.5,Utilities,Online
TXN_007356,CUST_0329,2026-04-27 17:43:00,43.79,Healthcare,Online
TXN_007357,CUST_0158,2026-04-12 12:07:00,32.11,Electronics,Mobile
TXN_007358,CUST_0206,2026-02-14 00:26:00,11.62,Grocery,POS
TXN_007359,CUST_0310,2026-01-12 23:28:00,34.79,Electronics,POS
TXN_007360,CUST_0055,2026-02-24 13:14:00,71.12,Electronics,POS
TXN_007361,CUST_0481,2026-01-08 18:04:00,18.91,Utilities,POS
TXN_007362,CUST_0446,2026-05-06 08:29:00,526.59,Travel,Mobile
TXN_007363,CUST_0362,2026-01-09 08:15:00,147.25,Travel,Mobile
TXN_007364,CUST_0266,2026-06-25 07:06:00,74.85,Utilities,ATM
TXN_007365,CUST_0016,2026-04-02 02:30:00,20.32,Utilities,Mobile
TXN_007366,CUST_0479,2026-02-25 18:21:00,135.11,Restaurant,POS
TXN_007367,CUST_0468,2026-05-10 09:27:00,71.24,Restaurant,Mobile
TXN_007368,CUST_0210,2026-02-10 20:23:00,14.85,Shopping,Mobile
TXN_007369,CUST_0278,2026-01-15 11:18:00,22.76,Shopping,Mobile
TXN_007370,CUST_0115,2026-06-25 16:50:00,53.08,Travel,Online
TXN_007371,CUST_0154,2026-01-14 05:40:00,12.48,Healthcare,Online
TXN_007372,CUST_0097,2026-03-27 00:55:00,19.97,Travel,POS
TXN_007373,CUST_0307,2026-04-18 11:09:00,9.12,Travel,POS
TXN_007374,CUST_0198,2026-02-02 13:48:00,19.24,Entertainment,POS
TXN_007375,CUST_0432,2026-01-21 07:15:00,23.34,Entertainment,ATM
TXN_007376,CUST_0332,2026-02-02 06:49:00,24.29,Shopping,POS
TXN_007377,CUST_0323,2026-04-07 13:03:00,103.3,Utilities,ATM
TXN_007378,CUST_0472,2026-05-14 14:05:00,76.25,Utilities,Mobile
TXN_007379,CUST_0065,2026-01-14 10:49:00,14.06,Entertainment,POS
TXN_007380,CUST_0475,2026-03-18 11:50:00,80.8,Restaurant,Online
TXN_007381,CUST_0313,2026-06-29 11:14:00,34.34,Grocery,Online
TXN_007382,CUST_0472,2026-03-06 14:46:00,828.75,Utilities,Online
TXN_007383,CUST_0189,2026-04-11 07:18:00,123.59,Entertainment,Online
TXN_007384,CUST_0274,2026-01-17 17:45:00,26.16,Healthcare,Online
TXN_007385,CUST_0263,2026-03-16 01:23:00,61.05,Grocery,Mobile
TXN_007386,CUST_0287,2026-05-17 22:44:00,15.73,Shopping,POS
TXN_007387,CUST_0466,2026-01-01 02:37:00,198.83,Shopping,Online
TXN_007388,CUST_0161,2026-05-26 21:10:00,15.43,Shopping,Online
TXN_007389,CUST_0299,2026-04-10 08:52:00,33.93,Travel,POS
TXN_007390,CUST_0486,2026-04-14 00:40:00,82.56,Electronics,POS
TXN_007391,CUST_0351,2026-04-18 20:27:00,111.07,Restaurant,Online
TXN_007392,CUST_0185,2026-01-03 00:42:00,12.43,Shopping,POS
TXN_007393,CUST_0151,2026-04-05 21:27:00,73.79,Shopping,POS
TXN_007394,CUST_0346,2026-06-23 05:48:00,37.78,Restaurant,Online
TXN_007395,CUST_0371,2026-03-30 21:04:00,212.71,Restaurant,Online
TXN_007396,CUST_0443,2026-03-29 06:49:00,19.48,Grocery,POS
TXN_007397,CUST_0443,2026-04-10 05:52:00,32.99,Shopping,Mobile
TXN_007398,CUST_0005,2026-03-26 12:28:00,42.41,Electronics,POS
TXN_007399,CUST_0474,2026-06-14 08:33:00,94.6,Shopping,Mobile
TXN_007400,CUST_0021,2026-01-06 09:15:00,12.94,Shopping,ATM
TXN_007401,CUST_0073,2026-02-02 09:49:00,198.72,Grocery,POS
TXN_007402,CUST_0036,2026-04-05 08:29:00,55.34,Restaurant,Online
TXN_007403,CUST_0242,2026-01-19 15:11:00,35.96,Electronics,Online
TXN_007404,CUST_0061,2026-02-21 02:26:00,3.79,Shopping,POS
TXN_007405,CUST_0355,2026-06-12 11:48:00,58.71,Entertainment,ATM
TXN_007406,CUST_0100,2026-05-01 22:49:00,46.67,Entertainment,ATM
TXN_007407,CUST_0500,2026-02-06 16:32:00,9.95,Shopping,Online
TXN_007408,CUST_0222,2026-01-22 13:21:00,10.32,Electronics,POS
TXN_007409,CUST_0268,2026-03-12 00:50:00,66.4,Grocery,Mobile
TXN_007410,CUST_0322,2026-06-08 16:39:00,14.0,Shopping,Mobile
TXN_007411,CUST_0348,2026-02-10 04:33:00,19.32,Utilities,POS
TXN_007412,CUST_0091,2026-02-26 13:08:00,22.4,Healthcare,Online
TXN_007413,CUST_0156,2026-04-27 22:20:00,46.7,Grocery,Mobile
TXN_007414,CUST_0411,2026-05-01 17:55:00,11.74,Restaurant,Online
TXN_007415,CUST_0068,2026-03-22 00:17:00,68.99,Travel,Mobile
TXN_007416,CUST_0140,2026-04-18 21:56:00,10.53,Electronics,Online
TXN_007417,CUST_0263,2026-05-05 08:48:00,25.04,Travel,POS
TXN_007418,CUST_0107,2026-02-08 13:53:00,23.29,Utilities,POS
TXN_007419,CUST_0448,2026-01-05 06:26:00,31.47,Grocery,Mobile
TXN_007420,CUST_0418,2026-06-21 00:58:00,13.2,Restaurant,Online
TXN_007421,CUST_0368,2026-04-29 04:25:00,199.9,Travel,ATM
TXN_007422,CUST_0321,2026-06-28 05:12:00,183.65,Electronics,Online
TXN_007423,CUST_0333,2026-05-18 16:24:00,12.08,Electronics,Online
TXN_007424,CUST_0224,2026-01-24 23:31:00,35.62,Grocery,Mobile
TXN_007425,CUST_0030,2026-02-11 16:32:00,40.85,Healthcare,Online
TXN_007426,CUST_0058,2026-03-05 05:20:00,43.11,Entertainment,Online
TXN_007427,CUST_0422,2026-01-20 18:45:00,154.56,Restaurant,Online
TXN_007428,CUST_0268,2026-05-11 13:52:00,117.33,Healthcare,ATM
TXN_007429,CUST_0014,2026-04-07 23:26:00,13.72,Grocery,POS
TXN_007430,CUST_0198,2026-03-02 17:30:00,61.14,Travel,Mobile
TXN_007431,CUST_0083,2026-03-25 01:38:00,6.21,Restaurant,POS
TXN_007432,CUST_0116,2026-01-31 13:36:00,91.56,Shopping,Online
TXN_007433,CUST_0114,2026-01-10 06:40:00,26.8,Utilities,Online
TXN_007434,CUST_0254,2026-06-14 07:35:00,44.46,Shopping,Online
TXN_007435,CUST_0447,2026-04-08 11:07:00,32.29,Utilities,POS
TXN_007436,CUST_0357,2026-04-23 23:25:00,42.96,Entertainment,POS
TXN_007437,CUST_0202,2026-04-05 14:19:00,9.51,Electronics,POS
TXN_007438,CUST_0372,2026-01-10 10:35:00,27.99,Healthcare,Online
TXN_007439,CUST_0298,2026-02-24 21:34:00,22.98,Entertainment,ATM
TXN_007440,CUST_0417,2026-03-31 21:23:00,3.87,Healthcare,Online
TXN_007441,CUST_0371,2026-03-18 21:10:00,12.1,Restaurant,POS
TXN_007442,CUST_0262,2026-02-12 02:30:00,60.29,Entertainment,POS
TXN_007443,CUST_0028,2026-05-07 21:13:00,16.06,Healthcare,Mobile
TXN_007444,CUST_0322,2026-03-28 05:57:00,249.28,Travel,Online
TXN_007445,CUST_0202,2026-04-09 21:52:00,16.22,Travel,Mobile
TXN_007446,CUST_0185,2026-01-23 09:15:00,44.58,Electronics,Online
TXN_007447,CUST_0500,2026-02-23 22:20:00,49.48,Travel,POS
TXN_007448,CUST_0455,2026-01-28 12:33:00,185.14,Healthcare,Online
TXN_007449,CUST_0329,2026-05-16 10:20:00,83.16,Electronics,POS
TXN_007450,CUST_0125,2026-05-25 07:08:00,55.32,Shopping,Mobile
TXN_007451,CUST_0027,2026-01-05 19:34:00,161.06,Restaurant,Online
TXN_007452,CUST_0036,2026-03-23 21:26:00,181.46,Utilities,POS
TXN_007453,CUST_0221,2026-01-01 12:45:00,60.72,Travel,ATM
TXN_007454,CUST_0487,2026-06-17 13:40:00,7.91,Travel,Online
TXN_007455,CUST_0318,2026-06-11 04:45:00,56.38,Electronics,POS
TXN_007456,CUST_0225,2026-04-08 11:27:00,38.38,Shopping,Mobile
TXN_007457,CUST_0133,2026-03-18 16:41:00,8.44,Restaurant,Online
TXN_007458,CUST_0226,2026-04-04 21:41:00,33.31,Healthcare,POS
TXN_007459,CUST_0196,2026-01-13 13:22:00,24.56,Utilities,Online
TXN_007460,CUST_0500,2026-02-08 07:49:00,31.16,Electronics,POS
TXN_007461,CUST_0368,2026-06-12 10:32:00,51.19,Entertainment,Online
TXN_007462,CUST_0228,2026-01-13 14:47:00,25.68,Healthcare,POS
TXN_007463,CUST_0340,2026-01-26 12:18:00,54.85,Restaurant,Online
TXN_007464,CUST_0019,2026-01-14 02:14:00,21.14,Grocery,Online
TXN_007465,CUST_0263,2026-02-24 00:29:00,174.67,Utilities,Mobile
TXN_007466,CUST_0468,2026-04-07 12:13:00,113.4,Travel,POS
TXN_007467,CUST_0151,2026-06-07 15:38:00,16.08,Entertainment,Online
TXN_007468,CUST_0233,2026-01-27 07:36:00,31.92,Shopping,Online
TXN_007469,CUST_0415,2026-04-24 11:22:00,8.55,Shopping,Mobile
TXN_007470,CUST_0017,2026-05-24 11:35:00,11.7,Shopping,ATM
TXN_007471,CUST_0238,2026-01-07 23:17:00,15.31,Entertainment,Mobile
TXN_007472,CUST_0314,2026-06-22 02:57:00,4.36,Entertainment,POS
TXN_007473,CUST_0278,2026-03-28 05:09:00,10.32,Healthcare,ATM
TXN_007474,CUST_0090,2026-01-29 17:07:00,16.65,Healthcare,Online
TXN_007475,CUST_0419,2026-05-04 20:39:00,37.14,Grocery,POS
TXN_007476,CUST_0056,2026-04-23 18:03:00,14.22,Shopping,POS
TXN_007477,CUST_0128,2026-06-08 15:21:00,11.72,Travel,POS
TXN_007478,CUST_0432,2026-02-05 22:54:00,11.23,Restaurant,Online
TXN_007479,CUST_0376,2026-04-04 03:35:00,52.08,Travel,Online
TXN_007480,CUST_0002,2026-05-12 20:59:00,50.32,Grocery,Online
TXN_007481,CUST_0309,2026-06-11 15:31:00,14.93,Shopping,Online
TXN_007482,CUST_0488,2026-01-04 10:37:00,20.87,Healthcare,POS
TXN_007483,CUST_0240,2026-06-17 14:15:00,285.5,Healthcare,Online
TXN_007484,CUST_0013,2026-04-01 03:18:00,20.56,Travel,POS
TXN_007485,CUST_0024,2026-06-29 04:34:00,19.9,Utilities,POS
TXN_007486,CUST_0138,2026-01-19 11:54:00,16.4,Shopping,ATM
TXN_007487,CUST_0112,2026-01-27 08:12:00,3.16,Healthcare,Online
TXN_007488,CUST_0330,2026-06-19 15:05:00,10.43,Entertainment,POS
TXN_007489,CUST_0285,2026-05-26 08:40:00,28.86,Travel,Online
TXN_007490,CUST_0006,2026-01-17 23:55:00,56.28,Restaurant,Mobile
TXN_007491,CUST_0356,2026-01-17 07:59:00,44.32,Healthcare,POS
TXN_007492,CUST_0217,2026-04-09 12:12:00,10.5,Electronics,Online
TXN_007493,CUST_0275,2026-03-08 00:45:00,6.55,Entertainment,POS
TXN_007494,CUST_0080,2026-05-20 12:45:00,91.99,Restaurant,Online
TXN_007495,CUST_0193,2026-02-18 20:43:00,22.83,Utilities,Online
TXN_007496,CUST_0332,2026-04-22 22:15:00,8.0,Electronics,POS
TXN_007497,CUST_0065,2026-01-23 03:09:00,93.19,Electronics,POS
TXN_007498,CUST_0384,2026-02-01 11:01:00,72.74,Utilities,POS
TXN_007499,CUST_0388,2026-01-27 01:39:00,89.53,Travel,Online
TXN_007500,CUST_0137,2026-01-24 07:36:00,15.43,Shopping,POS
TXN_007501,CUST_0104,2026-01-18 21:32:00,26.49,Grocery,Online
TXN_007502,CUST_0472,2026-03-14 22:55:00,51.14,Travel,Mobile
TXN_007503,CUST_0052,2026-03-11 05:19:00,25.96,Electronics,POS
TXN_007504,CUST_0281,2026-03-15 02:56:00,140.68,Shopping,Online
TXN_007505,CUST_0027,2026-04-22 16:05:00,21.21,Utilities,Online
TXN_007506,CUST_0419,2026-05-24 13:22:00,16.27,Utilities,POS
TXN_007507,CUST_0134,2026-06-17 06:06:00,104.01,Restaurant,Online
TXN_007508,CUST_0062,2026-03-27 08:59:00,390.02,Healthcare,Online
TXN_007509,CUST_0105,2026-02-10 23:04:00,19.32,Travel,Mobile
TXN_007510,CUST_0417,2026-05-19 23:09:00,30.78,Travel,Mobile
TXN_007511,CUST_0378,2026-02-05 16:22:00,43.57,Grocery,POS
TXN_007512,CUST_0066,2026-05-21 20:05:00,59.99,Shopping,POS
TXN_007513,CUST_0221,2026-06-27 08:51:00,3.36,Utilities,POS
TXN_007514,CUST_0182,2026-04-08 01:47:00,28.05,Shopping,Online
TXN_007515,CUST_0443,2026-04-02 17:35:00,35.44,Electronics,ATM
TXN_007516,CUST_0044,2026-01-31 09:51:00,2.72,Restaurant,Online
TXN_007517,CUST_0344,2026-06-14 21:24:00,20.61,Entertainment,Mobile
TXN_007518,CUST_0450,2026-04-12 01:38:00,28.46,Entertainment,Mobile
TXN_007519,CUST_0234,2026-01-12 02:11:00,62.19,Restaurant,POS
TXN_007520,CUST_0053,2026-01-24 01:00:00,18.76,Travel,Online
TXN_007521,CUST_0014,2026-01-19 03:40:00,10.65,Shopping,POS
TXN_007522,CUST_0003,2026-05-10 12:24:00,140.34,Grocery,Online
TXN_007523,CUST_0257,2026-01-04 01:20:00,18.79,Electronics,POS
TXN_007524,CUST_0143,2026-06-11 09:15:00,62.64,Restaurant,Online
TXN_007525,CUST_0253,2026-04-20 17:39:00,24.7,Shopping,Mobile
TXN_007526,CUST_0391,2026-06-08 18:29:00,5.87,Healthcare,POS
TXN_007527,CUST_0319,2026-02-11 08:51:00,65.55,Grocery,POS
TXN_007528,CUST_0342,2026-01-01 08:58:00,9.78,Healthcare,Online
TXN_007529,CUST_0376,2026-02-28 09:32:00,39.44,Entertainment,Mobile
TXN_007530,CUST_0312,2026-05-09 23:58:00,39.99,Travel,POS
TXN_007531,CUST_0500,2026-01-24 14:18:00,16.63,Entertainment,Mobile
TXN_007532,CUST_0388,2026-06-03 07:43:00,42.23,Shopping,POS
TXN_007533,CUST_0468,2026-03-25 01:27:00,32.06,Entertainment,ATM
TXN_007534,CUST_0358,2026-03-07 14:36:00,32.36,Shopping,POS
TXN_007535,CUST_0282,2026-03-09 21:03:00,47.46,Healthcare,Online
TXN_007536,CUST_0431,2026-02-04 07:09:00,34.19,Electronics,Online
TXN_007537,CUST_0075,2026-05-12 12:42:00,15.11,Travel,Mobile
TXN_007538,CUST_0088,2026-05-05 18:13:00,132.31,Restaurant,Mobile
TXN_007539,CUST_0318,2026-03-28 13:36:00,158.75,Travel,POS
TXN_007540,CUST_0330,2026-05-13 07:32:00,24.91,Grocery,ATM
TXN_007541,CUST_0385,2026-06-18 05:35:00,120.65,Travel,POS
TXN_007542,CUST_0220,2026-02-16 05:04:00,117.34,Electronics,Mobile
TXN_007543,CUST_0317,2026-04-27 03:59:00,13.16,Electronics,Mobile
TXN_007544,CUST_0251,2026-01-05 22:34:00,18.24,Restaurant,POS
TXN_007545,CUST_0493,2026-06-06 07:02:00,8.21,Travel,POS
TXN_007546,CUST_0003,2026-06-27 01:26:00,16.06,Electronics,Online
TXN_007547,CUST_0494,2026-04-20 14:47:00,222.38,Healthcare,Mobile
TXN_007548,CUST_0272,2026-06-04 02:25:00,398.58,Grocery,Online
TXN_007549,CUST_0177,2026-05-29 14:57:00,20.71,Healthcare,POS
TXN_007550,CUST_0317,2026-05-31 10:35:00,52.83,Healthcare,Online
TXN_007551,CUST_0368,2026-06-28 12:46:00,11.23,Electronics,POS
TXN_007552,CUST_0280,2026-05-04 18:03:00,112.83,Electronics,Online
TXN_007553,CUST_0142,2026-02-11 10:47:00,109.68,Entertainment,Online
TXN_007554,CUST_0404,2026-02-10 09:50:00,12.09,Electronics,Online
TXN_007555,CUST_0377,2026-02-22 15:42:00,24.22,Utilities,Online
TXN_007556,CUST_0435,2026-02-05 01:05:00,3.42,Restaurant,POS
TXN_007557,CUST_0319,2026-05-14 09:37:00,24.08,Healthcare,Mobile
TXN_007558,CUST_0239,2026-05-27 13:16:00,22.2,Shopping,POS
TXN_007559,CUST_0065,2026-04-07 00:42:00,169.8,Utilities,Mobile
TXN_007560,CUST_0276,2026-01-11 11:00:00,41.95,Travel,POS
TXN_007561,CUST_0201,2026-03-02 04:08:00,19.48,Travel,Online
TXN_007562,CUST_0009,2026-03-18 11:00:00,41.71,Shopping,POS
TXN_007563,CUST_0434,2026-05-01 02:56:00,34.91,Electronics,POS
TXN_007564,CUST_0399,2026-04-20 08:31:00,457.5,Grocery,Mobile
TXN_007565,CUST_0066,2026-04-24 06:02:00,36.69,Travel,Online
TXN_007566,CUST_0464,2026-04-14 11:13:00,97.28,Healthcare,POS
TXN_007567,CUST_0418,2026-05-02 00:28:00,4.53,Healthcare,POS
TXN_007568,CUST_0213,2026-05-25 08:54:00,71.32,Healthcare,Online
TXN_007569,CUST_0410,2026-03-03 07:02:00,31.97,Travel,POS
TXN_007570,CUST_0191,2026-06-15 16:55:00,43.22,Electronics,POS
TXN_007571,CUST_0163,2026-04-07 03:27:00,57.7,Utilities,Online
TXN_007572,CUST_0158,2026-01-19 11:20:00,9.59,Entertainment,POS
TXN_007573,CUST_0262,2026-06-16 01:54:00,90.2,Healthcare,Online
TXN_007574,CUST_0239,2026-04-16 03:46:00,26.43,Shopping,POS
TXN_007575,CUST_0131,2026-01-08 08:34:00,274.02,Healthcare,Mobile
TXN_007576,CUST_0100,2026-04-13 19:44:00,13.11,Shopping,Mobile
TXN_007577,CUST_0316,2026-04-11 01:54:00,8.34,Electronics,POS
TXN_007578,CUST_0442,2026-03-04 02:25:00,7.29,Healthcare,POS
TXN_007579,CUST_0459,2026-05-14 15:34:00,76.85,Travel,ATM
TXN_007580,CUST_0177,2026-06-27 05:14:00,12.45,Entertainment,Online
TXN_007581,CUST_0376,2026-06-03 21:44:00,10.51,Entertainment,Online
TXN_007582,CUST_0201,2026-03-08 01:57:00,8.84,Electronics,Online
TXN_007583,CUST_0083,2026-02-07 08:21:00,143.48,Grocery,Mobile
TXN_007584,CUST_0145,2026-02-12 01:20:00,6.94,Shopping,Online
TXN_007585,CUST_0002,2026-04-27 13:34:00,49.78,Restaurant,Mobile
TXN_007586,CUST_0388,2026-03-27 04:44:00,35.25,Utilities,Mobile
TXN_007587,CUST_0471,2026-06-08 16:28:00,14.04,Restaurant,POS
TXN_007588,CUST_0250,2026-01-15 09:53:00,86.51,Entertainment,POS
TXN_007589,CUST_0301,2026-01-20 04:39:00,50.95,Travel,POS
TXN_007590,CUST_0455,2026-05-29 02:28:00,7.57,Restaurant,ATM
TXN_007591,CUST_0285,2026-03-19 11:06:00,66.83,Healthcare,Mobile
TXN_007592,CUST_0360,2026-03-22 06:11:00,15.86,Shopping,POS
TXN_007593,CUST_0008,2026-02-26 06:17:00,81.27,Electronics,Mobile
TXN_007594,CUST_0249,2026-02-25 15:10:00,18.09,Entertainment,POS
TXN_007595,CUST_0054,2026-02-26 23:54:00,55.5,Utilities,POS
TXN_007596,CUST_0047,2026-03-19 15:37:00,86.26,Entertainment,Online
TXN_007597,CUST_0142,2026-06-19 04:07:00,5.23,Grocery,POS
TXN_007598,CUST_0181,2026-06-05 20:33:00,75.26,Electronics,Mobile
TXN_007599,CUST_0129,2026-06-05 11:16:00,4.14,Shopping,ATM
TXN_007600,CUST_0379,2026-04-13 11:24:00,9.92,Travel,Online
TXN_007601,CUST_0072,2026-01-19 11:37:00,149.9,Electronics,Mobile
TXN_007602,CUST_0262,2026-05-10 08:38:00,43.08,Restaurant,ATM
TXN_007603,CUST_0105,2026-06-05 15:21:00,134.9,Entertainment,POS
TXN_007604,CUST_0031,2026-05-28 19:58:00,174.99,Electronics,POS
TXN_007605,CUST_0204,2026-02-17 12:59:00,103.4,Entertainment,Online
TXN_007606,CUST_0394,2026-02-13 08:06:00,2.29,Grocery,Mobile
TXN_007607,CUST_0121,2026-04-25 21:26:00,58.56,Travel,Online
TXN_007608,CUST_0382,2026-03-26 15:36:00,23.79,Shopping,POS
TXN_007609,CUST_0445,2026-02-13 13:42:00,56.08,Healthcare,POS
TXN_007610,CUST_0380,2026-06-26 07:56:00,226.39,Entertainment,POS
TXN_007611,CUST_0482,2026-03-17 21:46:00,3.65,Grocery,Mobile
TXN_007612,CUST_0177,2026-06-19 01:27:00,98.22,Grocery,ATM
TXN_007613,CUST_0175,2026-05-05 02:51:00,27.78,Travel,Mobile
TXN_007614,CUST_0071,2026-06-06 07:56:00,202.94,Entertainment,Mobile
TXN_007615,CUST_0316,2026-06-15 05:21:00,5.86,Electronics,Online
TXN_007616,CUST_0281,2026-01-12 06:05:00,24.74,Restaurant,POS
TXN_007617,CUST_0479,2026-03-13 17:52:00,134.38,Grocery,POS
TXN_007618,CUST_0168,2026-03-19 09:21:00,41.25,Shopping,POS
TXN_007619,CUST_0119,2026-03-20 08:49:00,209.89,Entertainment,POS
TXN_007620,CUST_0497,2026-04-09 19:03:00,9.0,Grocery,POS
TXN_007621,CUST_0182,2026-05-15 21:57:00,9.53,Grocery,POS
TXN_007622,CUST_0303,2026-03-03 01:58:00,35.58,Restaurant,POS
TXN_007623,CUST_0459,2026-01-01 04:56:00,173.39,Entertainment,POS
TXN_007624,CUST_0392,2026-06-14 10:37:00,244.23,Shopping,POS
TXN_007625,CUST_0082,2026-04-04 13:36:00,165.07,Restaurant,Mobile
TXN_007626,CUST_0054,2026-02-06 20:44:00,26.43,Travel,Online
TXN_007627,CUST_0336,2026-01-16 09:01:00,42.34,Grocery,Mobile
TXN_007628,CUST_0007,2026-04-20 22:35:00,20.92,Utilities,Online
TXN_007629,CUST_0260,2026-05-10 21:56:00,40.88,Travel,Mobile
TXN_007630,CUST_0008,2026-02-06 21:03:00,34.9,Shopping,Mobile
TXN_007631,CUST_0019,2026-06-15 06:16:00,177.83,Restaurant,POS
TXN_007632,CUST_0438,2026-02-19 02:01:00,151.1,Entertainment,Online
TXN_007633,CUST_0022,2026-02-06 04:06:00,62.12,Shopping,POS
TXN_007634,CUST_0266,2026-01-01 22:49:00,57.49,Electronics,Online
TXN_007635,CUST_0245,2026-02-23 10:05:00,47.88,Entertainment,Online
TXN_007636,CUST_0472,2026-03-06 12:40:00,16.59,Entertainment,Online
TXN_007637,CUST_0387,2026-05-25 02:24:00,11.5,Utilities,Online
TXN_007638,CUST_0342,2026-06-06 03:14:00,19.22,Grocery,POS
TXN_007639,CUST_0464,2026-06-21 10:06:00,266.88,Entertainment,ATM
TXN_007640,CUST_0056,2026-04-18 08:00:00,15.1,Restaurant,Online
TXN_007641,CUST_0413,2026-05-21 15:21:00,15.31,Electronics,ATM
TXN_007642,CUST_0364,2026-01-30 10:32:00,102.08,Utilities,Online
TXN_007643,CUST_0440,2026-04-18 07:46:00,173.82,Travel,Mobile
TXN_007644,CUST_0396,2026-04-15 14:30:00,23.7,Electronics,POS
TXN_007645,CUST_0442,2026-05-27 10:28:00,18.01,Grocery,Online
TXN_007646,CUST_0451,2026-03-15 11:04:00,3.57,Restaurant,POS
TXN_007647,CUST_0162,2026-02-22 23:26:00,31.05,Healthcare,Online
TXN_007648,CUST_0002,2026-02-13 02:28:00,18.72,Travel,Online
TXN_007649,CUST_0369,2026-04-21 16:30:00,98.75,Utilities,Online
TXN_007650,CUST_0467,2026-01-13 13:22:00,4.95,Entertainment,Online
TXN_007651,CUST_0057,2026-04-15 00:52:00,47.19,Travel,POS
TXN_007652,CUST_0122,2026-02-06 12:06:00,166.41,Electronics,Online
TXN_007653,CUST_0497,2026-05-22 08:35:00,112.15,Healthcare,Mobile
TXN_007654,CUST_0315,2026-04-02 12:53:00,78.41,Healthcare,Mobile
TXN_007655,CUST_0003,2026-05-18 18:01:00,55.18,Utilities,Online
TXN_007656,CUST_0191,2026-03-16 23:38:00,4.84,Travel,Mobile
TXN_007657,CUST_0133,2026-05-16 05:15:00,210.45,Entertainment,Online
TXN_007658,CUST_0211,2026-03-09 01:15:00,34.52,Entertainment,ATM
TXN_007659,CUST_0144,2026-04-01 00:03:00,38.62,Healthcare,Mobile
TXN_007660,CUST_0171,2026-02-08 22:54:00,39.73,Restaurant,Online
TXN_007661,CUST_0017,2026-06-16 09:23:00,23.32,Utilities,POS
TXN_007662,CUST_0363,2026-02-21 22:09:00,56.16,Shopping,Mobile
TXN_007663,CUST_0416,2026-03-02 23:09:00,84.89,Electronics,Mobile
TXN_007664,CUST_0319,2026-01-30 16:51:00,101.04,Grocery,Mobile
TXN_007665,CUST_0468,2026-02-01 14:20:00,23.3,Shopping,POS
TXN_007666,CUST_0070,2026-03-17 19:19:00,30.71,Electronics,POS
TXN_007667,CUST_0229,2026-04-08 15:20:00,4.3,Travel,Online
TXN_007668,CUST_0450,2026-01-01 17:24:00,37.06,Healthcare,Mobile
TXN_007669,CUST_0478,2026-05-08 02:38:00,14.7,Utilities,ATM
TXN_007670,CUST_0078,2026-01-31 03:13:00,32.5,Entertainment,POS
TXN_007671,CUST_0430,2026-02-10 20:02:00,7.36,Shopping,Mobile
TXN_007672,CUST_0401,2026-01-10 02:24:00,392.52,Utilities,Online
TXN_007673,CUST_0496,2026-04-08 12:35:00,25.61,Shopping,POS
TXN_007674,CUST_0207,2026-05-20 04:18:00,57.23,Electronics,Online
TXN_007675,CUST_0417,2026-03-30 03:19:00,14.68,Travel,POS
TXN_007676,CUST_0250,2026-03-25 04:13:00,6.01,Electronics,POS
TXN_007677,CUST_0475,2026-02-01 15:03:00,22.32,Travel,POS
TXN_007678,CUST_0090,2026-05-11 18:54:00,14.96,Utilities,Online
TXN_007679,CUST_0153,2026-01-17 15:58:00,22.71,Shopping,Mobile
TXN_007680,CUST_0208,2026-06-07 13:37:00,49.25,Grocery,POS
TXN_007681,CUST_0010,2026-06-01 14:46:00,71.94,Shopping,POS
TXN_007682,CUST_0391,2026-04-10 23:55:00,97.71,Utilities,Mobile
TXN_007683,CUST_0285,2026-02-17 08:04:00,6.8,Healthcare,Online
TXN_007684,CUST_0001,2026-06-03 06:37:00,23.57,Healthcare,Online
TXN_007685,CUST_0108,2026-03-02 17:43:00,26.53,Shopping,Online
TXN_007686,CUST_0252,2026-05-14 07:54:00,39.66,Restaurant,Online
TXN_007687,CUST_0486,2026-02-27 23:25:00,61.91,Grocery,POS
TXN_007688,CUST_0030,2026-06-20 23:47:00,94.58,Healthcare,Mobile
TXN_007689,CUST_0476,2026-03-12 04:07:00,13.4,Entertainment,Online
TXN_007690,CUST_0015,2026-04-24 03:04:00,23.69,Shopping,Online
TXN_007691,CUST_0003,2026-03-12 04:11:00,79.28,Utilities,Online
TXN_007692,CUST_0139,2026-03-24 13:53:00,23.13,Restaurant,Online
TXN_007693,CUST_0401,2026-05-10 02:18:00,22.35,Grocery,ATM
TXN_007694,CUST_0218,2026-01-01 19:05:00,5.55,Restaurant,POS
TXN_007695,CUST_0408,2026-05-16 11:17:00,7.1,Travel,Online
TXN_007696,CUST_0108,2026-05-23 20:25:00,20.76,Grocery,ATM
TXN_007697,CUST_0338,2026-05-06 17:09:00,74.68,Shopping,POS
TXN_007698,CUST_0457,2026-06-29 23:37:00,51.47,Restaurant,POS
TXN_007699,CUST_0230,2026-03-26 21:17:00,14.24,Healthcare,POS
TXN_007700,CUST_0458,2026-06-14 07:44:00,8.15,Entertainment,Mobile
TXN_007701,CUST_0189,2026-04-11 03:52:00,16.03,Entertainment,Online
TXN_007702,CUST_0451,2026-05-22 07:58:00,19.44,Travel,Online
TXN_007703,CUST_0399,2026-01-18 19:52:00,24.6,Restaurant,POS
TXN_007704,CUST_0348,2026-04-23 23:15:00,72.29,Grocery,Online
TXN_007705,CUST_0484,2026-02-28 03:52:00,68.79,Restaurant,Online
TXN_007706,CUST_0051,2026-06-01 00:34:00,28.98,Shopping,Mobile
TXN_007707,CUST_0038,2026-03-30 22:13:00,7.78,Grocery,Online
TXN_007708,CUST_0086,2026-04-07 00:20:00,37.75,Travel,Online
TXN_007709,CUST_0215,2026-01-29 13:42:00,57.32,Entertainment,Mobile
TXN_007710,CUST_0032,2026-04-24 20:12:00,166.03,Shopping,POS
TXN_007711,CUST_0368,2026-06-11 09:28:00,136.36,Utilities,Online
TXN_007712,CUST_0379,2026-05-02 02:48:00,2.72,Utilities,POS
TXN_007713,CUST_0353,2026-03-30 10:20:00,14.05,Healthcare,POS
TXN_007714,CUST_0385,2026-03-29 10:14:00,36.4,Healthcare,Online
TXN_007715,CUST_0400,2026-02-19 17:54:00,17.85,Healthcare,Mobile
TXN_007716,CUST_0326,2026-01-15 19:41:00,57.95,Utilities,Online
TXN_007717,CUST_0382,2026-03-21 23:05:00,22.15,Travel,Online
TXN_007718,CUST_0270,2026-03-20 04:26:00,21.67,Travel,Online
TXN_007719,CUST_0050,2026-05-20 15:30:00,4.65,Grocery,Online
TXN_007720,CUST_0446,2026-03-17 04:48:00,54.94,Healthcare,POS
TXN_007721,CUST_0454,2026-04-09 23:53:00,79.67,Utilities,Online
TXN_007722,CUST_0056,2026-03-24 14:30:00,33.18,Healthcare,POS
TXN_007723,CUST_0007,2026-03-17 12:39:00,6.29,Healthcare,Online
TXN_007724,CUST_0441,2026-04-28 05:38:00,44.19,Shopping,POS
TXN_007725,CUST_0153,2026-01-30 09:14:00,4.66,Shopping,Online
TXN_007726,CUST_0227,2026-06-20 12:44:00,6.13,Travel,Online
TXN_007727,CUST_0316,2026-01-29 18:09:00,59.98,Utilities,Online
TXN_007728,CUST_0300,2026-03-30 07:11:00,28.31,Entertainment,Online
TXN_007729,CUST_0420,2026-02-06 17:01:00,148.08,Utilities,POS
TXN_007730,CUST_0171,2026-06-08 16:05:00,18.76,Restaurant,Online
TXN_007731,CUST_0272,2026-06-18 13:17:00,33.4,Restaurant,POS
TXN_007732,CUST_0133,2026-03-16 09:46:00,177.46,Restaurant,Online
TXN_007733,CUST_0486,2026-03-21 21:36:00,65.87,Electronics,POS
TXN_007734,CUST_0297,2026-05-27 11:43:00,33.96,Travel,POS
TXN_007735,CUST_0379,2026-02-27 16:24:00,23.24,Entertainment,Online
TXN_007736,CUST_0055,2026-02-19 16:15:00,98.72,Entertainment,POS
TXN_007737,CUST_0121,2026-05-07 13:39:00,9.35,Electronics,Online
TXN_007738,CUST_0450,2026-02-06 08:40:00,32.3,Grocery,ATM
TXN_007739,CUST_0078,2026-06-18 10:25:00,46.21,Entertainment,Online
TXN_007740,CUST_0279,2026-03-25 19:51:00,171.94,Travel,ATM
TXN_007741,CUST_0273,2026-05-04 04:58:00,103.18,Shopping,Mobile
TXN_007742,CUST_0451,2026-05-25 13:43:00,122.76,Electronics,Mobile
TXN_007743,CUST_0309,2026-04-16 18:57:00,66.63,Restaurant,Online
TXN_007744,CUST_0023,2026-01-29 07:15:00,59.0,Restaurant,Online
TXN_007745,CUST_0110,2026-01-14 00:47:00,9.98,Utilities,POS
TXN_007746,CUST_0211,2026-03-20 04:59:00,25.0,Electronics,POS
TXN_007747,CUST_0198,2026-02-17 11:43:00,12.13,Healthcare,Online
TXN_007748,CUST_0491,2026-04-25 06:52:00,80.42,Healthcare,Online
TXN_007749,CUST_0456,2026-03-24 04:32:00,19.26,Restaurant,POS
TXN_007750,CUST_0096,2026-02-14 17:03:00,53.58,Healthcare,POS
TXN_007751,CUST_0063,2026-04-01 04:55:00,6.58,Electronics,Online
TXN_007752,CUST_0447,2026-02-05 12:18:00,14.05,Entertainment,Mobile
TXN_007753,CUST_0099,2026-01-18 20:15:00,163.25,Utilities,Online
TXN_007754,CUST_0063,2026-06-17 08:38:00,576.05,Restaurant,POS
TXN_007755,CUST_0302,2026-06-01 11:29:00,6.17,Shopping,ATM
TXN_007756,CUST_0407,2026-06-08 22:09:00,4.93,Entertainment,Online
TXN_007757,CUST_0426,2026-05-30 13:03:00,41.56,Entertainment,Online
TXN_007758,CUST_0112,2026-05-06 19:57:00,16.94,Entertainment,Online
TXN_007759,CUST_0427,2026-05-09 22:22:00,12.15,Healthcare,POS
TXN_007760,CUST_0014,2026-02-05 10:31:00,70.7,Restaurant,Online
TXN_007761,CUST_0242,2026-06-19 00:01:00,13.02,Electronics,POS
TXN_007762,CUST_0388,2026-06-25 21:09:00,106.11,Healthcare,POS
TXN_007763,CUST_0004,2026-04-26 08:10:00,98.86,Shopping,POS
TXN_007764,CUST_0203,2026-02-15 11:01:00,8.62,Entertainment,Mobile
TXN_007765,CUST_0495,2026-01-27 06:46:00,31.32,Healthcare,Online
TXN_007766,CUST_0463,2026-06-11 09:34:00,32.14,Electronics,Online
TXN_007767,CUST_0049,2026-06-20 19:16:00,33.47,Utilities,Mobile
TXN_007768,CUST_0485,2026-05-09 20:15:00,6.36,Travel,POS
TXN_007769,CUST_0487,2026-01-19 01:13:00,16.12,Utilities,Online
TXN_007770,CUST_0167,2026-01-09 13:24:00,24.31,Restaurant,Mobile
TXN_007771,CUST_0310,2026-06-29 09:52:00,24.46,Electronics,POS
TXN_007772,CUST_0179,2026-05-27 07:03:00,206.75,Travel,Online
TXN_007773,CUST_0153,2026-06-12 02:35:00,12.81,Grocery,Online
TXN_007774,CUST_0036,2026-03-20 22:53:00,9.79,Utilities,Online
TXN_007775,CUST_0227,2026-04-15 06:10:00,30.38,Entertainment,Mobile
TXN_007776,CUST_0453,2026-01-10 21:43:00,65.36,Healthcare,Online
TXN_007777,CUST_0017,2026-02-07 20:10:00,26.32,Electronics,POS
TXN_007778,CUST_0137,2026-06-12 12:36:00,19.88,Utilities,Online
TXN_007779,CUST_0397,2026-05-28 14:08:00,148.35,Electronics,Online
TXN_007780,CUST_0122,2026-03-13 15:40:00,30.61,Utilities,ATM
TXN_007781,CUST_0236,2026-05-29 20:55:00,56.32,Travel,POS
TXN_007782,CUST_0301,2026-05-03 00:14:00,62.62,Utilities,Mobile
TXN_007783,CUST_0298,2026-05-26 03:26:00,13.1,Entertainment,Mobile
TXN_007784,CUST_0227,2026-06-15 01:42:00,8.76,Shopping,Mobile
TXN_007785,CUST_0295,2026-03-06 03:18:00,12.47,Entertainment,POS
TXN_007786,CUST_0048,2026-01-27 17:52:00,42.75,Shopping,Mobile
TXN_007787,CUST_0137,2026-05-10 02:50:00,10.41,Electronics,Online
TXN_007788,CUST_0135,2026-05-16 23:12:00,80.02,Restaurant,Online
TXN_007789,CUST_0215,2026-05-22 17:38:00,13.7,Entertainment,ATM
TXN_007790,CUST_0162,2026-02-19 04:22:00,24.12,Grocery,POS
TXN_007791,CUST_0078,2026-06-17 12:46:00,263.4,Electronics,ATM
TXN_007792,CUST_0071,2026-02-13 02:43:00,22.87,Utilities,POS
TXN_007793,CUST_0139,2026-01-26 14:21:00,136.82,Entertainment,Online
TXN_007794,CUST_0445,2026-04-04 12:11:00,6.04,Travel,Online
TXN_007795,CUST_0089,2026-04-10 19:35:00,49.09,Healthcare,POS
TXN_007796,CUST_0089,2026-06-18 07:39:00,30.11,Travel,Mobile
TXN_007797,CUST_0233,2026-04-02 18:01:00,13.83,Grocery,Online
TXN_007798,CUST_0064,2026-06-07 00:25:00,23.19,Utilities,Online
TXN_007799,CUST_0131,2026-05-02 08:57:00,17.84,Utilities,POS
TXN_007800,CUST_0124,2026-05-14 17:22:00,26.85,Shopping,POS
TXN_007801,CUST_0398,2026-04-12 11:04:00,38.0,Restaurant,POS
TXN_007802,CUST_0222,2026-05-24 18:41:00,173.96,Travel,Online
TXN_007803,CUST_0312,2026-03-10 10:47:00,47.47,Travel,POS
TXN_007804,CUST_0005,2026-01-31 04:44:00,6.06,Entertainment,Mobile
TXN_007805,CUST_0037,2026-04-30 21:42:00,202.24,Utilities,POS
TXN_007806,CUST_0179,2026-01-15 12:39:00,186.38,Travel,Online
TXN_007807,CUST_0075,2026-04-27 07:58:00,44.19,Electronics,POS
TXN_007808,CUST_0415,2026-01-04 11:06:00,70.75,Entertainment,ATM
TXN_007809,CUST_0127,2026-03-31 02:15:00,20.53,Travel,Mobile
TXN_007810,CUST_0414,2026-05-25 03:22:00,15.21,Restaurant,POS
TXN_007811,CUST_0181,2026-01-09 12:11:00,14.61,Electronics,Mobile
TXN_007812,CUST_0209,2026-05-24 03:23:00,11.04,Utilities,ATM
TXN_007813,CUST_0143,2026-01-03 15:58:00,12.33,Utilities,Mobile
TXN_007814,CUST_0369,2026-05-18 21:57:00,223.66,Restaurant,Mobile
TXN_007815,CUST_0362,2026-06-14 02:58:00,149.33,Utilities,POS
TXN_007816,CUST_0336,2026-04-20 19:52:00,8.99,Utilities,Mobile
TXN_007817,CUST_0022,2026-05-18 08:39:00,38.7,Healthcare,Mobile
TXN_007818,CUST_0107,2026-06-08 10:16:00,5.93,Travel,Mobile
TXN_007819,CUST_0307,2026-02-25 14:53:00,68.84,Shopping,POS
TXN_007820,CUST_0443,2026-05-27 16:24:00,19.5,Grocery,POS
TXN_007821,CUST_0201,2026-01-16 23:33:00,11.51,Shopping,POS
TXN_007822,CUST_0335,2026-06-12 14:52:00,35.83,Utilities,POS
TXN_007823,CUST_0222,2026-02-11 19:58:00,95.85,Grocery,Mobile
TXN_007824,CUST_0081,2026-06-01 06:31:00,8.56,Electronics,Online
TXN_007825,CUST_0447,2026-03-02 02:37:00,12.3,Utilities,Mobile
TXN_007826,CUST_0194,2026-02-27 19:37:00,20.02,Grocery,Online
TXN_007827,CUST_0185,2026-03-26 17:27:00,8.68,Grocery,POS
TXN_007828,CUST_0319,2026-03-28 14:06:00,177.91,Shopping,POS
TXN_007829,CUST_0431,2026-06-29 14:16:00,10.79,Grocery,Online
TXN_007830,CUST_0177,2026-01-10 01:44:00,13.05,Electronics,POS
TXN_007831,CUST_0237,2026-01-13 04:54:00,109.76,Travel,POS
TXN_007832,CUST_0185,2026-04-23 11:20:00,69.15,Entertainment,Mobile
TXN_007833,CUST_0319,2026-04-02 07:38:00,23.47,Grocery,Mobile
TXN_007834,CUST_0444,2026-01-09 16:33:00,34.73,Travel,Mobile
TXN_007835,CUST_0447,2026-01-02 20:41:00,166.28,Electronics,Online
TXN_007836,CUST_0016,2026-02-03 23:01:00,126.31,Restaurant,POS
TXN_007837,CUST_0020,2026-05-21 16:32:00,7.64,Electronics,POS
TXN_007838,CUST_0262,2026-02-12 16:13:00,36.98,Travel,Online
TXN_007839,CUST_0387,2026-01-24 19:51:00,18.13,Utilities,Mobile
TXN_007840,CUST_0280,2026-02-08 07:55:00,30.66,Shopping,Online
TXN_007841,CUST_0443,2026-01-02 04:36:00,113.64,Entertainment,Online
TXN_007842,CUST_0053,2026-02-25 00:18:00,116.86,Entertainment,Mobile
TXN_007843,CUST_0040,2026-06-06 07:54:00,57.03,Utilities,POS
TXN_007844,CUST_0094,2026-03-21 01:07:00,36.19,Travel,POS
TXN_007845,CUST_0391,2026-05-28 01:41:00,57.36,Restaurant,POS
TXN_007846,CUST_0132,2026-04-13 02:03:00,98.23,Entertainment,POS
TXN_007847,CUST_0076,2026-02-09 01:18:00,7.28,Restaurant,POS
TXN_007848,CUST_0210,2026-05-08 00:31:00,323.88,Electronics,POS
TXN_007849,CUST_0146,2026-05-09 11:11:00,17.13,Grocery,POS
TXN_007850,CUST_0212,2026-04-10 03:41:00,27.41,Entertainment,POS
TXN_007851,CUST_0430,2026-02-13 02:15:00,30.8,Utilities,ATM
TXN_007852,CUST_0011,2026-05-10 20:03:00,38.74,Grocery,ATM
TXN_007853,CUST_0106,2026-06-25 00:34:00,26.92,Restaurant,Online
TXN_007854,CUST_0295,2026-01-05 19:02:00,65.72,Shopping,ATM
TXN_007855,CUST_0168,2026-02-06 22:46:00,15.27,Entertainment,Mobile
TXN_007856,CUST_0218,2026-01-26 17:11:00,22.51,Shopping,Online
TXN_007857,CUST_0268,2026-04-01 09:42:00,13.76,Shopping,Online
TXN_007858,CUST_0193,2026-06-29 22:33:00,20.39,Restaurant,Online
TXN_007859,CUST_0093,2026-01-03 22:01:00,15.29,Healthcare,POS
TXN_007860,CUST_0232,2026-03-07 01:56:00,27.12,Electronics,POS
TXN_007861,CUST_0177,2026-03-24 08:29:00,7.06,Travel,POS
TXN_007862,CUST_0212,2026-05-15 07:48:00,5.27,Shopping,ATM
TXN_007863,CUST_0233,2026-02-01 22:46:00,29.64,Shopping,POS
TXN_007864,CUST_0044,2026-03-20 15:52:00,28.96,Shopping,Online
TXN_007865,CUST_0063,2026-04-22 20:21:00,26.26,Utilities,Online
TXN_007866,CUST_0188,2026-02-06 05:26:00,202.65,Travel,Online
TXN_007867,CUST_0264,2026-02-20 15:33:00,50.83,Electronics,Online
TXN_007868,CUST_0217,2026-03-21 06:44:00,15.84,Restaurant,POS
TXN_007869,CUST_0383,2026-04-17 15:49:00,13.25,Utilities,Online
TXN_007870,CUST_0240,2026-06-19 20:42:00,6.34,Utilities,Mobile
TXN_007871,CUST_0166,2026-02-11 00:03:00,73.57,Grocery,Mobile
TXN_007872,CUST_0390,2026-06-06 00:26:00,87.4,Electronics,Online
TXN_007873,CUST_0069,2026-01-14 15:21:00,10.1,Grocery,Mobile
TXN_007874,CUST_0168,2026-03-16 07:18:00,6.12,Travel,Mobile
TXN_007875,CUST_0288,2026-01-11 15:09:00,34.66,Entertainment,Online
TXN_007876,CUST_0282,2026-04-23 02:00:00,37.13,Utilities,Mobile
TXN_007877,CUST_0269,2026-04-06 16:02:00,113.64,Grocery,Mobile
TXN_007878,CUST_0411,2026-02-16 00:37:00,5.88,Travel,Online
TXN_007879,CUST_0168,2026-05-22 09:51:00,112.35,Healthcare,Mobile
TXN_007880,CUST_0442,2026-04-28 01:02:00,9.2,Shopping,Online
TXN_007881,CUST_0395,2026-04-24 20:51:00,10.71,Electronics,Online
TXN_007882,CUST_0009,2026-05-12 04:18:00,274.33,Healthcare,Mobile
TXN_007883,CUST_0485,2026-01-04 22:07:00,1.57,Grocery,POS
TXN_007884,CUST_0343,2026-05-16 13:59:00,15.27,Utilities,Online
TXN_007885,CUST_0339,2026-03-25 06:42:00,44.83,Healthcare,Online
TXN_007886,CUST_0214,2026-02-24 14:15:00,53.97,Utilities,POS
TXN_007887,CUST_0178,2026-01-02 05:17:00,56.19,Entertainment,POS
TXN_007888,CUST_0342,2026-05-04 02:52:00,29.2,Healthcare,POS
TXN_007889,CUST_0448,2026-04-07 23:01:00,29.59,Healthcare,POS
TXN_007890,CUST_0394,2026-03-29 09:09:00,38.05,Grocery,Mobile
TXN_007891,CUST_0273,2026-05-16 12:13:00,31.75,Shopping,POS
TXN_007892,CUST_0459,2026-01-10 17:09:00,69.35,Shopping,Mobile
TXN_007893,CUST_0390,2026-01-15 13:59:00,32.04,Entertainment,POS
TXN_007894,CUST_0215,2026-01-29 20:23:00,34.73,Entertainment,Online
TXN_007895,CUST_0200,2026-06-07 04:05:00,20.17,Utilities,Online
TXN_007896,CUST_0078,2026-02-11 01:15:00,38.2,Utilities,Online
TXN_007897,CUST_0148,2026-02-05 03:25:00,20.43,Entertainment,Mobile
TXN_007898,CUST_0135,2026-03-07 23:04:00,974.85,Entertainment,Online
TXN_007899,CUST_0254,2026-05-05 08:16:00,64.63,Shopping,Online
TXN_007900,CUST_0171,2026-05-29 19:11:00,8.75,Shopping,Mobile
TXN_007901,CUST_0367,2026-03-03 17:41:00,164.42,Shopping,Mobile
TXN_007902,CUST_0031,2026-06-04 12:02:00,126.68,Grocery,POS
TXN_007903,CUST_0197,2026-03-06 01:18:00,4.8,Travel,ATM
TXN_007904,CUST_0243,2026-06-16 00:11:00,59.18,Healthcare,Mobile
TXN_007905,CUST_0383,2026-02-13 20:20:00,174.34,Entertainment,POS
TXN_007906,CUST_0045,2026-01-28 00:30:00,90.57,Grocery,Online
TXN_007907,CUST_0315,2026-02-22 02:48:00,61.1,Healthcare,Mobile
TXN_007908,CUST_0102,2026-05-07 05:09:00,130.98,Electronics,Online
TXN_007909,CUST_0167,2026-05-29 16:08:00,62.09,Utilities,POS
TXN_007910,CUST_0345,2026-02-09 15:59:00,28.66,Shopping,POS
TXN_007911,CUST_0073,2026-02-04 17:19:00,10.34,Restaurant,POS
TXN_007912,CUST_0431,2026-06-02 14:26:00,78.01,Grocery,Online
TXN_007913,CUST_0310,2026-02-05 19:54:00,9.06,Healthcare,ATM
TXN_007914,CUST_0190,2026-01-28 20:29:00,52.07,Utilities,Mobile
TXN_007915,CUST_0208,2026-03-21 09:07:00,24.1,Shopping,Online
TXN_007916,CUST_0497,2026-03-18 08:12:00,23.73,Restaurant,Mobile
TXN_007917,CUST_0171,2026-02-08 07:19:00,125.5,Travel,Online
TXN_007918,CUST_0333,2026-01-13 18:02:00,33.09,Entertainment,POS
TXN_007919,CUST_0120,2026-03-07 20:34:00,37.34,Restaurant,ATM
TXN_007920,CUST_0333,2026-01-10 00:54:00,334.38,Electronics,Online
TXN_007921,CUST_0442,2026-04-06 00:14:00,58.71,Utilities,POS
TXN_007922,CUST_0158,2026-02-25 16:37:00,46.48,Entertainment,Online
TXN_007923,CUST_0035,2026-01-09 21:18:00,17.69,Shopping,Online
TXN_007924,CUST_0368,2026-05-10 13:34:00,88.95,Electronics,Online
TXN_007925,CUST_0361,2026-02-18 19:37:00,608.1,Grocery,POS
TXN_007926,CUST_0018,2026-06-26 13:44:00,11.65,Healthcare,Online
TXN_007927,CUST_0119,2026-06-01 05:21:00,20.02,Travel,ATM
TXN_007928,CUST_0400,2026-03-25 11:10:00,4.97,Entertainment,ATM
TXN_007929,CUST_0124,2026-05-28 23:29:00,35.77,Entertainment,ATM
TXN_007930,CUST_0147,2026-06-19 08:43:00,26.1,Travel,ATM
TXN_007931,CUST_0373,2026-02-09 21:08:00,58.17,Electronics,POS
TXN_007932,CUST_0254,2026-01-09 03:15:00,41.36,Electronics,Mobile
TXN_007933,CUST_0307,2026-04-27 10:27:00,12.72,Entertainment,POS
TXN_007934,CUST_0264,2026-03-07 12:57:00,18.55,Restaurant,Online
TXN_007935,CUST_0054,2026-05-30 03:21:00,21.8,Utilities,Online
TXN_007936,CUST_0269,2026-03-29 10:56:00,2.8,Entertainment,POS
TXN_007937,CUST_0075,2026-04-24 17:43:00,10.56,Grocery,Online
TXN_007938,CUST_0108,2026-02-13 00:29:00,39.56,Entertainment,Online
TXN_007939,CUST_0376,2026-01-22 03:09:00,107.0,Healthcare,Online
TXN_007940,CUST_0360,2026-05-18 18:19:00,14.86,Electronics,Mobile
TXN_007941,CUST_0248,2026-05-14 15:27:00,21.28,Entertainment,ATM
TXN_007942,CUST_0197,2026-02-15 18:33:00,51.94,Entertainment,Online
TXN_007943,CUST_0211,2026-06-05 09:08:00,52.38,Electronics,Mobile
TXN_007944,CUST_0383,2026-03-05 10:16:00,25.64,Entertainment,Mobile
TXN_007945,CUST_0439,2026-03-16 22:24:00,14.6,Grocery,Mobile
TXN_007946,CUST_0308,2026-03-15 05:19:00,5.64,Restaurant,Mobile
TXN_007947,CUST_0447,2026-04-17 19:29:00,37.28,Electronics,Mobile
TXN_007948,CUST_0005,2026-04-25 20:01:00,65.26,Grocery,Online
TXN_007949,CUST_0198,2026-03-01 11:21:00,27.79,Restaurant,POS
TXN_007950,CUST_0023,2026-04-13 02:25:00,6.22,Electronics,Online
TXN_007951,CUST_0196,2026-04-25 07:04:00,58.51,Restaurant,Mobile
TXN_007952,CUST_0427,2026-01-17 18:09:00,11.94,Entertainment,POS
TXN_007953,CUST_0246,2026-05-13 13:23:00,8.9,Shopping,POS
TXN_007954,CUST_0164,2026-01-17 00:19:00,55.51,Restaurant,Online
TXN_007955,CUST_0406,2026-02-23 13:56:00,103.74,Travel,Online
TXN_007956,CUST_0345,2026-03-27 01:39:00,608.25,Grocery,Online
TXN_007957,CUST_0373,2026-06-04 14:38:00,29.71,Grocery,POS
TXN_007958,CUST_0116,2026-04-25 10:20:00,14.47,Travel,POS
TXN_007959,CUST_0108,2026-04-23 06:28:00,108.23,Entertainment,POS
TXN_007960,CUST_0245,2026-06-19 06:53:00,17.95,Travel,POS
TXN_007961,CUST_0059,2026-05-16 13:29:00,102.54,Utilities,POS
TXN_007962,CUST_0416,2026-06-25 23:38:00,18.74,Grocery,Online
TXN_007963,CUST_0135,2026-05-11 12:54:00,16.56,Travel,Online
TXN_007964,CUST_0419,2026-05-09 21:05:00,30.7,Electronics,POS
TXN_007965,CUST_0306,2026-04-28 04:08:00,7.85,Grocery,Online
TXN_007966,CUST_0162,2026-04-20 06:21:00,20.61,Electronics,Online
TXN_007967,CUST_0324,2026-02-02 05:38:00,25.69,Grocery,Mobile
TXN_007968,CUST_0203,2026-01-27 21:08:00,35.24,Travel,POS
TXN_007969,CUST_0369,2026-06-26 23:12:00,42.22,Restaurant,Online
TXN_007970,CUST_0378,2026-02-25 08:22:00,7.22,Electronics,Online
TXN_007971,CUST_0215,2026-01-23 12:21:00,26.11,Travel,POS
TXN_007972,CUST_0404,2026-04-28 21:47:00,28.66,Restaurant,POS
TXN_007973,CUST_0370,2026-03-31 02:49:00,433.16,Electronics,ATM
TXN_007974,CUST_0266,2026-04-09 02:20:00,3.42,Travel,POS
TXN_007975,CUST_0109,2026-06-07 16:40:00,35.31,Shopping,POS
TXN_007976,CUST_0262,2026-04-01 08:10:00,14.08,Utilities,POS
TXN_007977,CUST_0019,2026-03-13 20:42:00,120.88,Electronics,ATM
TXN_007978,CUST_0497,2026-06-04 14:19:00,224.03,Electronics,Online
TXN_007979,CUST_0178,2026-05-25 22:32:00,14.57,Utilities,ATM
TXN_007980,CUST_0036,2026-03-02 21:26:00,223.73,Shopping,Online
TXN_007981,CUST_0371,2026-05-12 08:50:00,12.93,Electronics,Online
TXN_007982,CUST_0416,2026-05-28 21:44:00,13.66,Entertainment,POS
TXN_007983,CUST_0278,2026-06-17 08:52:00,3.85,Travel,Online
TXN_007984,CUST_0272,2026-06-22 08:16:00,245.61,Electronics,Online
TXN_007985,CUST_0215,2026-06-29 21:13:00,13.77,Travel,Online
TXN_007986,CUST_0380,2026-05-17 18:56:00,52.19,Travel,Mobile
TXN_007987,CUST_0224,2026-06-14 13:40:00,136.6,Restaurant,ATM
TXN_007988,CUST_0191,2026-02-22 14:39:00,15.4,Electronics,POS
TXN_007989,CUST_0422,2026-06-27 21:43:00,14.61,Shopping,Mobile
TXN_007990,CUST_0293,2026-03-07 03:29:00,39.61,Grocery,Online
TXN_007991,CUST_0469,2026-05-14 09:44:00,39.37,Utilities,Online
TXN_007992,CUST_0106,2026-05-31 00:34:00,9.98,Travel,Online
TXN_007993,CUST_0161,2026-01-04 04:29:00,50.79,Grocery,Online
TXN_007994,CUST_0454,2026-02-26 05:55:00,15.18,Grocery,Online
TXN_007995,CUST_0225,2026-03-05 07:28:00,20.05,Restaurant,Online
TXN_007996,CUST_0072,2026-06-03 10:41:00,7.07,Travel,POS
TXN_007997,CUST_0418,2026-02-28 20:47:00,17.04,Grocery,POS
TXN_007998,CUST_0312,2026-01-31 12:31:00,90.88,Utilities,POS
TXN_007999,CUST_0088,2026-02-21 18:34:00,42.98,Utilities,POS
TXN_008000,CUST_0433,2026-02-07 12:26:00,35.55,Travel,Online
TXN_008001,CUST_0244,2026-04-14 02:22:00,15.25,Restaurant,POS
TXN_008002,CUST_0102,2026-05-26 08:13:00,99.32,Entertainment,Online
TXN_008003,CUST_0237,2026-02-19 11:41:00,14.84,Healthcare,POS
TXN_008004,CUST_0074,2026-04-23 16:03:00,51.01,Electronics,Mobile
TXN_008005,CUST_0462,2026-03-05 06:01:00,23.76,Utilities,Mobile
TXN_008006,CUST_0256,2026-05-28 00:23:00,15.3,Grocery,Online
TXN_008007,CUST_0204,2026-05-21 17:15:00,69.36,Entertainment,Mobile
TXN_008008,CUST_0429,2026-04-01 23:25:00,24.33,Travel,POS
TXN_008009,CUST_0470,2026-04-01 21:07:00,3.64,Restaurant,POS
TXN_008010,CUST_0045,2026-06-15 23:59:00,78.35,Travel,POS
TXN_008011,CUST_0225,2026-01-27 03:56:00,6.2,Grocery,Online
TXN_008012,CUST_0273,2026-03-09 19:31:00,32.09,Shopping,Online
TXN_008013,CUST_0138,2026-01-18 23:35:00,85.79,Utilities,POS
TXN_008014,CUST_0262,2026-02-03 21:13:00,127.89,Healthcare,Mobile
TXN_008015,CUST_0361,2026-01-09 09:33:00,68.93,Healthcare,POS
TXN_008016,CUST_0367,2026-01-19 13:26:00,273.17,Restaurant,Online
TXN_008017,CUST_0275,2026-04-11 10:52:00,16.55,Grocery,POS
TXN_008018,CUST_0433,2026-06-16 07:28:00,10.31,Grocery,POS
TXN_008019,CUST_0268,2026-06-02 00:38:00,13.35,Healthcare,Mobile
TXN_008020,CUST_0032,2026-02-14 20:30:00,25.12,Grocery,POS
TXN_008021,CUST_0259,2026-02-16 11:44:00,77.36,Grocery,Mobile
TXN_008022,CUST_0405,2026-03-17 03:00:00,54.93,Shopping,POS
TXN_008023,CUST_0105,2026-01-29 20:52:00,24.41,Entertainment,Online
TXN_008024,CUST_0140,2026-01-20 01:22:00,67.32,Utilities,ATM
TXN_008025,CUST_0073,2026-04-22 16:17:00,55.44,Electronics,Online
TXN_008026,CUST_0187,2026-06-12 19:41:00,63.9,Grocery,POS
TXN_008027,CUST_0034,2026-05-28 19:45:00,10.0,Shopping,Online
TXN_008028,CUST_0367,2026-06-03 05:51:00,39.75,Electronics,ATM
TXN_008029,CUST_0275,2026-03-27 16:52:00,10.14,Travel,Online
TXN_008030,CUST_0334,2026-03-11 09:57:00,43.41,Shopping,Mobile
TXN_008031,CUST_0113,2026-03-28 12:21:00,26.11,Grocery,POS
TXN_008032,CUST_0231,2026-01-21 18:45:00,14.55,Entertainment,Online
TXN_008033,CUST_0297,2026-02-05 00:48:00,142.29,Healthcare,Online
TXN_008034,CUST_0198,2026-02-19 00:58:00,28.96,Electronics,POS
TXN_008035,CUST_0227,2026-04-26 10:47:00,29.76,Grocery,Online
TXN_008036,CUST_0376,2026-06-28 09:41:00,119.41,Electronics,Online
TXN_008037,CUST_0296,2026-02-28 17:38:00,54.21,Restaurant,ATM
TXN_008038,CUST_0006,2026-05-29 19:28:00,17.28,Healthcare,Online
TXN_008039,CUST_0084,2026-01-16 06:53:00,4.19,Travel,ATM
TXN_008040,CUST_0173,2026-02-23 18:28:00,12.54,Travel,Online
TXN_008041,CUST_0054,2026-04-18 10:30:00,11.53,Travel,Online
TXN_008042,CUST_0274,2026-01-12 22:51:00,14.47,Travel,Mobile
TXN_008043,CUST_0379,2026-01-19 16:34:00,28.85,Grocery,POS
TXN_008044,CUST_0105,2026-05-22 20:56:00,24.99,Shopping,POS
TXN_008045,CUST_0165,2026-03-10 03:18:00,316.2,Grocery,POS
TXN_008046,CUST_0071,2026-01-27 14:36:00,32.27,Healthcare,Online
TXN_008047,CUST_0495,2026-06-22 18:26:00,88.6,Healthcare,Mobile
TXN_008048,CUST_0285,2026-05-26 13:48:00,33.15,Shopping,POS
TXN_008049,CUST_0024,2026-02-05 17:39:00,32.62,Utilities,POS
TXN_008050,CUST_0186,2026-02-08 06:07:00,20.55,Travel,Mobile
TXN_008051,CUST_0378,2026-05-16 09:01:00,196.23,Restaurant,Mobile
TXN_008052,CUST_0425,2026-03-01 12:18:00,82.61,Electronics,POS
TXN_008053,CUST_0322,2026-06-05 00:17:00,54.68,Electronics,Mobile
TXN_008054,CUST_0226,2026-05-25 06:05:00,19.77,Electronics,Online
TXN_008055,CUST_0002,2026-01-10 06:49:00,35.62,Electronics,POS
TXN_008056,CUST_0192,2026-05-24 00:57:00,27.16,Restaurant,POS
TXN_008057,CUST_0273,2026-03-31 16:21:00,56.05,Travel,Online
TXN_008058,CUST_0176,2026-04-15 02:26:00,414.33,Utilities,Online
TXN_008059,CUST_0230,2026-01-31 02:07:00,27.39,Restaurant,POS
TXN_008060,CUST_0199,2026-02-28 02:10:00,24.39,Grocery,Online
TXN_008061,CUST_0470,2026-06-21 16:48:00,9.1,Electronics,ATM
TXN_008062,CUST_0265,2026-02-10 16:27:00,7.99,Healthcare,POS
TXN_008063,CUST_0183,2026-03-30 14:51:00,27.16,Travel,Mobile
TXN_008064,CUST_0170,2026-05-28 00:32:00,82.52,Travel,Mobile
TXN_008065,CUST_0009,2026-03-06 18:30:00,42.91,Travel,POS
TXN_008066,CUST_0483,2026-01-17 21:58:00,33.94,Electronics,POS
TXN_008067,CUST_0058,2026-04-30 18:14:00,19.41,Grocery,Mobile
TXN_008068,CUST_0118,2026-05-29 16:32:00,2.11,Electronics,Mobile
TXN_008069,CUST_0072,2026-01-23 19:03:00,91.67,Restaurant,Online
TXN_008070,CUST_0103,2026-06-06 04:02:00,54.32,Healthcare,POS
TXN_008071,CUST_0210,2026-04-12 02:38:00,42.73,Travel,POS
TXN_008072,CUST_0407,2026-03-11 07:25:00,25.72,Utilities,ATM
TXN_008073,CUST_0448,2026-01-30 00:24:00,136.3,Restaurant,Online
TXN_008074,CUST_0124,2026-01-20 16:49:00,13.9,Shopping,POS
TXN_008075,CUST_0018,2026-02-28 19:58:00,67.56,Electronics,Online
TXN_008076,CUST_0456,2026-02-16 21:59:00,171.47,Utilities,Online
TXN_008077,CUST_0401,2026-05-02 01:52:00,50.67,Travel,Online
TXN_008078,CUST_0253,2026-02-10 19:01:00,121.79,Travel,Online
TXN_008079,CUST_0092,2026-04-27 11:18:00,58.04,Restaurant,Online
TXN_008080,CUST_0398,2026-01-03 03:33:00,62.39,Utilities,Online
TXN_008081,CUST_0441,2026-03-12 00:54:00,38.02,Shopping,Online
TXN_008082,CUST_0139,2026-04-30 22:05:00,13.79,Restaurant,POS
TXN_008083,CUST_0286,2026-04-19 01:30:00,77.42,Utilities,ATM
TXN_008084,CUST_0175,2026-06-16 17:40:00,54.85,Healthcare,POS
TXN_008085,CUST_0073,2026-02-18 19:26:00,25.58,Grocery,Online
TXN_008086,CUST_0451,2026-01-25 21:17:00,6.46,Healthcare,Online
TXN_008087,CUST_0428,2026-06-16 00:04:00,30.55,Electronics,Online
TXN_008088,CUST_0172,2026-03-19 17:29:00,23.96,Utilities,POS
TXN_008089,CUST_0431,2026-06-16 11:32:00,114.26,Shopping,Online
TXN_008090,CUST_0185,2026-01-25 00:52:00,18.68,Electronics,Online
TXN_008091,CUST_0450,2026-02-27 05:55:00,39.75,Shopping,Mobile
TXN_008092,CUST_0240,2026-06-01 06:31:00,58.0,Utilities,POS
TXN_008093,CUST_0363,2026-03-03 18:01:00,177.37,Grocery,ATM
TXN_008094,CUST_0094,2026-02-16 21:52:00,38.9,Shopping,Online
TXN_008095,CUST_0482,2026-02-15 15:49:00,16.48,Restaurant,ATM
TXN_008096,CUST_0266,2026-04-19 18:20:00,61.62,Electronics,POS
TXN_008097,CUST_0216,2026-05-31 17:19:00,45.32,Travel,Online
TXN_008098,CUST_0320,2026-02-19 15:35:00,31.91,Electronics,POS
TXN_008099,CUST_0098,2026-06-05 11:06:00,18.17,Restaurant,Mobile
TXN_008100,CUST_0147,2026-02-07 04:17:00,7.96,Travel,Online
TXN_008101,CUST_0187,2026-05-04 01:05:00,62.0,Entertainment,Online
TXN_008102,CUST_0438,2026-03-28 05:02:00,56.61,Travel,Online
TXN_008103,CUST_0322,2026-03-03 03:18:00,32.6,Healthcare,Online
TXN_008104,CUST_0259,2026-04-04 01:32:00,193.09,Shopping,Online
TXN_008105,CUST_0402,2026-04-07 20:39:00,9.19,Healthcare,POS
TXN_008106,CUST_0274,2026-03-26 17:46:00,50.97,Travel,POS
TXN_008107,CUST_0449,2026-04-08 11:51:00,29.69,Utilities,POS
TXN_008108,CUST_0401,2026-06-06 05:22:00,23.79,Utilities,ATM
TXN_008109,CUST_0132,2026-06-20 09:02:00,32.55,Restaurant,POS
TXN_008110,CUST_0354,2026-04-06 13:16:00,47.27,Electronics,Mobile
TXN_008111,CUST_0002,2026-04-09 07:49:00,8.22,Electronics,Mobile
TXN_008112,CUST_0176,2026-01-16 11:17:00,18.26,Electronics,POS
TXN_008113,CUST_0174,2026-05-05 23:14:00,21.52,Healthcare,Mobile
TXN_008114,CUST_0214,2026-04-08 21:08:00,4.62,Grocery,Mobile
TXN_008115,CUST_0493,2026-05-02 18:27:00,57.67,Shopping,Online
TXN_008116,CUST_0321,2026-06-21 10:24:00,16.77,Shopping,Online
TXN_008117,CUST_0293,2026-02-19 02:37:00,33.4,Travel,Online
TXN_008118,CUST_0433,2026-01-13 20:04:00,1898.55,Restaurant,Online
TXN_008119,CUST_0402,2026-02-04 21:38:00,161.08,Entertainment,Online
TXN_008120,CUST_0379,2026-01-02 06:03:00,23.51,Utilities,POS
TXN_008121,CUST_0492,2026-06-01 15:07:00,109.7,Grocery,Mobile
TXN_008122,CUST_0156,2026-06-24 16:16:00,7.63,Entertainment,Mobile
TXN_008123,CUST_0325,2026-03-13 16:16:00,21.19,Travel,ATM
TXN_008124,CUST_0235,2026-01-31 20:45:00,17.09,Utilities,Mobile
TXN_008125,CUST_0224,2026-05-02 05:28:00,16.37,Electronics,Online
TXN_008126,CUST_0250,2026-04-07 00:16:00,16.88,Restaurant,POS
TXN_008127,CUST_0414,2026-05-27 11:59:00,42.85,Utilities,POS
TXN_008128,CUST_0075,2026-03-26 03:52:00,29.52,Utilities,POS
TXN_008129,CUST_0399,2026-01-25 09:10:00,94.57,Travel,POS
TXN_008130,CUST_0412,2026-06-18 20:11:00,18.99,Restaurant,Mobile
TXN_008131,CUST_0328,2026-03-30 11:54:00,21.23,Utilities,Mobile
TXN_008132,CUST_0155,2026-03-10 10:03:00,44.33,Healthcare,Online
TXN_008133,CUST_0347,2026-06-21 13:09:00,23.52,Shopping,POS
TXN_008134,CUST_0484,2026-06-25 15:49:00,2.61,Healthcare,Mobile
TXN_008135,CUST_0202,2026-02-11 00:09:00,7.7,Healthcare,Online
TXN_008136,CUST_0423,2026-01-28 03:20:00,37.31,Utilities,Online
TXN_008137,CUST_0048,2026-01-26 02:46:00,66.11,Grocery,ATM
TXN_008138,CUST_0456,2026-04-06 03:59:00,11.3,Healthcare,POS
TXN_008139,CUST_0285,2026-01-06 12:07:00,15.47,Restaurant,Online
TXN_008140,CUST_0373,2026-05-01 03:19:00,96.75,Entertainment,Online
TXN_008141,CUST_0343,2026-05-13 00:50:00,44.31,Healthcare,POS
TXN_008142,CUST_0036,2026-05-29 05:50:00,11.2,Shopping,Online
TXN_008143,CUST_0332,2026-03-24 18:20:00,35.11,Grocery,POS
TXN_008144,CUST_0409,2026-02-17 14:58:00,183.5,Healthcare,Mobile
TXN_008145,CUST_0277,2026-06-06 14:08:00,3.3,Restaurant,Mobile
TXN_008146,CUST_0230,2026-02-02 12:41:00,106.5,Healthcare,POS
TXN_008147,CUST_0425,2026-06-27 22:53:00,15.85,Electronics,ATM
TXN_008148,CUST_0054,2026-03-12 18:27:00,35.12,Utilities,POS
TXN_008149,CUST_0100,2026-06-17 12:03:00,38.91,Entertainment,Online
TXN_008150,CUST_0134,2026-04-11 00:57:00,29.29,Travel,Mobile
TXN_008151,CUST_0239,2026-04-11 00:37:00,23.43,Restaurant,POS
TXN_008152,CUST_0290,2026-06-13 17:40:00,9.55,Travel,Mobile
TXN_008153,CUST_0384,2026-05-05 03:39:00,13.65,Grocery,Mobile
TXN_008154,CUST_0449,2026-02-17 12:44:00,12.25,Restaurant,Mobile
TXN_008155,CUST_0388,2026-06-02 06:44:00,354.75,Grocery,POS
TXN_008156,CUST_0350,2026-04-14 04:39:00,49.37,Shopping,ATM
TXN_008157,CUST_0493,2026-03-28 21:14:00,24.09,Entertainment,Mobile
TXN_008158,CUST_0471,2026-03-31 03:33:00,37.61,Utilities,POS
TXN_008159,CUST_0298,2026-01-08 10:24:00,51.59,Restaurant,Online
TXN_008160,CUST_0376,2026-03-25 16:23:00,7.27,Electronics,ATM
TXN_008161,CUST_0468,2026-02-10 17:22:00,55.69,Utilities,Online
TXN_008162,CUST_0409,2026-03-24 03:39:00,99.11,Shopping,POS
TXN_008163,CUST_0410,2026-04-24 10:08:00,24.93,Healthcare,Online
TXN_008164,CUST_0168,2026-04-10 01:13:00,53.81,Healthcare,Mobile
TXN_008165,CUST_0464,2026-02-26 01:39:00,218.21,Restaurant,Mobile
TXN_008166,CUST_0272,2026-05-21 05:29:00,48.08,Utilities,ATM
TXN_008167,CUST_0121,2026-04-25 18:56:00,27.24,Shopping,Mobile
TXN_008168,CUST_0044,2026-06-06 12:17:00,37.61,Healthcare,POS
TXN_008169,CUST_0026,2026-06-27 08:07:00,15.81,Shopping,Online
TXN_008170,CUST_0009,2026-05-07 00:17:00,30.79,Grocery,POS
TXN_008171,CUST_0054,2026-04-11 03:59:00,5.18,Entertainment,ATM
TXN_008172,CUST_0268,2026-06-01 01:38:00,17.56,Utilities,Online
TXN_008173,CUST_0082,2026-04-22 12:52:00,19.91,Utilities,Mobile
TXN_008174,CUST_0110,2026-06-16 14:32:00,28.7,Utilities,Online
TXN_008175,CUST_0340,2026-06-04 04:28:00,32.49,Entertainment,Online
TXN_008176,CUST_0172,2026-05-18 10:01:00,4.32,Electronics,POS
TXN_008177,CUST_0218,2026-02-08 21:24:00,109.13,Restaurant,Online
TXN_008178,CUST_0189,2026-06-06 22:33:00,169.68,Travel,POS
TXN_008179,CUST_0213,2026-02-07 04:31:00,45.92,Shopping,ATM
TXN_008180,CUST_0046,2026-06-16 23:55:00,33.87,Shopping,Online
TXN_008181,CUST_0315,2026-03-07 10:57:00,5.38,Grocery,Online
TXN_008182,CUST_0424,2026-03-22 20:43:00,74.88,Travel,POS
TXN_008183,CUST_0139,2026-02-06 22:53:00,189.73,Restaurant,POS
TXN_008184,CUST_0172,2026-01-23 02:49:00,25.31,Grocery,POS
TXN_008185,CUST_0189,2026-01-06 20:18:00,32.4,Restaurant,Online
TXN_008186,CUST_0079,2026-03-09 13:00:00,35.39,Electronics,Online
TXN_008187,CUST_0346,2026-03-30 03:34:00,37.43,Healthcare,Online
TXN_008188,CUST_0018,2026-02-01 09:51:00,6.97,Entertainment,Online
TXN_008189,CUST_0072,2026-04-04 16:04:00,36.6,Travel,POS
TXN_008190,CUST_0375,2026-05-13 16:51:00,8.68,Shopping,Online
TXN_008191,CUST_0437,2026-04-19 14:28:00,12.88,Healthcare,Mobile
TXN_008192,CUST_0317,2026-05-06 04:39:00,61.85,Grocery,POS
TXN_008193,CUST_0291,2026-03-15 18:09:00,43.76,Healthcare,POS
TXN_008194,CUST_0008,2026-02-04 19:41:00,139.57,Travel,POS
TXN_008195,CUST_0323,2026-04-25 00:57:00,6.12,Electronics,POS
TXN_008196,CUST_0330,2026-02-13 09:15:00,105.0,Utilities,ATM
TXN_008197,CUST_0127,2026-05-26 07:12:00,89.32,Shopping,POS
TXN_008198,CUST_0427,2026-04-16 16:26:00,148.48,Entertainment,POS
TXN_008199,CUST_0423,2026-03-17 03:05:00,15.17,Utilities,Online
TXN_008200,CUST_0274,2026-03-12 10:16:00,4.83,Entertainment,Mobile
TXN_008201,CUST_0426,2026-01-05 06:51:00,97.65,Restaurant,POS
TXN_008202,CUST_0270,2026-02-10 23:44:00,8.88,Shopping,Mobile
TXN_008203,CUST_0162,2026-04-19 15:19:00,39.35,Restaurant,Mobile
TXN_008204,CUST_0223,2026-02-10 02:46:00,7.03,Electronics,Mobile
TXN_008205,CUST_0121,2026-06-18 11:51:00,32.32,Grocery,Online
TXN_008206,CUST_0109,2026-04-05 18:57:00,117.35,Healthcare,Mobile
TXN_008207,CUST_0317,2026-05-29 06:34:00,45.09,Utilities,POS
TXN_008208,CUST_0258,2026-06-03 09:21:00,48.23,Healthcare,Mobile
TXN_008209,CUST_0324,2026-02-03 21:08:00,97.92,Shopping,POS
TXN_008210,CUST_0368,2026-01-31 03:20:00,27.61,Utilities,Mobile
TXN_008211,CUST_0204,2026-06-07 21:28:00,19.93,Healthcare,Online
TXN_008212,CUST_0076,2026-03-25 02:41:00,129.16,Shopping,Online
TXN_008213,CUST_0095,2026-06-16 22:54:00,30.05,Utilities,Mobile
TXN_008214,CUST_0022,2026-06-11 07:50:00,37.13,Restaurant,ATM
TXN_008215,CUST_0471,2026-02-27 20:43:00,44.9,Shopping,Mobile
TXN_008216,CUST_0363,2026-06-01 03:45:00,15.57,Restaurant,POS
TXN_008217,CUST_0177,2026-01-12 00:50:00,30.87,Travel,POS
TXN_008218,CUST_0383,2026-06-12 07:44:00,62.44,Travel,POS
TXN_008219,CUST_0198,2026-03-24 23:32:00,86.43,Entertainment,Online
TXN_008220,CUST_0236,2026-03-05 04:30:00,6.48,Utilities,Mobile
TXN_008221,CUST_0394,2026-06-15 11:42:00,15.14,Grocery,Mobile
TXN_008222,CUST_0216,2026-05-04 09:29:00,25.87,Shopping,Mobile
TXN_008223,CUST_0125,2026-06-17 11:12:00,50.1,Grocery,Online
TXN_008224,CUST_0182,2026-03-16 09:48:00,9.0,Electronics,POS
TXN_008225,CUST_0230,2026-01-10 02:36:00,35.45,Healthcare,POS
TXN_008226,CUST_0092,2026-04-16 06:55:00,44.84,Shopping,POS
TXN_008227,CUST_0332,2026-03-18 18:13:00,114.56,Healthcare,Mobile
TXN_008228,CUST_0057,2026-02-08 09:16:00,58.19,Entertainment,POS
TXN_008229,CUST_0038,2026-01-23 22:34:00,33.75,Grocery,POS
TXN_008230,CUST_0354,2026-03-06 19:05:00,63.43,Shopping,Online
TXN_008231,CUST_0471,2026-03-28 00:59:00,16.49,Shopping,POS
TXN_008232,CUST_0318,2026-02-21 12:18:00,1103.09,Grocery,Online
TXN_008233,CUST_0346,2026-06-07 11:37:00,6.02,Grocery,POS
TXN_008234,CUST_0347,2026-01-04 22:35:00,14.11,Grocery,POS
TXN_008235,CUST_0132,2026-03-13 23:46:00,67.55,Entertainment,Mobile
TXN_008236,CUST_0183,2026-01-11 13:21:00,11.41,Utilities,ATM
TXN_008237,CUST_0233,2026-01-27 09:02:00,78.84,Healthcare,Online
TXN_008238,CUST_0477,2026-03-27 11:50:00,166.07,Entertainment,Online
TXN_008239,CUST_0258,2026-06-08 18:31:00,16.98,Electronics,Mobile
TXN_008240,CUST_0293,2026-06-10 08:49:00,25.29,Entertainment,Online
TXN_008241,CUST_0131,2026-04-20 10:55:00,53.86,Restaurant,ATM
TXN_008242,CUST_0260,2026-06-08 10:16:00,12.11,Shopping,Online
TXN_008243,CUST_0005,2026-05-03 21:07:00,54.55,Grocery,POS
TXN_008244,CUST_0391,2026-04-28 07:16:00,12.79,Entertainment,Mobile
TXN_008245,CUST_0303,2026-02-20 23:07:00,17.91,Utilities,Mobile
TXN_008246,CUST_0426,2026-02-08 01:53:00,27.09,Restaurant,POS
TXN_008247,CUST_0422,2026-04-11 06:19:00,9.16,Electronics,Online
TXN_008248,CUST_0225,2026-04-27 12:22:00,55.17,Healthcare,Online
TXN_008249,CUST_0265,2026-02-17 03:53:00,10.11,Entertainment,ATM
TXN_008250,CUST_0156,2026-03-13 18:04:00,7.09,Electronics,POS
TXN_008251,CUST_0261,2026-04-30 17:32:00,26.37,Travel,Online
TXN_008252,CUST_0103,2026-03-29 12:08:00,41.75,Entertainment,Online
TXN_008253,CUST_0062,2026-05-31 23:34:00,68.61,Shopping,Online
TXN_008254,CUST_0226,2026-02-14 22:07:00,69.5,Restaurant,POS
TXN_008255,CUST_0044,2026-04-10 00:44:00,67.65,Healthcare,Online
TXN_008256,CUST_0362,2026-01-24 10:35:00,293.97,Healthcare,Online
TXN_008257,CUST_0070,2026-03-20 16:25:00,72.51,Entertainment,POS
TXN_008258,CUST_0294,2026-04-25 00:40:00,15.72,Travel,Online
TXN_008259,CUST_0425,2026-05-30 11:00:00,14.75,Restaurant,Online
TXN_008260,CUST_0075,2026-02-18 05:54:00,46.86,Restaurant,Online
TXN_008261,CUST_0492,2026-06-10 18:54:00,39.28,Travel,POS
TXN_008262,CUST_0078,2026-02-19 20:12:00,28.08,Restaurant,POS
TXN_008263,CUST_0130,2026-05-29 12:47:00,72.51,Healthcare,POS
TXN_008264,CUST_0490,2026-06-22 18:08:00,62.16,Restaurant,Online
TXN_008265,CUST_0473,2026-05-10 12:29:00,74.59,Travel,POS
TXN_008266,CUST_0311,2026-02-10 17:59:00,31.29,Grocery,Online
TXN_008267,CUST_0279,2026-03-10 00:05:00,18.44,Travel,POS
TXN_008268,CUST_0488,2026-06-23 04:00:00,12.34,Travel,Mobile
TXN_008269,CUST_0412,2026-01-15 15:14:00,98.64,Grocery,Mobile
TXN_008270,CUST_0055,2026-01-20 02:13:00,98.98,Grocery,Mobile
TXN_008271,CUST_0059,2026-04-09 23:02:00,35.64,Utilities,ATM
TXN_008272,CUST_0170,2026-02-23 17:55:00,78.94,Electronics,ATM
TXN_008273,CUST_0134,2026-01-21 22:49:00,36.68,Grocery,POS
TXN_008274,CUST_0145,2026-05-09 19:07:00,324.15,Electronics,POS
TXN_008275,CUST_0213,2026-05-04 01:28:00,5.27,Shopping,Online
TXN_008276,CUST_0377,2026-01-17 14:42:00,127.15,Shopping,POS
TXN_008277,CUST_0083,2026-01-11 07:17:00,45.48,Electronics,POS
TXN_008278,CUST_0377,2026-05-26 12:07:00,31.21,Electronics,Online
TXN_008279,CUST_0279,2026-01-11 14:57:00,64.74,Shopping,Online
TXN_008280,CUST_0286,2026-04-11 11:44:00,57.34,Grocery,Online
TXN_008281,CUST_0008,2026-05-29 16:23:00,47.36,Shopping,Online
TXN_008282,CUST_0160,2026-02-12 07:43:00,33.7,Grocery,POS
TXN_008283,CUST_0298,2026-02-22 19:49:00,49.25,Travel,POS
TXN_008284,CUST_0383,2026-05-28 17:57:00,49.04,Travel,Mobile
TXN_008285,CUST_0336,2026-03-28 00:50:00,71.19,Electronics,POS
TXN_008286,CUST_0422,2026-01-02 19:20:00,8.53,Healthcare,Online
TXN_008287,CUST_0405,2026-03-05 18:37:00,42.75,Restaurant,Online
TXN_008288,CUST_0089,2026-04-07 00:25:00,132.64,Travel,Online
TXN_008289,CUST_0099,2026-02-06 18:40:00,151.41,Shopping,Mobile
TXN_008290,CUST_0082,2026-05-30 19:39:00,4.91,Utilities,POS
TXN_008291,CUST_0393,2026-02-12 12:36:00,20.23,Grocery,Online
TXN_008292,CUST_0252,2026-06-27 16:57:00,3.66,Electronics,Online
TXN_008293,CUST_0187,2026-01-07 03:08:00,37.73,Travel,Mobile
TXN_008294,CUST_0257,2026-05-13 14:02:00,34.9,Grocery,POS
TXN_008295,CUST_0382,2026-01-10 18:53:00,33.91,Travel,Online
TXN_008296,CUST_0405,2026-05-15 22:11:00,515.85,Electronics,POS
TXN_008297,CUST_0038,2026-04-20 06:56:00,158.56,Electronics,Online
TXN_008298,CUST_0493,2026-04-04 21:44:00,18.44,Restaurant,Online
TXN_008299,CUST_0248,2026-06-03 20:34:00,64.31,Healthcare,Online
TXN_008300,CUST_0026,2026-03-07 11:57:00,35.99,Grocery,POS
TXN_008301,CUST_0392,2026-06-25 11:09:00,124.63,Electronics,POS
TXN_008302,CUST_0097,2026-03-17 18:50:00,32.89,Restaurant,Online
TXN_008303,CUST_0085,2026-02-13 10:44:00,36.76,Grocery,Mobile
TXN_008304,CUST_0250,2026-06-22 03:31:00,48.66,Healthcare,POS
TXN_008305,CUST_0207,2026-06-07 07:20:00,6.24,Utilities,Online
TXN_008306,CUST_0056,2026-03-12 03:25:00,37.83,Entertainment,POS
TXN_008307,CUST_0452,2026-03-13 04:44:00,30.81,Restaurant,POS
TXN_008308,CUST_0201,2026-03-09 12:38:00,130.85,Restaurant,Online
TXN_008309,CUST_0210,2026-01-07 22:08:00,21.3,Utilities,POS
TXN_008310,CUST_0251,2026-05-17 23:09:00,28.95,Restaurant,POS
TXN_008311,CUST_0028,2026-06-27 05:47:00,82.94,Travel,Mobile
TXN_008312,CUST_0407,2026-06-02 23:44:00,4.75,Utilities,POS
TXN_008313,CUST_0079,2026-04-13 18:27:00,30.4,Electronics,Online
TXN_008314,CUST_0358,2026-02-11 04:48:00,35.5,Utilities,POS
TXN_008315,CUST_0211,2026-02-11 06:53:00,47.68,Travel,POS
TXN_008316,CUST_0086,2026-03-20 20:15:00,13.8,Entertainment,Online
TXN_008317,CUST_0060,2026-01-06 18:30:00,56.58,Grocery,POS
TXN_008318,CUST_0209,2026-02-03 03:40:00,4.18,Utilities,Online
TXN_008319,CUST_0153,2026-04-12 12:10:00,16.87,Healthcare,Online
TXN_008320,CUST_0314,2026-04-29 19:26:00,1068.6,Entertainment,POS
TXN_008321,CUST_0237,2026-06-04 18:18:00,74.25,Electronics,POS
TXN_008322,CUST_0088,2026-05-19 18:55:00,4.15,Entertainment,Online
TXN_008323,CUST_0478,2026-02-12 19:31:00,10.24,Grocery,POS
TXN_008324,CUST_0478,2026-03-31 00:11:00,159.71,Entertainment,Online
TXN_008325,CUST_0134,2026-01-30 06:09:00,68.38,Travel,Mobile
TXN_008326,CUST_0238,2026-03-12 09:19:00,30.86,Travel,ATM
TXN_008327,CUST_0292,2026-05-09 20:30:00,59.71,Restaurant,Mobile
TXN_008328,CUST_0428,2026-01-01 09:44:00,12.2,Utilities,Online
TXN_008329,CUST_0035,2026-06-07 14:20:00,35.08,Healthcare,POS
TXN_008330,CUST_0185,2026-04-20 18:55:00,12.69,Entertainment,POS
TXN_008331,CUST_0178,2026-05-16 00:37:00,27.71,Entertainment,ATM
TXN_008332,CUST_0258,2026-06-16 06:15:00,65.23,Healthcare,Online
TXN_008333,CUST_0014,2026-04-22 14:53:00,33.31,Entertainment,Mobile
TXN_008334,CUST_0281,2026-01-08 13:54:00,89.35,Entertainment,POS
TXN_008335,CUST_0183,2026-03-20 19:02:00,46.62,Entertainment,POS
TXN_008336,CUST_0174,2026-03-29 02:29:00,18.92,Electronics,Online
TXN_008337,CUST_0070,2026-04-01 03:18:00,57.58,Shopping,POS
TXN_008338,CUST_0411,2026-02-06 19:15:00,193.2,Utilities,Online
TXN_008339,CUST_0218,2026-03-07 10:44:00,18.0,Electronics,POS
TXN_008340,CUST_0484,2026-02-20 08:36:00,30.55,Healthcare,Mobile
TXN_008341,CUST_0005,2026-03-17 08:38:00,37.72,Healthcare,POS
TXN_008342,CUST_0113,2026-04-26 00:19:00,61.63,Travel,Online
TXN_008343,CUST_0284,2026-06-01 05:18:00,59.66,Restaurant,Online
TXN_008344,CUST_0357,2026-04-09 17:40:00,60.5,Travel,Online
TXN_008345,CUST_0004,2026-06-03 01:57:00,37.99,Utilities,Online
TXN_008346,CUST_0257,2026-03-03 18:59:00,4.4,Electronics,POS
TXN_008347,CUST_0018,2026-06-21 09:13:00,34.26,Entertainment,Online
TXN_008348,CUST_0280,2026-06-24 20:57:00,25.42,Travel,Online
TXN_008349,CUST_0382,2026-01-18 16:57:00,48.24,Utilities,Online
TXN_008350,CUST_0083,2026-05-20 08:30:00,34.07,Electronics,Online
TXN_008351,CUST_0223,2026-03-22 17:45:00,103.62,Utilities,Online
TXN_008352,CUST_0062,2026-01-12 14:16:00,48.12,Entertainment,Online
TXN_008353,CUST_0352,2026-05-01 01:57:00,41.67,Travel,POS
TXN_008354,CUST_0093,2026-01-13 05:39:00,23.48,Shopping,Online
TXN_008355,CUST_0083,2026-03-04 18:13:00,20.28,Entertainment,ATM
TXN_008356,CUST_0322,2026-03-24 17:15:00,10.11,Travel,POS
TXN_008357,CUST_0296,2026-05-22 11:00:00,218.36,Restaurant,POS
TXN_008358,CUST_0089,2026-05-30 21:59:00,60.79,Entertainment,Online
TXN_008359,CUST_0389,2026-03-10 05:53:00,5.36,Shopping,Online
TXN_008360,CUST_0471,2026-05-07 10:03:00,26.12,Healthcare,Online
TXN_008361,CUST_0139,2026-05-23 16:21:00,69.84,Electronics,Mobile
TXN_008362,CUST_0206,2026-02-26 17:37:00,228.24,Entertainment,POS
TXN_008363,CUST_0138,2026-06-16 08:08:00,14.05,Healthcare,POS
TXN_008364,CUST_0141,2026-05-26 23:18:00,9.54,Utilities,Online
TXN_008365,CUST_0326,2026-06-14 19:11:00,5.43,Travel,Mobile
TXN_008366,CUST_0417,2026-06-24 10:26:00,13.99,Grocery,ATM
TXN_008367,CUST_0387,2026-02-05 18:43:00,145.59,Grocery,Online
TXN_008368,CUST_0443,2026-02-11 10:20:00,71.11,Travel,Online
TXN_008369,CUST_0318,2026-05-14 13:20:00,15.29,Shopping,Mobile
TXN_008370,CUST_0402,2026-06-11 05:04:00,48.4,Entertainment,ATM
TXN_008371,CUST_0365,2026-02-04 10:28:00,49.12,Utilities,POS
TXN_008372,CUST_0010,2026-02-14 01:22:00,55.43,Electronics,POS
TXN_008373,CUST_0375,2026-02-12 11:31:00,125.8,Healthcare,Mobile
TXN_008374,CUST_0338,2026-01-11 07:22:00,33.14,Healthcare,Mobile
TXN_008375,CUST_0134,2026-03-08 04:50:00,36.83,Healthcare,POS
TXN_008376,CUST_0030,2026-02-09 09:25:00,39.03,Shopping,Online
TXN_008377,CUST_0427,2026-05-03 22:54:00,21.93,Utilities,Mobile
TXN_008378,CUST_0110,2026-04-15 17:18:00,195.45,Grocery,POS
TXN_008379,CUST_0188,2026-05-27 18:31:00,14.73,Healthcare,ATM
TXN_008380,CUST_0411,2026-06-20 18:32:00,28.98,Grocery,Online
TXN_008381,CUST_0069,2026-01-13 07:54:00,11.3,Shopping,Online
TXN_008382,CUST_0476,2026-01-24 22:19:00,21.76,Shopping,Online
TXN_008383,CUST_0019,2026-03-10 07:00:00,64.93,Healthcare,ATM
TXN_008384,CUST_0345,2026-04-12 00:57:00,91.63,Travel,Mobile
TXN_008385,CUST_0348,2026-01-28 03:09:00,44.31,Restaurant,Online
TXN_008386,CUST_0411,2026-05-02 22:14:00,74.76,Shopping,Online
TXN_008387,CUST_0431,2026-06-26 23:24:00,70.23,Entertainment,Mobile
TXN_008388,CUST_0073,2026-05-16 21:36:00,110.73,Healthcare,Mobile
TXN_008389,CUST_0253,2026-05-14 15:09:00,67.51,Entertainment,POS
TXN_008390,CUST_0290,2026-02-13 16:58:00,38.69,Electronics,POS
TXN_008391,CUST_0495,2026-05-27 06:02:00,4.91,Utilities,POS
TXN_008392,CUST_0245,2026-04-26 09:48:00,43.96,Utilities,POS
TXN_008393,CUST_0274,2026-01-28 16:25:00,29.54,Shopping,Mobile
TXN_008394,CUST_0491,2026-03-17 16:36:00,3.33,Restaurant,POS
TXN_008395,CUST_0438,2026-04-08 18:55:00,14.85,Travel,Online
TXN_008396,CUST_0114,2026-04-18 21:19:00,56.93,Electronics,Mobile
TXN_008397,CUST_0485,2026-05-19 07:16:00,21.77,Entertainment,Online
TXN_008398,CUST_0015,2026-01-28 05:10:00,27.27,Entertainment,Online
TXN_008399,CUST_0215,2026-06-08 11:29:00,30.03,Entertainment,POS
TXN_008400,CUST_0160,2026-04-15 01:55:00,142.04,Grocery,Mobile
TXN_008401,CUST_0220,2026-05-10 13:36:00,496.91,Electronics,POS
TXN_008402,CUST_0482,2026-02-25 00:08:00,72.46,Electronics,Online
TXN_008403,CUST_0496,2026-01-30 15:31:00,11.06,Entertainment,ATM
TXN_008404,CUST_0249,2026-01-17 16:54:00,32.6,Entertainment,Mobile
TXN_008405,CUST_0263,2026-03-27 15:11:00,25.47,Travel,ATM
TXN_008406,CUST_0054,2026-04-28 23:26:00,58.68,Restaurant,POS
TXN_008407,CUST_0449,2026-04-08 12:48:00,5.52,Entertainment,Online
TXN_008408,CUST_0437,2026-06-18 09:44:00,79.35,Restaurant,Online
TXN_008409,CUST_0193,2026-01-29 21:14:00,25.88,Restaurant,Mobile
TXN_008410,CUST_0453,2026-04-26 09:40:00,79.88,Restaurant,Mobile
TXN_008411,CUST_0386,2026-01-12 03:17:00,2.69,Healthcare,Mobile
TXN_008412,CUST_0293,2026-03-05 04:03:00,18.33,Entertainment,Online
TXN_008413,CUST_0178,2026-05-28 01:26:00,15.17,Travel,POS
TXN_008414,CUST_0228,2026-06-13 11:25:00,36.64,Grocery,Online
TXN_008415,CUST_0254,2026-05-13 00:57:00,6.47,Shopping,ATM
TXN_008416,CUST_0048,2026-03-11 10:51:00,66.87,Healthcare,ATM
TXN_008417,CUST_0046,2026-03-01 06:55:00,17.67,Electronics,Online
TXN_008418,CUST_0426,2026-04-26 11:42:00,48.49,Utilities,Online
TXN_008419,CUST_0132,2026-05-30 10:47:00,7.64,Electronics,POS
TXN_008420,CUST_0178,2026-06-08 10:10:00,150.33,Healthcare,POS
TXN_008421,CUST_0230,2026-04-12 00:35:00,40.49,Travel,Online
TXN_008422,CUST_0098,2026-01-18 22:05:00,39.29,Healthcare,Online
TXN_008423,CUST_0299,2026-02-13 20:15:00,29.43,Healthcare,Online
TXN_008424,CUST_0188,2026-04-01 02:09:00,19.28,Travel,POS
TXN_008425,CUST_0487,2026-04-28 01:36:00,36.71,Healthcare,POS
TXN_008426,CUST_0097,2026-04-14 13:19:00,41.84,Travel,Online
TXN_008427,CUST_0223,2026-06-02 22:51:00,134.66,Grocery,POS
TXN_008428,CUST_0407,2026-02-24 08:15:00,65.86,Travel,POS
TXN_008429,CUST_0397,2026-06-19 20:20:00,39.16,Shopping,Mobile
TXN_008430,CUST_0372,2026-01-31 03:33:00,12.64,Grocery,POS
TXN_008431,CUST_0308,2026-06-14 04:34:00,124.31,Shopping,ATM
TXN_008432,CUST_0332,2026-03-05 02:35:00,25.7,Restaurant,Mobile
TXN_008433,CUST_0320,2026-03-05 05:05:00,55.39,Travel,Online
TXN_008434,CUST_0244,2026-05-12 23:26:00,64.93,Travel,Mobile
TXN_008435,CUST_0031,2026-06-04 15:10:00,29.57,Entertainment,ATM
TXN_008436,CUST_0068,2026-05-30 16:29:00,87.7,Shopping,POS
TXN_008437,CUST_0036,2026-04-24 19:39:00,30.08,Utilities,Mobile
TXN_008438,CUST_0342,2026-06-19 01:58:00,9.98,Restaurant,Mobile
TXN_008439,CUST_0068,2026-05-01 03:34:00,57.28,Electronics,POS
TXN_008440,CUST_0407,2026-03-19 07:50:00,91.63,Electronics,POS
TXN_008441,CUST_0422,2026-05-13 11:51:00,192.88,Grocery,ATM
TXN_008442,CUST_0203,2026-04-01 23:05:00,113.19,Restaurant,Mobile
TXN_008443,CUST_0427,2026-05-15 08:31:00,23.88,Healthcare,Online
TXN_008444,CUST_0448,2026-03-12 05:04:00,20.29,Travel,Mobile
TXN_008445,CUST_0324,2026-04-03 15:34:00,108.45,Shopping,Online
TXN_008446,CUST_0322,2026-06-22 18:45:00,4.34,Grocery,Online
TXN_008447,CUST_0284,2026-06-13 00:47:00,37.84,Shopping,POS
TXN_008448,CUST_0492,2026-03-29 21:10:00,19.76,Shopping,POS
TXN_008449,CUST_0158,2026-03-11 20:13:00,64.69,Electronics,POS
TXN_008450,CUST_0403,2026-01-08 18:24:00,20.39,Travel,POS
TXN_008451,CUST_0334,2026-01-17 23:59:00,17.69,Healthcare,Online
TXN_008452,CUST_0216,2026-01-26 20:30:00,83.73,Shopping,Online
TXN_008453,CUST_0500,2026-04-06 23:47:00,63.7,Grocery,Online
TXN_008454,CUST_0118,2026-06-21 23:12:00,96.6,Utilities,Mobile
TXN_008455,CUST_0302,2026-03-26 19:14:00,34.48,Utilities,Online
TXN_008456,CUST_0203,2026-05-29 07:56:00,114.11,Entertainment,Online
TXN_008457,CUST_0284,2026-04-11 07:21:00,93.9,Shopping,ATM
TXN_008458,CUST_0059,2026-03-18 07:25:00,42.66,Electronics,POS
TXN_008459,CUST_0433,2026-01-10 01:54:00,34.11,Travel,POS
TXN_008460,CUST_0172,2026-01-15 00:39:00,16.6,Shopping,POS
TXN_008461,CUST_0235,2026-02-10 01:08:00,40.91,Grocery,POS
TXN_008462,CUST_0193,2026-06-22 09:47:00,6.87,Shopping,POS
TXN_008463,CUST_0484,2026-03-02 22:51:00,37.18,Entertainment,POS
TXN_008464,CUST_0158,2026-03-02 02:33:00,15.67,Utilities,POS
TXN_008465,CUST_0214,2026-04-19 14:48:00,105.09,Grocery,POS
TXN_008466,CUST_0144,2026-03-13 04:15:00,6.34,Entertainment,Mobile
TXN_008467,CUST_0408,2026-05-22 18:35:00,41.49,Travel,Online
TXN_008468,CUST_0201,2026-06-11 20:29:00,52.73,Utilities,Online
TXN_008469,CUST_0212,2026-03-20 05:40:00,43.13,Travel,POS
TXN_008470,CUST_0217,2026-06-28 18:16:00,10.29,Grocery,Online
TXN_008471,CUST_0112,2026-01-02 16:22:00,9.06,Travel,Online
TXN_008472,CUST_0434,2026-06-05 08:50:00,12.56,Healthcare,Online
TXN_008473,CUST_0006,2026-05-01 19:51:00,17.86,Healthcare,Online
TXN_008474,CUST_0199,2026-02-04 11:39:00,65.91,Shopping,Mobile
TXN_008475,CUST_0080,2026-03-13 12:11:00,6.76,Restaurant,Mobile
TXN_008476,CUST_0186,2026-02-01 15:29:00,5.11,Shopping,Online
TXN_008477,CUST_0178,2026-06-01 12:44:00,7.93,Healthcare,ATM
TXN_008478,CUST_0487,2026-05-02 22:18:00,22.79,Travel,POS
TXN_008479,CUST_0039,2026-05-20 01:21:00,30.61,Healthcare,POS
TXN_008480,CUST_0359,2026-03-11 18:35:00,41.71,Utilities,Mobile
TXN_008481,CUST_0463,2026-02-11 03:43:00,17.5,Travel,POS
TXN_008482,CUST_0265,2026-04-29 16:06:00,59.39,Entertainment,POS
TXN_008483,CUST_0159,2026-02-10 06:49:00,8.29,Electronics,POS
TXN_008484,CUST_0356,2026-03-23 14:08:00,21.45,Restaurant,POS
TXN_008485,CUST_0227,2026-05-04 17:34:00,61.9,Restaurant,POS
TXN_008486,CUST_0495,2026-05-15 09:47:00,34.27,Grocery,Online
TXN_008487,CUST_0272,2026-05-05 02:12:00,28.1,Healthcare,POS
TXN_008488,CUST_0451,2026-02-26 14:26:00,21.47,Healthcare,POS
TXN_008489,CUST_0440,2026-06-13 17:30:00,5.05,Entertainment,POS
TXN_008490,CUST_0446,2026-03-05 07:42:00,38.5,Restaurant,POS
TXN_008491,CUST_0372,2026-03-02 17:48:00,11.91,Travel,Online
TXN_008492,CUST_0136,2026-02-21 20:04:00,165.08,Entertainment,POS
TXN_008493,CUST_0064,2026-05-04 09:22:00,29.88,Entertainment,POS
TXN_008494,CUST_0254,2026-03-07 21:00:00,13.51,Restaurant,Mobile
TXN_008495,CUST_0393,2026-03-22 00:50:00,81.96,Entertainment,Online
TXN_008496,CUST_0245,2026-06-06 18:01:00,18.28,Shopping,Online
TXN_008497,CUST_0414,2026-04-01 11:22:00,26.26,Healthcare,Online
TXN_008498,CUST_0126,2026-03-17 15:15:00,22.23,Restaurant,POS
TXN_008499,CUST_0120,2026-05-10 15:09:00,43.31,Healthcare,POS
TXN_008500,CUST_0287,2026-01-10 13:23:00,18.83,Restaurant,POS
TXN_008501,CUST_0417,2026-04-11 09:42:00,57.06,Grocery,Online
TXN_008502,CUST_0209,2026-02-15 19:05:00,8.33,Travel,POS
TXN_008503,CUST_0134,2026-04-19 22:43:00,18.5,Restaurant,Online
TXN_008504,CUST_0248,2026-01-18 01:12:00,29.25,Electronics,Online
TXN_008505,CUST_0459,2026-03-29 19:44:00,70.33,Utilities,POS
TXN_008506,CUST_0198,2026-04-24 13:49:00,27.86,Entertainment,Online
TXN_008507,CUST_0286,2026-04-06 15:06:00,93.28,Healthcare,POS
TXN_008508,CUST_0388,2026-04-03 17:27:00,105.32,Entertainment,Mobile
TXN_008509,CUST_0327,2026-04-18 17:50:00,8.99,Travel,Online
TXN_008510,CUST_0067,2026-04-04 19:18:00,123.63,Grocery,Online
TXN_008511,CUST_0063,2026-05-01 05:58:00,68.24,Grocery,POS
TXN_008512,CUST_0185,2026-05-23 13:12:00,12.19,Shopping,POS
TXN_008513,CUST_0001,2026-03-27 03:30:00,7.21,Restaurant,Online
TXN_008514,CUST_0439,2026-01-26 12:57:00,1567.5,Healthcare,Online
TXN_008515,CUST_0059,2026-04-04 05:29:00,57.8,Healthcare,Online
TXN_008516,CUST_0367,2026-01-25 11:09:00,10.16,Entertainment,Online
TXN_008517,CUST_0103,2026-03-30 10:05:00,85.31,Restaurant,Mobile
TXN_008518,CUST_0308,2026-05-07 10:30:00,78.36,Grocery,Online
TXN_008519,CUST_0393,2026-06-12 09:01:00,59.47,Entertainment,POS
TXN_008520,CUST_0263,2026-04-21 11:48:00,44.54,Restaurant,POS
TXN_008521,CUST_0199,2026-06-02 04:40:00,19.07,Entertainment,POS
TXN_008522,CUST_0283,2026-03-14 23:07:00,12.82,Shopping,POS
TXN_008523,CUST_0455,2026-04-04 00:39:00,44.15,Healthcare,ATM
TXN_008524,CUST_0484,2026-01-05 05:55:00,13.6,Electronics,Online
TXN_008525,CUST_0150,2026-06-15 03:07:00,30.99,Utilities,Mobile
TXN_008526,CUST_0359,2026-03-26 09:35:00,25.51,Travel,Online
TXN_008527,CUST_0458,2026-01-19 10:00:00,30.3,Travel,Online
TXN_008528,CUST_0498,2026-01-06 15:43:00,37.51,Travel,POS
TXN_008529,CUST_0385,2026-06-16 22:21:00,72.63,Healthcare,POS
TXN_008530,CUST_0350,2026-01-18 22:04:00,84.09,Entertainment,Online
TXN_008531,CUST_0195,2026-01-02 20:53:00,20.19,Restaurant,POS
TXN_008532,CUST_0252,2026-02-25 14:38:00,21.29,Restaurant,ATM
TXN_008533,CUST_0500,2026-03-10 03:04:00,76.99,Utilities,Mobile
TXN_008534,CUST_0020,2026-01-23 04:49:00,41.13,Travel,ATM
TXN_008535,CUST_0231,2026-01-28 15:32:00,123.67,Grocery,Mobile
TXN_008536,CUST_0192,2026-05-15 19:50:00,12.94,Shopping,POS
TXN_008537,CUST_0276,2026-04-14 13:55:00,24.9,Healthcare,POS
TXN_008538,CUST_0368,2026-05-01 19:22:00,91.06,Healthcare,POS
TXN_008539,CUST_0177,2026-02-21 05:54:00,34.04,Restaurant,Online
TXN_008540,CUST_0215,2026-06-06 05:39:00,15.71,Electronics,POS
TXN_008541,CUST_0286,2026-03-15 06:48:00,48.31,Entertainment,POS
TXN_008542,CUST_0217,2026-01-21 19:40:00,81.83,Electronics,POS
TXN_008543,CUST_0492,2026-05-15 01:40:00,55.13,Restaurant,Online
TXN_008544,CUST_0246,2026-01-21 12:09:00,69.16,Entertainment,ATM
TXN_008545,CUST_0343,2026-06-01 19:17:00,48.3,Restaurant,Mobile
TXN_008546,CUST_0054,2026-01-26 06:49:00,75.97,Electronics,POS
TXN_008547,CUST_0433,2026-04-07 00:39:00,55.14,Entertainment,Online
TXN_008548,CUST_0081,2026-06-01 00:44:00,97.08,Utilities,Online
TXN_008549,CUST_0166,2026-01-03 09:40:00,9.83,Shopping,ATM
TXN_008550,CUST_0258,2026-06-16 13:28:00,10.04,Shopping,POS
TXN_008551,CUST_0449,2026-02-01 14:37:00,41.15,Restaurant,Mobile
TXN_008552,CUST_0500,2026-05-22 18:13:00,11.82,Healthcare,POS
TXN_008553,CUST_0242,2026-05-20 10:28:00,81.57,Shopping,POS
TXN_008554,CUST_0359,2026-04-04 21:59:00,46.06,Restaurant,Online
TXN_008555,CUST_0095,2026-05-05 20:33:00,191.09,Electronics,Online
TXN_008556,CUST_0152,2026-02-07 20:54:00,121.17,Entertainment,POS
TXN_008557,CUST_0400,2026-01-16 18:21:00,104.06,Restaurant,Mobile
TXN_008558,CUST_0348,2026-01-18 15:07:00,23.43,Shopping,Online
TXN_008559,CUST_0270,2026-04-11 01:00:00,56.98,Utilities,Online
TXN_008560,CUST_0408,2026-03-27 02:53:00,102.12,Grocery,Online
TXN_008561,CUST_0435,2026-06-09 01:02:00,55.84,Shopping,ATM
TXN_008562,CUST_0255,2026-01-07 16:42:00,50.55,Entertainment,Online
TXN_008563,CUST_0493,2026-06-20 08:19:00,11.4,Shopping,Online
TXN_008564,CUST_0459,2026-04-02 10:11:00,2.32,Entertainment,Online
TXN_008565,CUST_0300,2026-03-06 20:51:00,22.75,Restaurant,Online
TXN_008566,CUST_0308,2026-06-28 07:32:00,17.02,Restaurant,POS
TXN_008567,CUST_0131,2026-04-02 06:21:00,170.62,Electronics,POS
TXN_008568,CUST_0127,2026-03-09 18:05:00,16.69,Utilities,Online
TXN_008569,CUST_0044,2026-01-15 16:30:00,56.32,Shopping,Online
TXN_008570,CUST_0326,2026-01-15 15:31:00,824.99,Entertainment,Mobile
TXN_008571,CUST_0389,2026-05-21 02:53:00,19.69,Electronics,Mobile
TXN_008572,CUST_0234,2026-01-07 00:54:00,27.85,Electronics,POS
TXN_008573,CUST_0095,2026-06-07 14:21:00,22.85,Travel,Online
TXN_008574,CUST_0138,2026-02-09 06:41:00,39.22,Utilities,Mobile
TXN_008575,CUST_0245,2026-04-02 20:42:00,14.84,Shopping,Online
TXN_008576,CUST_0036,2026-06-24 01:22:00,6.34,Utilities,Mobile
TXN_008577,CUST_0169,2026-04-09 19:58:00,104.27,Shopping,Online
TXN_008578,CUST_0256,2026-03-14 23:51:00,59.88,Utilities,Online
TXN_008579,CUST_0318,2026-03-29 15:15:00,15.1,Restaurant,Online
TXN_008580,CUST_0141,2026-06-01 09:27:00,74.29,Electronics,Online
TXN_008581,CUST_0125,2026-04-15 18:28:00,16.22,Grocery,Online
TXN_008582,CUST_0381,2026-02-08 08:51:00,42.3,Shopping,POS
TXN_008583,CUST_0280,2026-01-02 10:54:00,40.85,Shopping,POS
TXN_008584,CUST_0016,2026-04-30 21:27:00,54.2,Utilities,POS
TXN_008585,CUST_0454,2026-01-30 23:50:00,50.9,Healthcare,POS
TXN_008586,CUST_0150,2026-01-12 17:28:00,212.83,Entertainment,Mobile
TXN_008587,CUST_0413,2026-03-18 12:52:00,13.86,Utilities,Mobile
TXN_008588,CUST_0208,2026-01-19 08:19:00,28.03,Travel,ATM
TXN_008589,CUST_0307,2026-03-21 10:15:00,12.68,Travel,POS
TXN_008590,CUST_0037,2026-04-12 08:55:00,14.07,Restaurant,Mobile
TXN_008591,CUST_0339,2026-02-25 22:07:00,28.46,Healthcare,POS
TXN_008592,CUST_0010,2026-03-20 22:05:00,31.85,Grocery,POS
TXN_008593,CUST_0140,2026-06-12 09:45:00,18.34,Grocery,Mobile
TXN_008594,CUST_0378,2026-03-30 22:18:00,122.75,Travel,Online
TXN_008595,CUST_0128,2026-04-12 06:10:00,33.44,Healthcare,POS
TXN_008596,CUST_0175,2026-04-02 13:07:00,10.66,Restaurant,Online
TXN_008597,CUST_0253,2026-03-04 23:06:00,31.84,Shopping,POS
TXN_008598,CUST_0133,2026-01-18 16:58:00,11.58,Restaurant,Online
TXN_008599,CUST_0024,2026-05-07 13:55:00,212.54,Utilities,POS
TXN_008600,CUST_0107,2026-05-14 20:23:00,42.27,Electronics,Online
TXN_008601,CUST_0361,2026-05-31 13:07:00,55.82,Healthcare,Online
TXN_008602,CUST_0084,2026-01-24 03:30:00,50.92,Shopping,ATM
TXN_008603,CUST_0018,2026-06-02 03:16:00,18.68,Entertainment,POS
TXN_008604,CUST_0412,2026-03-26 00:12:00,77.7,Grocery,Mobile
TXN_008605,CUST_0006,2026-03-18 03:03:00,26.9,Entertainment,POS
TXN_008606,CUST_0286,2026-06-28 10:34:00,7.59,Restaurant,Online
TXN_008607,CUST_0215,2026-03-17 21:04:00,63.95,Entertainment,Online
TXN_008608,CUST_0163,2026-04-08 02:50:00,488.72,Grocery,Online
TXN_008609,CUST_0088,2026-01-09 14:12:00,97.57,Travel,Online
TXN_008610,CUST_0335,2026-02-28 20:37:00,204.71,Grocery,POS
TXN_008611,CUST_0172,2026-06-24 09:26:00,31.31,Entertainment,Online
TXN_008612,CUST_0492,2026-01-29 22:49:00,68.78,Grocery,POS
TXN_008613,CUST_0317,2026-03-24 06:23:00,33.81,Healthcare,POS
TXN_008614,CUST_0385,2026-05-10 00:22:00,18.66,Healthcare,Online
TXN_008615,CUST_0301,2026-03-07 21:43:00,15.25,Electronics,Online
TXN_008616,CUST_0217,2026-04-02 01:10:00,7.7,Shopping,Online
TXN_008617,CUST_0197,2026-03-18 21:23:00,24.69,Utilities,POS
TXN_008618,CUST_0077,2026-03-09 22:45:00,43.52,Restaurant,Mobile
TXN_008619,CUST_0151,2026-06-18 19:59:00,17.84,Restaurant,Mobile
TXN_008620,CUST_0135,2026-04-12 06:44:00,17.29,Healthcare,Online
TXN_008621,CUST_0115,2026-02-15 23:13:00,24.81,Restaurant,ATM
TXN_008622,CUST_0406,2026-06-03 11:59:00,111.81,Travel,POS
TXN_008623,CUST_0484,2026-05-21 16:11:00,37.34,Grocery,POS
TXN_008624,CUST_0174,2026-02-25 15:16:00,16.27,Travel,POS
TXN_008625,CUST_0305,2026-03-24 13:20:00,11.21,Restaurant,Mobile
TXN_008626,CUST_0464,2026-01-13 06:33:00,24.14,Restaurant,Online
TXN_008627,CUST_0063,2026-02-19 19:06:00,14.07,Shopping,POS
TXN_008628,CUST_0396,2026-02-23 02:34:00,13.66,Utilities,POS
TXN_008629,CUST_0159,2026-03-23 16:51:00,38.99,Healthcare,Online
TXN_008630,CUST_0386,2026-04-13 10:20:00,395.7,Restaurant,POS
TXN_008631,CUST_0480,2026-02-26 04:39:00,173.21,Healthcare,Mobile
TXN_008632,CUST_0338,2026-03-01 11:05:00,148.7,Travel,POS
TXN_008633,CUST_0005,2026-04-27 07:38:00,74.22,Utilities,Online
TXN_008634,CUST_0267,2026-06-07 04:51:00,78.58,Healthcare,Mobile
TXN_008635,CUST_0353,2026-04-30 11:09:00,8.33,Travel,Online
TXN_008636,CUST_0150,2026-02-17 00:34:00,27.79,Electronics,POS
TXN_008637,CUST_0327,2026-04-20 12:11:00,28.25,Healthcare,Online
TXN_008638,CUST_0410,2026-02-16 07:44:00,56.41,Grocery,Mobile
TXN_008639,CUST_0488,2026-03-31 00:31:00,40.35,Travel,Online
TXN_008640,CUST_0488,2026-01-12 11:44:00,65.01,Grocery,POS
TXN_008641,CUST_0249,2026-04-10 07:28:00,15.29,Shopping,Mobile
TXN_008642,CUST_0029,2026-01-06 19:36:00,174.55,Healthcare,Mobile
TXN_008643,CUST_0361,2026-02-05 15:13:00,95.2,Electronics,Mobile
TXN_008644,CUST_0378,2026-01-24 08:09:00,122.4,Grocery,Mobile
TXN_008645,CUST_0124,2026-01-04 08:21:00,4.77,Healthcare,Online
TXN_008646,CUST_0182,2026-04-14 13:42:00,236.11,Utilities,POS
TXN_008647,CUST_0117,2026-01-27 18:28:00,74.71,Electronics,Mobile
TXN_008648,CUST_0500,2026-02-16 14:16:00,139.29,Restaurant,ATM
TXN_008649,CUST_0380,2026-04-04 02:19:00,41.45,Entertainment,Online
TXN_008650,CUST_0139,2026-06-09 20:43:00,59.37,Utilities,Mobile
TXN_008651,CUST_0036,2026-01-21 02:20:00,17.34,Grocery,POS
TXN_008652,CUST_0398,2026-05-22 16:10:00,3.4,Restaurant,Online
TXN_008653,CUST_0122,2026-02-06 03:48:00,19.1,Entertainment,POS
TXN_008654,CUST_0442,2026-03-19 22:36:00,55.31,Healthcare,POS
TXN_008655,CUST_0014,2026-04-02 23:10:00,90.45,Shopping,Online
TXN_008656,CUST_0112,2026-03-31 16:42:00,11.32,Restaurant,Online
TXN_008657,CUST_0267,2026-04-22 15:44:00,66.14,Travel,Mobile
TXN_008658,CUST_0248,2026-02-13 16:39:00,34.14,Electronics,Mobile
TXN_008659,CUST_0029,2026-02-04 01:34:00,74.93,Restaurant,Mobile
TXN_008660,CUST_0153,2026-02-06 10:55:00,17.74,Healthcare,ATM
TXN_008661,CUST_0132,2026-01-05 21:10:00,15.16,Entertainment,Mobile
TXN_008662,CUST_0192,2026-06-09 06:27:00,45.15,Shopping,Online
TXN_008663,CUST_0252,2026-04-10 02:30:00,27.96,Grocery,ATM
TXN_008664,CUST_0059,2026-05-15 11:32:00,18.05,Grocery,Mobile
TXN_008665,CUST_0010,2026-04-11 06:27:00,155.97,Travel,Mobile
TXN_008666,CUST_0284,2026-06-15 14:58:00,10.19,Electronics,Online
TXN_008667,CUST_0130,2026-01-22 02:48:00,38.26,Shopping,ATM
TXN_008668,CUST_0168,2026-01-29 18:52:00,124.87,Travel,Online
TXN_008669,CUST_0408,2026-02-14 04:12:00,43.39,Restaurant,Mobile
TXN_008670,CUST_0262,2026-05-20 01:34:00,38.83,Shopping,Online
TXN_008671,CUST_0036,2026-03-09 17:43:00,21.55,Entertainment,Online
TXN_008672,CUST_0299,2026-04-25 17:49:00,85.92,Entertainment,POS
TXN_008673,CUST_0278,2026-06-09 01:36:00,31.64,Shopping,Online
TXN_008674,CUST_0266,2026-06-03 08:09:00,25.84,Utilities,Online
TXN_008675,CUST_0329,2026-06-25 20:51:00,12.78,Entertainment,POS
TXN_008676,CUST_0369,2026-03-23 10:51:00,53.2,Electronics,Mobile
TXN_008677,CUST_0119,2026-02-11 05:40:00,9.88,Healthcare,Mobile
TXN_008678,CUST_0110,2026-04-23 10:17:00,26.77,Electronics,Online
TXN_008679,CUST_0165,2026-06-21 15:13:00,76.82,Utilities,Online
TXN_008680,CUST_0442,2026-02-16 02:31:00,88.93,Electronics,Online
TXN_008681,CUST_0143,2026-01-01 12:13:00,59.1,Grocery,Online
TXN_008682,CUST_0200,2026-02-24 09:45:00,101.77,Electronics,Online
TXN_008683,CUST_0171,2026-01-10 23:18:00,13.03,Healthcare,POS
TXN_008684,CUST_0354,2026-04-27 05:15:00,110.17,Restaurant,Mobile
TXN_008685,CUST_0465,2026-03-09 21:20:00,130.67,Restaurant,ATM
TXN_008686,CUST_0412,2026-05-31 02:20:00,22.8,Electronics,Mobile
TXN_008687,CUST_0354,2026-02-04 12:45:00,33.08,Entertainment,Mobile
TXN_008688,CUST_0013,2026-05-14 12:18:00,60.69,Restaurant,POS
TXN_008689,CUST_0162,2026-01-27 16:57:00,17.96,Restaurant,POS
TXN_008690,CUST_0361,2026-03-31 12:39:00,213.56,Electronics,POS
TXN_008691,CUST_0025,2026-01-04 03:38:00,54.8,Grocery,Mobile
TXN_008692,CUST_0163,2026-04-27 09:54:00,57.82,Utilities,Mobile
TXN_008693,CUST_0160,2026-06-07 18:47:00,77.87,Travel,ATM
TXN_008694,CUST_0297,2026-05-23 13:27:00,287.31,Utilities,Online
TXN_008695,CUST_0494,2026-02-28 10:42:00,19.59,Shopping,POS
TXN_008696,CUST_0292,2026-02-02 00:26:00,104.47,Entertainment,Mobile
TXN_008697,CUST_0415,2026-04-26 07:25:00,190.34,Utilities,Mobile
TXN_008698,CUST_0492,2026-05-31 04:35:00,50.73,Grocery,POS
TXN_008699,CUST_0439,2026-02-24 02:54:00,15.01,Restaurant,Online
TXN_008700,CUST_0329,2026-02-13 20:58:00,109.98,Shopping,POS
TXN_008701,CUST_0161,2026-01-14 23:22:00,51.67,Restaurant,POS
TXN_008702,CUST_0072,2026-05-15 00:01:00,44.52,Travel,Online
TXN_008703,CUST_0062,2026-06-22 00:39:00,3.66,Entertainment,Online
TXN_008704,CUST_0143,2026-03-05 23:44:00,44.17,Healthcare,POS
TXN_008705,CUST_0179,2026-02-17 10:55:00,20.38,Restaurant,POS
TXN_008706,CUST_0329,2026-06-11 03:41:00,56.14,Electronics,POS
TXN_008707,CUST_0034,2026-05-21 17:10:00,115.08,Travel,Online
TXN_008708,CUST_0068,2026-05-20 01:31:00,52.08,Entertainment,ATM
TXN_008709,CUST_0048,2026-06-06 07:40:00,53.05,Travel,Online
TXN_008710,CUST_0180,2026-02-28 14:33:00,170.61,Travel,POS
TXN_008711,CUST_0486,2026-01-22 08:46:00,86.44,Grocery,POS
TXN_008712,CUST_0484,2026-02-16 17:50:00,100.84,Grocery,Online
TXN_008713,CUST_0062,2026-01-20 15:23:00,22.72,Shopping,Online
TXN_008714,CUST_0470,2026-03-19 19:19:00,30.34,Grocery,Mobile
TXN_008715,CUST_0232,2026-06-25 00:46:00,182.69,Shopping,Online
TXN_008716,CUST_0017,2026-06-04 07:03:00,49.63,Grocery,ATM
TXN_008717,CUST_0487,2026-01-18 00:47:00,32.68,Healthcare,Online
TXN_008718,CUST_0156,2026-02-13 07:42:00,4.49,Healthcare,Online
TXN_008719,CUST_0279,2026-04-30 09:32:00,603.15,Healthcare,POS
TXN_008720,CUST_0178,2026-05-10 21:35:00,9.89,Grocery,ATM
TXN_008721,CUST_0172,2026-02-25 16:08:00,130.37,Entertainment,POS
TXN_008722,CUST_0469,2026-01-01 20:58:00,158.73,Healthcare,Online
TXN_008723,CUST_0397,2026-02-25 22:24:00,10.31,Shopping,POS
TXN_008724,CUST_0089,2026-05-19 12:39:00,21.95,Entertainment,Online
TXN_008725,CUST_0174,2026-06-03 17:17:00,44.36,Grocery,Mobile
TXN_008726,CUST_0499,2026-01-15 15:56:00,37.97,Restaurant,POS
TXN_008727,CUST_0024,2026-02-27 22:32:00,121.71,Shopping,Online
TXN_008728,CUST_0497,2026-03-11 21:21:00,21.73,Travel,Online
TXN_008729,CUST_0384,2026-04-22 17:25:00,54.09,Grocery,POS
TXN_008730,CUST_0309,2026-01-14 11:53:00,5.29,Restaurant,ATM
TXN_008731,CUST_0183,2026-02-03 04:27:00,44.61,Healthcare,Online
TXN_008732,CUST_0252,2026-03-01 05:15:00,65.82,Travel,POS
TXN_008733,CUST_0185,2026-01-17 12:32:00,27.59,Grocery,POS
TXN_008734,CUST_0171,2026-04-16 14:59:00,9.47,Utilities,Online
TXN_008735,CUST_0066,2026-06-26 02:20:00,38.83,Entertainment,POS
TXN_008736,CUST_0076,2026-01-09 17:09:00,25.9,Restaurant,POS
TXN_008737,CUST_0126,2026-05-06 22:35:00,120.1,Shopping,Mobile
TXN_008738,CUST_0457,2026-04-19 10:41:00,44.46,Entertainment,Online
TXN_008739,CUST_0433,2026-01-07 11:23:00,184.73,Restaurant,POS
TXN_008740,CUST_0351,2026-04-08 01:10:00,11.52,Travel,Online
TXN_008741,CUST_0414,2026-03-14 19:15:00,300.31,Grocery,Online
TXN_008742,CUST_0354,2026-03-23 06:04:00,100.46,Utilities,Online
TXN_008743,CUST_0497,2026-05-12 01:22:00,24.09,Shopping,Mobile
TXN_008744,CUST_0038,2026-05-11 07:45:00,25.13,Healthcare,Online
TXN_008745,CUST_0233,2026-01-26 01:59:00,4.64,Restaurant,POS
TXN_008746,CUST_0414,2026-03-14 13:59:00,79.82,Healthcare,POS
TXN_008747,CUST_0440,2026-02-14 10:44:00,82.03,Electronics,Online
TXN_008748,CUST_0010,2026-04-30 00:17:00,7.58,Healthcare,Online
TXN_008749,CUST_0055,2026-04-30 16:55:00,42.82,Healthcare,Online
TXN_008750,CUST_0410,2026-03-16 06:31:00,15.46,Restaurant,POS
TXN_008751,CUST_0423,2026-02-16 11:53:00,67.07,Restaurant,POS
TXN_008752,CUST_0225,2026-04-13 20:46:00,119.35,Entertainment,Mobile
TXN_008753,CUST_0294,2026-06-26 02:57:00,84.21,Grocery,Online
TXN_008754,CUST_0408,2026-06-05 13:02:00,152.33,Shopping,Mobile
TXN_008755,CUST_0434,2026-04-19 09:05:00,29.09,Shopping,ATM
TXN_008756,CUST_0081,2026-02-20 18:00:00,10.58,Grocery,ATM
TXN_008757,CUST_0159,2026-01-24 20:21:00,16.33,Healthcare,POS
TXN_008758,CUST_0365,2026-05-17 21:48:00,24.95,Restaurant,Online
TXN_008759,CUST_0164,2026-04-24 00:53:00,82.59,Electronics,Mobile
TXN_008760,CUST_0011,2026-04-04 22:58:00,8.03,Healthcare,Online
TXN_008761,CUST_0185,2026-03-09 18:11:00,6.03,Travel,POS
TXN_008762,CUST_0160,2026-01-04 19:45:00,139.81,Healthcare,Mobile
TXN_008763,CUST_0070,2026-06-07 21:27:00,5.17,Grocery,Online
TXN_008764,CUST_0146,2026-01-18 01:47:00,20.0,Utilities,POS
TXN_008765,CUST_0475,2026-01-27 17:53:00,70.73,Healthcare,Online
TXN_008766,CUST_0209,2026-06-21 09:38:00,14.45,Shopping,POS
TXN_008767,CUST_0205,2026-05-08 01:28:00,12.39,Grocery,Online
TXN_008768,CUST_0238,2026-02-12 03:21:00,23.51,Entertainment,Online
TXN_008769,CUST_0474,2026-04-20 09:43:00,431.22,Restaurant,ATM
TXN_008770,CUST_0005,2026-02-22 02:12:00,78.66,Entertainment,Online
TXN_008771,CUST_0316,2026-02-13 01:00:00,62.44,Utilities,Mobile
TXN_008772,CUST_0179,2026-06-24 03:25:00,23.15,Travel,ATM
TXN_008773,CUST_0288,2026-05-09 13:28:00,55.89,Electronics,POS
TXN_008774,CUST_0025,2026-01-30 08:57:00,39.74,Grocery,Online
TXN_008775,CUST_0109,2026-05-01 18:06:00,14.35,Entertainment,Mobile
TXN_008776,CUST_0011,2026-02-09 17:31:00,58.35,Utilities,Online
TXN_008777,CUST_0093,2026-04-30 14:42:00,57.9,Grocery,POS
TXN_008778,CUST_0155,2026-03-08 08:34:00,36.72,Restaurant,POS
TXN_008779,CUST_0378,2026-05-08 02:57:00,21.86,Restaurant,POS
TXN_008780,CUST_0238,2026-02-21 11:11:00,36.43,Utilities,POS
TXN_008781,CUST_0200,2026-05-20 00:58:00,52.14,Travel,Online
TXN_008782,CUST_0304,2026-05-07 12:17:00,119.31,Entertainment,POS
TXN_008783,CUST_0427,2026-03-10 15:09:00,76.21,Travel,POS
TXN_008784,CUST_0039,2026-01-05 05:39:00,84.89,Healthcare,Mobile
TXN_008785,CUST_0353,2026-02-22 04:59:00,27.0,Grocery,POS
TXN_008786,CUST_0204,2026-06-02 00:35:00,21.09,Shopping,ATM
TXN_008787,CUST_0456,2026-04-16 21:45:00,38.12,Travel,Online
TXN_008788,CUST_0150,2026-03-16 14:54:00,12.93,Healthcare,POS
TXN_008789,CUST_0451,2026-06-13 05:19:00,27.95,Electronics,ATM
TXN_008790,CUST_0202,2026-02-09 01:26:00,62.01,Restaurant,Online
TXN_008791,CUST_0338,2026-04-06 12:16:00,12.88,Restaurant,POS
TXN_008792,CUST_0273,2026-03-26 12:40:00,11.0,Restaurant,Online
TXN_008793,CUST_0121,2026-05-09 17:14:00,59.0,Healthcare,POS
TXN_008794,CUST_0371,2026-04-12 23:35:00,257.25,Grocery,POS
TXN_008795,CUST_0500,2026-02-21 18:16:00,10.75,Shopping,POS
TXN_008796,CUST_0060,2026-06-26 09:11:00,79.46,Electronics,Mobile
TXN_008797,CUST_0315,2026-05-17 04:38:00,100.07,Entertainment,POS
TXN_008798,CUST_0444,2026-03-15 17:58:00,45.45,Electronics,ATM
TXN_008799,CUST_0179,2026-02-26 05:14:00,17.77,Restaurant,Online
TXN_008800,CUST_0346,2026-04-17 02:39:00,76.67,Entertainment,ATM
TXN_008801,CUST_0350,2026-05-15 02:30:00,15.1,Restaurant,POS
TXN_008802,CUST_0250,2026-02-17 19:12:00,47.06,Electronics,Online
TXN_008803,CUST_0358,2026-06-26 14:40:00,7.45,Electronics,Mobile
TXN_008804,CUST_0115,2026-03-23 03:19:00,18.02,Healthcare,ATM
TXN_008805,CUST_0311,2026-03-18 18:29:00,228.79,Shopping,Online
TXN_008806,CUST_0247,2026-05-18 23:29:00,5.89,Utilities,Mobile
TXN_008807,CUST_0129,2026-03-07 01:49:00,91.46,Utilities,POS
TXN_008808,CUST_0090,2026-01-02 21:28:00,249.4,Healthcare,POS
TXN_008809,CUST_0056,2026-03-25 10:18:00,63.17,Shopping,POS
TXN_008810,CUST_0392,2026-06-27 18:45:00,10.44,Healthcare,Online
TXN_008811,CUST_0337,2026-02-03 12:08:00,68.53,Utilities,POS
TXN_008812,CUST_0045,2026-04-04 17:08:00,23.6,Restaurant,POS
TXN_008813,CUST_0277,2026-03-11 12:12:00,22.98,Electronics,Online
TXN_008814,CUST_0417,2026-02-24 11:31:00,43.58,Restaurant,Online
TXN_008815,CUST_0349,2026-04-03 00:09:00,114.44,Travel,POS
TXN_008816,CUST_0326,2026-02-13 05:31:00,19.92,Restaurant,Mobile
TXN_008817,CUST_0056,2026-03-11 13:11:00,155.58,Utilities,Mobile
TXN_008818,CUST_0330,2026-01-09 01:22:00,92.3,Electronics,Online
TXN_008819,CUST_0062,2026-01-28 19:23:00,3.94,Entertainment,Online
TXN_008820,CUST_0143,2026-04-05 22:03:00,39.16,Grocery,Mobile
TXN_008821,CUST_0051,2026-02-15 12:47:00,34.91,Restaurant,Mobile
TXN_008822,CUST_0367,2026-06-13 09:10:00,27.22,Travel,ATM
TXN_008823,CUST_0259,2026-03-10 11:05:00,274.33,Healthcare,POS
TXN_008824,CUST_0488,2026-01-16 12:42:00,182.28,Electronics,POS
TXN_008825,CUST_0493,2026-06-23 14:59:00,16.05,Healthcare,Online
TXN_008826,CUST_0191,2026-06-19 01:41:00,21.51,Shopping,POS
TXN_008827,CUST_0282,2026-06-19 03:32:00,94.22,Grocery,Online
TXN_008828,CUST_0374,2026-02-05 06:57:00,2.31,Shopping,Online
TXN_008829,CUST_0380,2026-01-11 17:38:00,116.87,Travel,Online
TXN_008830,CUST_0388,2026-02-09 23:26:00,17.43,Grocery,Online
TXN_008831,CUST_0245,2026-06-07 01:42:00,47.49,Restaurant,POS
TXN_008832,CUST_0453,2026-04-29 17:59:00,29.85,Electronics,Online
TXN_008833,CUST_0451,2026-01-14 16:54:00,178.81,Healthcare,POS
TXN_008834,CUST_0270,2026-01-07 13:20:00,44.54,Utilities,ATM
TXN_008835,CUST_0016,2026-05-29 18:00:00,12.87,Restaurant,POS
TXN_008836,CUST_0136,2026-03-14 18:20:00,61.3,Grocery,Online
TXN_008837,CUST_0402,2026-02-21 16:47:00,32.1,Restaurant,POS
TXN_008838,CUST_0077,2026-01-13 15:50:00,49.27,Shopping,POS
TXN_008839,CUST_0348,2026-06-03 22:37:00,6.15,Entertainment,Mobile
TXN_008840,CUST_0222,2026-02-07 01:43:00,37.92,Entertainment,ATM
TXN_008841,CUST_0466,2026-03-02 00:27:00,9.26,Restaurant,Online
TXN_008842,CUST_0421,2026-05-20 22:53:00,71.24,Grocery,Mobile
TXN_008843,CUST_0110,2026-01-07 14:33:00,51.98,Grocery,POS
TXN_008844,CUST_0499,2026-05-26 10:25:00,65.17,Grocery,Mobile
TXN_008845,CUST_0198,2026-06-01 02:31:00,8.12,Travel,Online
TXN_008846,CUST_0489,2026-01-20 07:29:00,34.85,Electronics,POS
TXN_008847,CUST_0150,2026-01-19 20:57:00,22.8,Travel,Online
TXN_008848,CUST_0352,2026-05-18 12:06:00,11.09,Grocery,Mobile
TXN_008849,CUST_0025,2026-01-03 05:50:00,72.73,Entertainment,POS
TXN_008850,CUST_0354,2026-03-24 22:10:00,4.35,Restaurant,POS
TXN_008851,CUST_0430,2026-02-10 21:16:00,69.67,Utilities,Online
TXN_008852,CUST_0277,2026-05-15 03:28:00,14.49,Grocery,Mobile
TXN_008853,CUST_0360,2026-02-05 21:43:00,9.0,Restaurant,Online
TXN_008854,CUST_0316,2026-05-17 01:54:00,11.34,Electronics,ATM
TXN_008855,CUST_0388,2026-04-27 18:55:00,10.0,Restaurant,ATM
TXN_008856,CUST_0218,2026-01-28 20:44:00,88.43,Utilities,Online
TXN_008857,CUST_0329,2026-01-23 03:38:00,145.47,Healthcare,POS
TXN_008858,CUST_0186,2026-04-09 15:04:00,22.17,Entertainment,Online
TXN_008859,CUST_0418,2026-01-09 11:13:00,4.56,Healthcare,POS
TXN_008860,CUST_0071,2026-03-13 08:28:00,13.62,Travel,Online
TXN_008861,CUST_0118,2026-02-28 03:46:00,5.58,Entertainment,POS
TXN_008862,CUST_0239,2026-01-15 15:01:00,21.21,Electronics,ATM
TXN_008863,CUST_0185,2026-01-15 00:55:00,131.63,Shopping,Online
TXN_008864,CUST_0341,2026-02-17 18:04:00,798.94,Utilities,Online
TXN_008865,CUST_0088,2026-06-22 04:38:00,10.03,Restaurant,Mobile
TXN_008866,CUST_0174,2026-04-16 07:05:00,8.44,Travel,Online
TXN_008867,CUST_0135,2026-05-22 20:23:00,10.25,Restaurant,POS
TXN_008868,CUST_0435,2026-06-28 02:49:00,5.09,Entertainment,Mobile
TXN_008869,CUST_0493,2026-04-26 12:15:00,38.15,Shopping,Online
TXN_008870,CUST_0214,2026-03-01 14:01:00,27.8,Electronics,POS
TXN_008871,CUST_0010,2026-02-25 09:17:00,149.01,Shopping,Online
TXN_008872,CUST_0266,2026-05-04 11:59:00,50.49,Utilities,Online
TXN_008873,CUST_0009,2026-05-10 22:33:00,122.77,Utilities,Online
TXN_008874,CUST_0004,2026-06-13 05:17:00,64.44,Electronics,POS
TXN_008875,CUST_0439,2026-01-05 01:13:00,4.48,Utilities,ATM
TXN_008876,CUST_0389,2026-05-21 12:41:00,33.14,Entertainment,Online
TXN_008877,CUST_0406,2026-01-27 18:55:00,22.72,Utilities,Online
TXN_008878,CUST_0064,2026-04-16 22:46:00,78.71,Shopping,POS
TXN_008879,CUST_0188,2026-05-28 18:33:00,79.83,Shopping,POS
TXN_008880,CUST_0042,2026-02-15 17:59:00,4.15,Utilities,POS
TXN_008881,CUST_0140,2026-03-04 14:30:00,42.7,Travel,Mobile
TXN_008882,CUST_0320,2026-02-13 16:46:00,166.53,Healthcare,Online
TXN_008883,CUST_0379,2026-04-12 07:48:00,78.22,Travel,Mobile
TXN_008884,CUST_0105,2026-04-16 19:40:00,61.62,Healthcare,Online
TXN_008885,CUST_0052,2026-03-04 04:09:00,8.13,Shopping,POS
TXN_008886,CUST_0050,2026-05-04 01:15:00,108.01,Utilities,Online
TXN_008887,CUST_0185,2026-04-27 06:54:00,9.63,Healthcare,ATM
TXN_008888,CUST_0340,2026-05-06 12:10:00,35.32,Healthcare,Mobile
TXN_008889,CUST_0174,2026-04-20 16:56:00,18.58,Electronics,POS
TXN_008890,CUST_0455,2026-05-07 20:28:00,197.55,Healthcare,Online
TXN_008891,CUST_0318,2026-05-23 16:36:00,9.7,Electronics,POS
TXN_008892,CUST_0390,2026-04-21 02:24:00,31.11,Shopping,Online
TXN_008893,CUST_0427,2026-01-02 08:19:00,25.11,Shopping,POS
TXN_008894,CUST_0087,2026-02-20 20:51:00,36.94,Utilities,Mobile
TXN_008895,CUST_0236,2026-01-22 09:27:00,6.35,Healthcare,Mobile
TXN_008896,CUST_0036,2026-04-10 22:30:00,100.6,Restaurant,Online
TXN_008897,CUST_0322,2026-06-23 03:09:00,53.93,Travel,POS
TXN_008898,CUST_0057,2026-01-29 01:45:00,12.97,Shopping,POS
TXN_008899,CUST_0359,2026-03-08 00:22:00,56.41,Entertainment,Mobile
TXN_008900,CUST_0290,2026-05-15 05:13:00,20.19,Travel,Online
TXN_008901,CUST_0498,2026-04-09 22:59:00,98.3,Travel,POS
TXN_008902,CUST_0479,2026-03-31 21:08:00,21.23,Healthcare,Mobile
TXN_008903,CUST_0096,2026-05-29 21:06:00,7.5,Electronics,Online
TXN_008904,CUST_0064,2026-01-10 23:34:00,9.8,Shopping,POS
TXN_008905,CUST_0385,2026-06-15 03:39:00,16.3,Utilities,POS
TXN_008906,CUST_0157,2026-05-16 09:39:00,14.03,Shopping,POS
TXN_008907,CUST_0367,2026-03-01 08:43:00,39.67,Entertainment,Online
TXN_008908,CUST_0100,2026-02-12 09:45:00,34.58,Electronics,Online
TXN_008909,CUST_0011,2026-01-17 15:02:00,21.53,Entertainment,Online
TXN_008910,CUST_0321,2026-01-26 18:43:00,103.85,Restaurant,POS
TXN_008911,CUST_0478,2026-03-01 11:19:00,30.18,Travel,POS
TXN_008912,CUST_0490,2026-04-25 22:42:00,193.5,Restaurant,Online
TXN_008913,CUST_0385,2026-01-04 02:05:00,53.43,Electronics,POS
TXN_008914,CUST_0390,2026-03-23 02:41:00,9.65,Travel,POS
TXN_008915,CUST_0119,2026-04-04 21:15:00,114.08,Shopping,POS
TXN_008916,CUST_0159,2026-04-30 12:59:00,23.94,Grocery,Mobile
TXN_008917,CUST_0379,2026-01-08 00:45:00,37.02,Grocery,ATM
TXN_008918,CUST_0415,2026-01-04 06:22:00,15.99,Utilities,POS
TXN_008919,CUST_0130,2026-05-17 09:14:00,16.34,Travel,POS
TXN_008920,CUST_0093,2026-04-04 12:44:00,45.8,Grocery,Mobile
TXN_008921,CUST_0407,2026-04-21 17:57:00,42.69,Healthcare,POS
TXN_008922,CUST_0199,2026-06-01 12:23:00,8.67,Healthcare,Online
TXN_008923,CUST_0489,2026-01-08 09:37:00,39.0,Utilities,Mobile
TXN_008924,CUST_0475,2026-01-17 13:54:00,13.97,Restaurant,Mobile
TXN_008925,CUST_0178,2026-05-17 22:25:00,24.14,Utilities,Online
TXN_008926,CUST_0400,2026-01-12 22:42:00,12.16,Restaurant,ATM
TXN_008927,CUST_0021,2026-01-11 00:43:00,31.83,Utilities,Online
TXN_008928,CUST_0287,2026-01-29 01:31:00,44.36,Healthcare,Mobile
TXN_008929,CUST_0070,2026-06-04 01:47:00,103.51,Shopping,POS
TXN_008930,CUST_0264,2026-02-01 01:32:00,9.85,Healthcare,Mobile
TXN_008931,CUST_0273,2026-06-14 19:32:00,21.71,Travel,ATM
TXN_008932,CUST_0210,2026-05-05 12:26:00,34.16,Utilities,Online
TXN_008933,CUST_0380,2026-01-28 22:36:00,133.74,Utilities,Online
TXN_008934,CUST_0442,2026-03-05 15:39:00,302.16,Travel,Online
TXN_008935,CUST_0050,2026-02-02 02:09:00,161.99,Utilities,Mobile
TXN_008936,CUST_0349,2026-01-13 08:56:00,184.51,Utilities,POS
TXN_008937,CUST_0341,2026-05-05 20:56:00,20.83,Healthcare,Online
TXN_008938,CUST_0231,2026-04-23 00:40:00,193.05,Shopping,POS
TXN_008939,CUST_0434,2026-01-14 12:31:00,54.41,Shopping,POS
TXN_008940,CUST_0442,2026-02-10 15:01:00,88.47,Electronics,Mobile
TXN_008941,CUST_0258,2026-04-24 07:48:00,35.28,Shopping,POS
TXN_008942,CUST_0299,2026-03-03 18:59:00,28.55,Travel,POS
TXN_008943,CUST_0312,2026-03-29 23:45:00,107.67,Electronics,POS
TXN_008944,CUST_0493,2026-06-23 08:44:00,89.0,Shopping,Online
TXN_008945,CUST_0085,2026-04-18 17:29:00,54.27,Healthcare,ATM
TXN_008946,CUST_0449,2026-01-23 04:22:00,14.15,Utilities,Online
TXN_008947,CUST_0121,2026-06-26 08:41:00,40.56,Travel,Mobile
TXN_008948,CUST_0470,2026-03-28 21:58:00,18.88,Healthcare,ATM
TXN_008949,CUST_0015,2026-05-09 10:17:00,31.17,Entertainment,Mobile
TXN_008950,CUST_0003,2026-04-26 22:46:00,56.95,Utilities,Online
TXN_008951,CUST_0374,2026-04-17 01:11:00,14.05,Healthcare,Online
TXN_008952,CUST_0321,2026-04-07 18:13:00,7.18,Shopping,POS
TXN_008953,CUST_0481,2026-02-28 03:33:00,4.69,Restaurant,Online
TXN_008954,CUST_0095,2026-06-06 17:47:00,41.49,Healthcare,Online
TXN_008955,CUST_0115,2026-03-12 20:34:00,103.41,Grocery,Online
TXN_008956,CUST_0485,2026-06-10 08:36:00,7.38,Utilities,POS
TXN_008957,CUST_0261,2026-02-24 21:15:00,23.08,Travel,Online
TXN_008958,CUST_0019,2026-05-18 02:45:00,10.75,Healthcare,POS
TXN_008959,CUST_0480,2026-02-15 11:49:00,51.74,Utilities,Online
TXN_008960,CUST_0266,2026-05-17 13:51:00,37.36,Shopping,POS
TXN_008961,CUST_0030,2026-02-08 13:16:00,10.86,Utilities,Online
TXN_008962,CUST_0193,2026-03-11 18:52:00,34.72,Utilities,ATM
TXN_008963,CUST_0222,2026-02-26 21:51:00,13.69,Entertainment,Online
TXN_008964,CUST_0340,2026-02-08 05:00:00,11.34,Entertainment,POS
TXN_008965,CUST_0017,2026-02-08 10:27:00,34.69,Travel,POS
TXN_008966,CUST_0188,2026-02-12 12:16:00,31.12,Electronics,ATM
TXN_008967,CUST_0491,2026-05-28 20:53:00,68.64,Entertainment,Online
TXN_008968,CUST_0079,2026-02-08 23:41:00,73.83,Healthcare,POS
TXN_008969,CUST_0388,2026-06-13 04:15:00,66.02,Travel,Online
TXN_008970,CUST_0072,2026-04-05 20:28:00,58.28,Shopping,Online
TXN_008971,CUST_0232,2026-01-09 00:24:00,77.26,Electronics,POS
TXN_008972,CUST_0238,2026-04-06 18:26:00,38.65,Grocery,Mobile
TXN_008973,CUST_0380,2026-05-27 19:00:00,46.02,Electronics,POS
TXN_008974,CUST_0494,2026-06-22 02:31:00,52.41,Travel,Online
TXN_008975,CUST_0363,2026-03-10 03:32:00,23.66,Travel,Mobile
TXN_008976,CUST_0251,2026-06-12 22:01:00,22.96,Restaurant,Online
TXN_008977,CUST_0437,2026-01-07 10:10:00,14.59,Utilities,Online
TXN_008978,CUST_0157,2026-05-22 23:12:00,7.64,Travel,Online
TXN_008979,CUST_0336,2026-01-05 21:22:00,11.6,Utilities,ATM
TXN_008980,CUST_0294,2026-03-18 06:47:00,22.57,Healthcare,POS
TXN_008981,CUST_0352,2026-03-19 16:33:00,17.72,Travel,ATM
TXN_008982,CUST_0238,2026-03-07 15:16:00,52.41,Entertainment,ATM
TXN_008983,CUST_0137,2026-03-25 17:38:00,30.57,Grocery,POS
TXN_008984,CUST_0288,2026-03-24 05:36:00,37.6,Entertainment,POS
TXN_008985,CUST_0426,2026-06-29 01:51:00,30.32,Restaurant,Mobile
TXN_008986,CUST_0179,2026-05-09 20:17:00,14.81,Healthcare,POS
TXN_008987,CUST_0289,2026-05-01 03:13:00,125.05,Healthcare,POS
TXN_008988,CUST_0299,2026-03-19 10:17:00,322.83,Electronics,POS
TXN_008989,CUST_0022,2026-01-13 08:31:00,147.67,Travel,POS
TXN_008990,CUST_0208,2026-03-10 04:45:00,4.7,Shopping,Mobile
TXN_008991,CUST_0496,2026-01-04 02:49:00,33.48,Travel,POS
TXN_008992,CUST_0405,2026-04-07 14:22:00,9.37,Healthcare,POS
TXN_008993,CUST_0164,2026-02-02 09:32:00,58.95,Restaurant,Online
TXN_008994,CUST_0443,2026-06-22 04:17:00,57.4,Shopping,Mobile
TXN_008995,CUST_0331,2026-05-03 12:09:00,38.04,Shopping,Online
TXN_008996,CUST_0227,2026-05-29 14:40:00,63.64,Travel,Mobile
TXN_008997,CUST_0286,2026-03-27 23:07:00,40.42,Restaurant,Online
TXN_008998,CUST_0264,2026-06-08 13:29:00,15.34,Shopping,Online
TXN_008999,CUST_0447,2026-03-23 15:13:00,51.87,Entertainment,Mobile
TXN_009000,CUST_0148,2026-05-31 09:43:00,14.22,Travel,POS
TXN_009001,CUST_0391,2026-04-10 00:10:00,25.61,Travel,POS
TXN_009002,CUST_0362,2026-02-11 02:40:00,5.14,Restaurant,ATM
TXN_009003,CUST_0188,2026-03-28 01:04:00,4.43,Restaurant,Online
TXN_009004,CUST_0254,2026-06-22 23:49:00,68.28,Healthcare,Mobile
TXN_009005,CUST_0194,2026-04-07 04:12:00,122.67,Electronics,ATM
TXN_009006,CUST_0429,2026-06-05 08:58:00,20.22,Travel,POS
TXN_009007,CUST_0265,2026-06-22 21:24:00,7.16,Healthcare,Online
TXN_009008,CUST_0394,2026-03-03 17:07:00,31.91,Travel,Online
TXN_009009,CUST_0035,2026-06-25 20:02:00,37.62,Utilities,POS
TXN_009010,CUST_0096,2026-03-26 11:05:00,17.89,Restaurant,Online
TXN_009011,CUST_0387,2026-03-11 22:09:00,33.52,Travel,POS
TXN_009012,CUST_0138,2026-06-12 23:14:00,6.12,Utilities,Online
TXN_009013,CUST_0337,2026-01-18 22:47:00,15.16,Shopping,Online
TXN_009014,CUST_0264,2026-02-14 01:55:00,98.16,Shopping,Online
TXN_009015,CUST_0439,2026-04-28 21:32:00,16.52,Entertainment,ATM
TXN_009016,CUST_0499,2026-02-18 03:11:00,60.91,Entertainment,ATM
TXN_009017,CUST_0292,2026-06-14 17:29:00,33.31,Entertainment,Online
TXN_009018,CUST_0374,2026-01-17 19:54:00,232.47,Travel,POS
TXN_009019,CUST_0253,2026-02-22 22:27:00,29.69,Healthcare,POS
TXN_009020,CUST_0296,2026-05-18 20:24:00,88.02,Travel,Online
TXN_009021,CUST_0009,2026-06-09 04:45:00,20.97,Grocery,Online
TXN_009022,CUST_0398,2026-04-10 14:56:00,13.41,Entertainment,Online
TXN_009023,CUST_0190,2026-05-23 23:33:00,19.0,Utilities,Mobile
TXN_009024,CUST_0292,2026-02-10 20:25:00,8.97,Travel,ATM
TXN_009025,CUST_0141,2026-02-15 17:38:00,34.09,Healthcare,POS
TXN_009026,CUST_0477,2026-05-06 00:50:00,19.1,Restaurant,Mobile
TXN_009027,CUST_0117,2026-03-17 08:57:00,20.93,Travel,Online
TXN_009028,CUST_0130,2026-04-26 22:16:00,32.91,Grocery,ATM
TXN_009029,CUST_0261,2026-03-05 20:16:00,7.54,Restaurant,Online
TXN_009030,CUST_0240,2026-05-21 06:57:00,31.17,Grocery,Online
TXN_009031,CUST_0154,2026-05-29 10:06:00,28.25,Shopping,ATM
TXN_009032,CUST_0208,2026-06-27 23:27:00,11.41,Healthcare,POS
TXN_009033,CUST_0389,2026-04-12 19:27:00,18.88,Entertainment,POS
TXN_009034,CUST_0427,2026-03-04 02:12:00,66.06,Entertainment,Online
TXN_009035,CUST_0249,2026-01-20 01:56:00,6.07,Travel,POS
TXN_009036,CUST_0262,2026-06-25 11:25:00,27.79,Restaurant,Online
TXN_009037,CUST_0035,2026-06-11 01:48:00,13.62,Utilities,Online
TXN_009038,CUST_0267,2026-03-21 20:36:00,48.5,Travel,Online
TXN_009039,CUST_0265,2026-05-27 03:50:00,22.68,Restaurant,Online
TXN_009040,CUST_0499,2026-01-30 22:21:00,48.76,Utilities,POS
TXN_009041,CUST_0158,2026-04-13 13:28:00,26.17,Restaurant,Mobile
TXN_009042,CUST_0087,2026-01-24 14:24:00,16.7,Restaurant,Online
TXN_009043,CUST_0468,2026-05-06 03:27:00,37.73,Shopping,POS
TXN_009044,CUST_0480,2026-06-20 20:02:00,24.83,Utilities,Mobile
TXN_009045,CUST_0228,2026-03-21 13:55:00,83.83,Healthcare,Mobile
TXN_009046,CUST_0408,2026-03-12 04:12:00,134.8,Grocery,Online
TXN_009047,CUST_0285,2026-03-18 05:08:00,15.19,Electronics,POS
TXN_009048,CUST_0070,2026-02-08 14:30:00,34.6,Grocery,POS
TXN_009049,CUST_0453,2026-03-10 06:34:00,28.08,Travel,POS
TXN_009050,CUST_0347,2026-02-13 21:00:00,9.26,Healthcare,Online
TXN_009051,CUST_0370,2026-01-13 23:13:00,44.99,Shopping,Online
TXN_009052,CUST_0272,2026-01-15 23:07:00,10.15,Healthcare,Online
TXN_009053,CUST_0026,2026-05-09 06:21:00,59.96,Healthcare,ATM
TXN_009054,CUST_0286,2026-02-21 20:17:00,112.2,Healthcare,POS
TXN_009055,CUST_0102,2026-03-31 12:22:00,10.97,Electronics,ATM
TXN_009056,CUST_0245,2026-05-13 00:49:00,50.35,Entertainment,Online
TXN_009057,CUST_0082,2026-05-04 00:58:00,38.61,Healthcare,POS
TXN_009058,CUST_0008,2026-01-11 07:15:00,2.38,Restaurant,Mobile
TXN_009059,CUST_0233,2026-01-20 11:19:00,30.12,Healthcare,Online
TXN_009060,CUST_0490,2026-03-20 10:31:00,6.81,Travel,POS
TXN_009061,CUST_0416,2026-01-23 15:31:00,53.91,Healthcare,POS
TXN_009062,CUST_0259,2026-01-10 14:30:00,45.03,Travel,Online
TXN_009063,CUST_0039,2026-04-23 17:34:00,57.27,Grocery,POS
TXN_009064,CUST_0086,2026-06-10 16:07:00,56.84,Restaurant,Mobile
TXN_009065,CUST_0137,2026-05-10 23:25:00,69.38,Grocery,Online
TXN_009066,CUST_0009,2026-04-27 22:05:00,8.01,Shopping,POS
TXN_009067,CUST_0090,2026-04-25 07:57:00,100.93,Grocery,Mobile
TXN_009068,CUST_0077,2026-03-03 12:57:00,9.71,Grocery,Online
TXN_009069,CUST_0124,2026-02-24 22:59:00,26.54,Healthcare,POS
TXN_009070,CUST_0291,2026-01-02 20:06:00,29.14,Utilities,Mobile
TXN_009071,CUST_0005,2026-03-18 04:22:00,7.18,Restaurant,ATM
TXN_009072,CUST_0007,2026-01-28 18:07:00,25.77,Travel,Online
TXN_009073,CUST_0028,2026-01-04 14:29:00,26.92,Shopping,Online
TXN_009074,CUST_0119,2026-05-17 16:15:00,22.44,Healthcare,Mobile
TXN_009075,CUST_0091,2026-04-20 14:19:00,48.88,Utilities,POS
TXN_009076,CUST_0112,2026-03-13 12:53:00,11.56,Restaurant,Online
TXN_009077,CUST_0433,2026-02-08 23:45:00,5.62,Entertainment,POS
TXN_009078,CUST_0104,2026-01-04 08:57:00,14.94,Grocery,ATM
TXN_009079,CUST_0242,2026-03-15 20:51:00,12.01,Electronics,Mobile
TXN_009080,CUST_0149,2026-03-11 00:51:00,123.68,Grocery,Mobile
TXN_009081,CUST_0008,2026-04-19 00:40:00,33.64,Utilities,Online
TXN_009082,CUST_0024,2026-04-03 00:13:00,90.25,Restaurant,POS
TXN_009083,CUST_0403,2026-02-09 23:53:00,120.22,Travel,POS
TXN_009084,CUST_0103,2026-03-07 08:01:00,272.46,Travel,Mobile
TXN_009085,CUST_0020,2026-05-03 09:59:00,46.77,Grocery,Online
TXN_009086,CUST_0328,2026-02-25 01:01:00,12.67,Entertainment,Online
TXN_009087,CUST_0084,2026-04-28 22:27:00,106.22,Restaurant,Online
TXN_009088,CUST_0376,2026-04-10 20:59:00,104.72,Electronics,Online
TXN_009089,CUST_0404,2026-03-07 14:18:00,5.6,Restaurant,POS
TXN_009090,CUST_0327,2026-03-21 03:22:00,33.98,Shopping,Mobile
TXN_009091,CUST_0384,2026-04-19 05:45:00,67.87,Travel,POS
TXN_009092,CUST_0484,2026-05-09 22:17:00,21.84,Shopping,POS
TXN_009093,CUST_0181,2026-02-13 18:41:00,23.37,Travel,POS
TXN_009094,CUST_0416,2026-01-12 17:59:00,37.26,Restaurant,Online
TXN_009095,CUST_0220,2026-03-16 04:49:00,32.7,Utilities,ATM
TXN_009096,CUST_0223,2026-06-12 22:05:00,258.0,Travel,Online
TXN_009097,CUST_0314,2026-04-13 14:11:00,17.43,Healthcare,POS
TXN_009098,CUST_0447,2026-02-21 07:14:00,2.7,Electronics,ATM
TXN_009099,CUST_0477,2026-06-21 17:53:00,61.28,Travel,POS
TXN_009100,CUST_0377,2026-03-03 14:39:00,103.73,Restaurant,POS
TXN_009101,CUST_0104,2026-03-04 13:07:00,18.32,Travel,POS
TXN_009102,CUST_0131,2026-02-02 20:25:00,96.29,Healthcare,POS
TXN_009103,CUST_0284,2026-05-22 03:35:00,35.85,Travel,Online
TXN_009104,CUST_0376,2026-02-16 10:35:00,56.08,Electronics,Online
TXN_009105,CUST_0199,2026-05-06 16:54:00,18.7,Electronics,Mobile
TXN_009106,CUST_0105,2026-01-18 01:28:00,160.91,Restaurant,POS
TXN_009107,CUST_0099,2026-04-14 21:50:00,52.16,Electronics,ATM
TXN_009108,CUST_0116,2026-04-12 02:59:00,26.18,Travel,Online
TXN_009109,CUST_0412,2026-05-10 22:13:00,631.05,Shopping,Mobile
TXN_009110,CUST_0089,2026-05-22 01:52:00,14.57,Restaurant,POS
TXN_009111,CUST_0409,2026-03-12 05:05:00,42.3,Healthcare,POS
TXN_009112,CUST_0240,2026-03-09 11:53:00,39.87,Entertainment,POS
TXN_009113,CUST_0314,2026-06-07 13:54:00,14.24,Entertainment,POS
TXN_009114,CUST_0178,2026-05-12 00:58:00,17.07,Grocery,POS
TXN_009115,CUST_0116,2026-04-18 07:25:00,13.93,Healthcare,POS
TXN_009116,CUST_0214,2026-05-30 15:50:00,8.69,Grocery,Online
TXN_009117,CUST_0131,2026-01-25 11:19:00,21.52,Restaurant,ATM
TXN_009118,CUST_0387,2026-05-31 08:34:00,11.35,Utilities,POS
TXN_009119,CUST_0258,2026-03-25 18:32:00,46.63,Electronics,POS
TXN_009120,CUST_0495,2026-03-02 06:09:00,91.48,Grocery,POS
TXN_009121,CUST_0105,2026-02-15 11:46:00,39.58,Healthcare,POS
TXN_009122,CUST_0057,2026-03-09 06:32:00,112.94,Electronics,Online
TXN_009123,CUST_0065,2026-04-20 02:31:00,115.75,Restaurant,POS
TXN_009124,CUST_0212,2026-02-28 05:37:00,34.55,Electronics,ATM
TXN_009125,CUST_0029,2026-02-27 03:18:00,26.76,Electronics,POS
TXN_009126,CUST_0268,2026-02-04 12:10:00,62.29,Entertainment,ATM
TXN_009127,CUST_0344,2026-06-15 12:23:00,12.73,Travel,Mobile
TXN_009128,CUST_0485,2026-05-14 08:43:00,280.97,Entertainment,Mobile
TXN_009129,CUST_0244,2026-06-13 02:30:00,29.75,Shopping,POS
TXN_009130,CUST_0235,2026-04-25 06:12:00,59.74,Healthcare,Online
TXN_009131,CUST_0500,2026-04-07 07:24:00,26.9,Entertainment,POS
TXN_009132,CUST_0081,2026-05-02 15:39:00,5.86,Restaurant,Online
TXN_009133,CUST_0080,2026-06-02 13:40:00,53.69,Travel,Mobile
TXN_009134,CUST_0181,2026-06-05 04:25:00,50.08,Grocery,POS
TXN_009135,CUST_0186,2026-04-16 14:46:00,89.68,Healthcare,Online
TXN_009136,CUST_0407,2026-06-01 09:03:00,297.99,Utilities,POS
TXN_009137,CUST_0460,2026-02-21 17:22:00,42.82,Entertainment,POS
TXN_009138,CUST_0474,2026-06-19 19:39:00,44.43,Travel,Online
TXN_009139,CUST_0422,2026-01-30 08:31:00,18.81,Entertainment,POS
TXN_009140,CUST_0284,2026-05-21 12:40:00,9.1,Healthcare,ATM
TXN_009141,CUST_0111,2026-06-29 16:57:00,17.15,Electronics,Online
TXN_009142,CUST_0015,2026-05-06 21:22:00,29.92,Entertainment,POS
TXN_009143,CUST_0351,2026-05-29 04:59:00,10.37,Grocery,Online
TXN_009144,CUST_0258,2026-04-01 00:49:00,123.84,Utilities,Mobile
TXN_009145,CUST_0120,2026-05-07 23:21:00,29.7,Restaurant,Online
TXN_009146,CUST_0419,2026-01-12 07:53:00,62.78,Utilities,ATM
TXN_009147,CUST_0225,2026-06-26 15:27:00,124.98,Grocery,Mobile
TXN_009148,CUST_0389,2026-03-20 05:07:00,54.49,Electronics,POS
TXN_009149,CUST_0300,2026-04-30 13:01:00,203.15,Shopping,POS
TXN_009150,CUST_0082,2026-02-15 14:34:00,371.77,Travel,POS
TXN_009151,CUST_0221,2026-02-03 13:24:00,9.03,Utilities,POS
TXN_009152,CUST_0301,2026-03-19 16:35:00,26.62,Restaurant,POS
TXN_009153,CUST_0199,2026-04-25 02:48:00,26.32,Shopping,Online
TXN_009154,CUST_0469,2026-06-04 21:41:00,28.66,Travel,Online
TXN_009155,CUST_0417,2026-05-08 11:12:00,45.67,Entertainment,POS
TXN_009156,CUST_0051,2026-02-27 01:15:00,116.29,Electronics,POS
TXN_009157,CUST_0160,2026-02-19 10:05:00,25.73,Healthcare,Online
TXN_009158,CUST_0217,2026-02-18 06:42:00,62.55,Healthcare,POS
TXN_009159,CUST_0288,2026-04-27 11:08:00,5.34,Grocery,Mobile
TXN_009160,CUST_0230,2026-06-27 21:23:00,183.97,Entertainment,POS
TXN_009161,CUST_0116,2026-06-01 03:55:00,26.43,Entertainment,Online
TXN_009162,CUST_0267,2026-03-24 07:57:00,58.56,Electronics,POS
TXN_009163,CUST_0079,2026-04-18 21:22:00,29.8,Restaurant,Online
TXN_009164,CUST_0020,2026-06-17 10:27:00,79.46,Travel,Mobile
TXN_009165,CUST_0178,2026-05-26 02:49:00,107.82,Electronics,Online
TXN_009166,CUST_0147,2026-06-20 23:41:00,65.5,Grocery,Online
TXN_009167,CUST_0150,2026-03-06 20:55:00,24.92,Restaurant,POS
TXN_009168,CUST_0031,2026-02-19 19:21:00,17.52,Restaurant,Mobile
TXN_009169,CUST_0202,2026-04-13 02:14:00,21.23,Travel,Online
TXN_009170,CUST_0022,2026-03-12 22:36:00,8.42,Healthcare,Online
TXN_009171,CUST_0168,2026-05-12 04:11:00,49.3,Electronics,POS
TXN_009172,CUST_0083,2026-06-07 01:33:00,24.66,Entertainment,Online
TXN_009173,CUST_0013,2026-03-23 01:07:00,11.7,Restaurant,ATM
TXN_009174,CUST_0118,2026-02-07 15:19:00,35.44,Healthcare,POS
TXN_009175,CUST_0213,2026-06-27 14:58:00,31.34,Travel,POS
TXN_009176,CUST_0177,2026-03-20 21:25:00,33.87,Healthcare,POS
TXN_009177,CUST_0100,2026-01-13 11:46:00,31.03,Shopping,Online
TXN_009178,CUST_0392,2026-06-14 19:43:00,30.78,Entertainment,ATM
TXN_009179,CUST_0207,2026-02-21 16:41:00,35.14,Shopping,POS
TXN_009180,CUST_0092,2026-03-07 09:43:00,3.61,Shopping,POS
TXN_009181,CUST_0299,2026-03-20 07:02:00,103.92,Travel,POS
TXN_009182,CUST_0041,2026-04-10 05:17:00,22.5,Shopping,Online
TXN_009183,CUST_0243,2026-05-08 01:39:00,0.38,Healthcare,ATM
TXN_009184,CUST_0461,2026-03-18 19:41:00,19.86,Entertainment,POS
TXN_009185,CUST_0113,2026-05-24 02:03:00,70.39,Utilities,Mobile
TXN_009186,CUST_0276,2026-06-04 19:41:00,18.55,Travel,Mobile
TXN_009187,CUST_0049,2026-03-01 17:56:00,103.31,Utilities,Online
TXN_009188,CUST_0016,2026-06-06 10:45:00,25.78,Electronics,Mobile
TXN_009189,CUST_0298,2026-06-11 01:42:00,107.19,Electronics,Online
TXN_009190,CUST_0315,2026-05-18 10:59:00,53.6,Shopping,Online
TXN_009191,CUST_0387,2026-04-11 13:12:00,12.92,Healthcare,POS
TXN_009192,CUST_0050,2026-06-07 17:00:00,10.53,Grocery,Online
TXN_009193,CUST_0318,2026-03-17 06:22:00,34.33,Electronics,POS
TXN_009194,CUST_0311,2026-03-25 19:44:00,33.15,Grocery,ATM
TXN_009195,CUST_0178,2026-04-18 21:05:00,30.13,Electronics,Mobile
TXN_009196,CUST_0413,2026-06-13 00:33:00,332.72,Grocery,POS
TXN_009197,CUST_0492,2026-06-03 17:23:00,19.04,Restaurant,Mobile
TXN_009198,CUST_0325,2026-01-05 22:42:00,16.7,Utilities,Mobile
TXN_009199,CUST_0107,2026-01-02 11:16:00,3.92,Grocery,Online
TXN_009200,CUST_0308,2026-06-05 18:20:00,34.36,Healthcare,Mobile
TXN_009201,CUST_0408,2026-02-06 22:12:00,138.66,Restaurant,POS
TXN_009202,CUST_0372,2026-03-02 18:35:00,5.45,Entertainment,Mobile
TXN_009203,CUST_0067,2026-05-22 01:50:00,118.35,Restaurant,Online
TXN_009204,CUST_0280,2026-03-21 16:18:00,12.33,Travel,Mobile
TXN_009205,CUST_0424,2026-06-01 00:37:00,18.57,Electronics,POS
TXN_009206,CUST_0170,2026-05-15 12:15:00,319.41,Electronics,Online
TXN_009207,CUST_0437,2026-03-16 13:30:00,18.58,Healthcare,Online
TXN_009208,CUST_0127,2026-05-08 17:57:00,628.99,Grocery,POS
TXN_009209,CUST_0214,2026-05-19 23:02:00,103.48,Entertainment,Online
TXN_009210,CUST_0486,2026-04-27 04:39:00,19.1,Grocery,POS
TXN_009211,CUST_0274,2026-03-10 17:27:00,24.72,Grocery,POS
TXN_009212,CUST_0173,2026-04-01 06:00:00,89.93,Shopping,POS
TXN_009213,CUST_0031,2026-02-07 13:30:00,10.83,Travel,POS
TXN_009214,CUST_0453,2026-05-28 17:00:00,9.75,Shopping,Online
TXN_009215,CUST_0327,2026-02-28 20:19:00,36.47,Utilities,Online
TXN_009216,CUST_0430,2026-06-06 14:45:00,361.57,Healthcare,Online
TXN_009217,CUST_0486,2026-06-10 04:41:00,16.05,Electronics,Online
TXN_009218,CUST_0157,2026-04-05 02:51:00,8.92,Travel,Online
TXN_009219,CUST_0480,2026-05-05 23:47:00,3.49,Electronics,Mobile
TXN_009220,CUST_0354,2026-06-05 11:06:00,11.59,Utilities,POS
TXN_009221,CUST_0070,2026-03-22 22:01:00,17.47,Shopping,POS
TXN_009222,CUST_0044,2026-03-10 01:37:00,27.15,Healthcare,Online
TXN_009223,CUST_0067,2026-03-01 13:42:00,27.1,Electronics,Online
TXN_009224,CUST_0129,2026-05-24 21:56:00,51.26,Shopping,Online
TXN_009225,CUST_0274,2026-04-22 11:04:00,45.05,Shopping,POS
TXN_009226,CUST_0152,2026-04-20 20:26:00,32.88,Entertainment,POS
TXN_009227,CUST_0295,2026-02-18 19:22:00,94.36,Shopping,Online
TXN_009228,CUST_0177,2026-01-22 17:28:00,56.6,Shopping,POS
TXN_009229,CUST_0028,2026-02-19 18:15:00,23.08,Utilities,Online
TXN_009230,CUST_0347,2026-01-19 14:45:00,32.93,Grocery,POS
TXN_009231,CUST_0240,2026-05-15 08:25:00,107.05,Entertainment,POS
TXN_009232,CUST_0063,2026-01-22 08:42:00,29.73,Shopping,POS
TXN_009233,CUST_0323,2026-01-18 11:51:00,167.97,Restaurant,Online
TXN_009234,CUST_0051,2026-01-16 06:54:00,27.5,Utilities,POS
TXN_009235,CUST_0236,2026-05-03 05:31:00,23.69,Grocery,POS
TXN_009236,CUST_0020,2026-01-23 03:00:00,203.7,Healthcare,POS
TXN_009237,CUST_0367,2026-02-13 19:49:00,17.18,Entertainment,Online
TXN_009238,CUST_0339,2026-05-28 19:43:00,61.59,Utilities,ATM
TXN_009239,CUST_0364,2026-06-05 11:02:00,13.4,Travel,Mobile
TXN_009240,CUST_0094,2026-04-23 11:37:00,21.86,Travel,Mobile
TXN_009241,CUST_0495,2026-05-11 07:36:00,16.11,Shopping,Online
TXN_009242,CUST_0158,2026-01-26 12:59:00,71.62,Electronics,POS
TXN_009243,CUST_0181,2026-03-24 17:37:00,12.11,Shopping,POS
TXN_009244,CUST_0389,2026-01-25 04:12:00,55.27,Restaurant,Online
TXN_009245,CUST_0014,2026-03-02 19:25:00,53.51,Shopping,ATM
TXN_009246,CUST_0431,2026-05-13 06:31:00,45.32,Shopping,POS
TXN_009247,CUST_0283,2026-02-19 09:24:00,6.55,Grocery,Online
TXN_009248,CUST_0410,2026-05-24 05:25:00,24.15,Shopping,Online
TXN_009249,CUST_0220,2026-01-08 10:07:00,92.91,Grocery,POS
TXN_009250,CUST_0141,2026-05-13 01:04:00,9.09,Utilities,POS
TXN_009251,CUST_0092,2026-04-10 20:08:00,3.41,Healthcare,POS
TXN_009252,CUST_0298,2026-02-09 11:48:00,28.04,Entertainment,Online
TXN_009253,CUST_0185,2026-02-16 19:29:00,24.87,Healthcare,POS
TXN_009254,CUST_0279,2026-06-14 18:04:00,13.0,Electronics,ATM
TXN_009255,CUST_0258,2026-01-14 01:16:00,18.35,Healthcare,Mobile
TXN_009256,CUST_0024,2026-05-17 11:29:00,22.2,Shopping,Online
TXN_009257,CUST_0279,2026-06-18 20:41:00,29.38,Travel,Online
TXN_009258,CUST_0280,2026-05-21 22:44:00,104.1,Entertainment,POS
TXN_009259,CUST_0071,2026-04-02 12:18:00,18.96,Travel,POS
TXN_009260,CUST_0301,2026-04-19 21:45:00,27.98,Grocery,Online
TXN_009261,CUST_0154,2026-02-05 10:26:00,26.13,Shopping,Online
TXN_009262,CUST_0098,2026-06-05 02:49:00,37.88,Utilities,Online
TXN_009263,CUST_0118,2026-03-22 01:09:00,103.25,Utilities,Mobile
TXN_009264,CUST_0207,2026-04-08 01:38:00,58.73,Entertainment,ATM
TXN_009265,CUST_0434,2026-01-12 19:33:00,43.36,Healthcare,Online
TXN_009266,CUST_0311,2026-03-31 22:06:00,51.2,Shopping,Mobile
TXN_009267,CUST_0030,2026-02-07 08:32:00,9.52,Electronics,Online
TXN_009268,CUST_0102,2026-03-02 05:33:00,62.88,Entertainment,POS
TXN_009269,CUST_0266,2026-03-15 20:05:00,56.57,Healthcare,POS
TXN_009270,CUST_0052,2026-03-02 09:44:00,68.42,Grocery,Mobile
TXN_009271,CUST_0343,2026-04-21 13:25:00,267.13,Shopping,POS
TXN_009272,CUST_0455,2026-02-10 10:30:00,12.57,Travel,Online
TXN_009273,CUST_0494,2026-03-31 06:27:00,64.16,Travel,Mobile
TXN_009274,CUST_0302,2026-03-21 18:22:00,6.68,Utilities,Mobile
TXN_009275,CUST_0033,2026-05-04 18:25:00,18.1,Electronics,POS
TXN_009276,CUST_0248,2026-01-17 17:31:00,9.71,Grocery,Online
TXN_009277,CUST_0104,2026-05-29 22:26:00,93.77,Grocery,Online
TXN_009278,CUST_0125,2026-01-09 14:10:00,15.84,Grocery,Online
TXN_009279,CUST_0024,2026-06-04 03:05:00,47.87,Electronics,Mobile
TXN_009280,CUST_0145,2026-04-21 08:24:00,11.28,Shopping,ATM
TXN_009281,CUST_0038,2026-05-07 13:43:00,81.93,Utilities,Online
TXN_009282,CUST_0093,2026-02-06 03:43:00,8.73,Restaurant,POS
TXN_009283,CUST_0262,2026-03-10 10:28:00,8.81,Utilities,Online
TXN_009284,CUST_0183,2026-06-01 07:57:00,15.16,Grocery,ATM
TXN_009285,CUST_0176,2026-04-28 21:06:00,159.39,Entertainment,ATM
TXN_009286,CUST_0289,2026-06-27 05:52:00,33.45,Electronics,ATM
TXN_009287,CUST_0203,2026-06-26 20:50:00,6.25,Healthcare,ATM
TXN_009288,CUST_0096,2026-05-08 16:49:00,8.28,Entertainment,Mobile
TXN_009289,CUST_0069,2026-04-10 02:54:00,20.55,Restaurant,ATM
TXN_009290,CUST_0302,2026-05-28 10:26:00,13.47,Electronics,Mobile
TXN_009291,CUST_0085,2026-04-06 22:06:00,10.49,Entertainment,POS
TXN_009292,CUST_0317,2026-01-14 01:29:00,50.24,Healthcare,POS
TXN_009293,CUST_0305,2026-01-05 03:36:00,34.26,Restaurant,ATM
TXN_009294,CUST_0435,2026-02-26 10:33:00,117.15,Shopping,Online
TXN_009295,CUST_0433,2026-03-24 19:09:00,35.1,Grocery,Online
TXN_009296,CUST_0054,2026-06-15 03:44:00,27.86,Travel,Online
TXN_009297,CUST_0361,2026-01-07 11:53:00,70.05,Utilities,Online
TXN_009298,CUST_0451,2026-02-28 07:06:00,180.73,Travel,ATM
TXN_009299,CUST_0102,2026-04-17 19:40:00,119.81,Healthcare,Online
TXN_009300,CUST_0172,2026-01-31 23:24:00,196.26,Electronics,POS
TXN_009301,CUST_0065,2026-01-23 23:39:00,36.97,Travel,Online
TXN_009302,CUST_0188,2026-01-27 09:25:00,15.34,Grocery,Online
TXN_009303,CUST_0445,2026-02-06 22:10:00,50.04,Entertainment,Online
TXN_009304,CUST_0150,2026-06-16 10:01:00,76.57,Travel,POS
TXN_009305,CUST_0471,2026-03-26 19:19:00,80.42,Healthcare,Online
TXN_009306,CUST_0116,2026-06-28 06:20:00,89.94,Electronics,ATM
TXN_009307,CUST_0492,2026-02-03 07:53:00,20.49,Grocery,POS
TXN_009308,CUST_0152,2026-03-14 11:31:00,9.79,Utilities,ATM
TXN_009309,CUST_0327,2026-03-25 03:36:00,19.57,Travel,Online
TXN_009310,CUST_0424,2026-06-04 14:43:00,40.52,Travel,Online
TXN_009311,CUST_0260,2026-02-24 22:02:00,19.21,Travel,Online
TXN_009312,CUST_0072,2026-06-26 08:21:00,114.97,Entertainment,Online
TXN_009313,CUST_0306,2026-04-26 03:00:00,129.81,Grocery,Mobile
TXN_009314,CUST_0406,2026-03-15 15:19:00,6.71,Healthcare,Online
TXN_009315,CUST_0255,2026-05-16 15:39:00,87.9,Restaurant,POS
TXN_009316,CUST_0401,2026-01-20 21:26:00,64.76,Electronics,Mobile
TXN_009317,CUST_0407,2026-04-09 01:50:00,42.54,Healthcare,Online
TXN_009318,CUST_0245,2026-01-10 01:25:00,303.97,Restaurant,Online
TXN_009319,CUST_0394,2026-03-12 00:35:00,85.43,Restaurant,POS
TXN_009320,CUST_0387,2026-06-16 16:37:00,20.06,Electronics,Online
TXN_009321,CUST_0232,2026-05-16 11:18:00,60.9,Utilities,Online
TXN_009322,CUST_0115,2026-06-28 20:28:00,12.7,Travel,POS
TXN_009323,CUST_0072,2026-02-04 20:05:00,22.05,Travel,Online
TXN_009324,CUST_0028,2026-06-14 11:30:00,44.21,Healthcare,Mobile
TXN_009325,CUST_0364,2026-02-24 14:15:00,44.48,Healthcare,Online
TXN_009326,CUST_0291,2026-02-19 00:39:00,71.76,Healthcare,Online
TXN_009327,CUST_0332,2026-01-13 15:58:00,2.14,Electronics,POS
TXN_009328,CUST_0246,2026-01-13 12:44:00,284.58,Shopping,Mobile
TXN_009329,CUST_0405,2026-02-14 13:12:00,362.86,Travel,Online
TXN_009330,CUST_0333,2026-03-03 14:38:00,32.47,Electronics,ATM
TXN_009331,CUST_0454,2026-06-02 23:13:00,12.69,Grocery,POS
TXN_009332,CUST_0233,2026-02-16 16:40:00,69.45,Entertainment,ATM
TXN_009333,CUST_0211,2026-01-03 22:14:00,22.96,Healthcare,Mobile
TXN_009334,CUST_0486,2026-03-13 19:51:00,44.91,Entertainment,POS
TXN_009335,CUST_0043,2026-05-05 23:48:00,116.99,Travel,POS
TXN_009336,CUST_0394,2026-04-30 01:51:00,8.73,Utilities,POS
TXN_009337,CUST_0121,2026-05-13 15:08:00,14.68,Utilities,POS
TXN_009338,CUST_0423,2026-03-28 03:41:00,4.2,Healthcare,Mobile
TXN_009339,CUST_0270,2026-04-23 06:59:00,167.85,Shopping,POS
TXN_009340,CUST_0132,2026-02-19 11:50:00,415.37,Shopping,Online
TXN_009341,CUST_0125,2026-01-17 23:12:00,55.68,Utilities,Mobile
TXN_009342,CUST_0402,2026-06-29 14:06:00,30.44,Restaurant,ATM
TXN_009343,CUST_0374,2026-02-10 23:44:00,49.29,Shopping,Mobile
TXN_009344,CUST_0374,2026-02-18 08:25:00,83.96,Utilities,POS
TXN_009345,CUST_0107,2026-03-13 06:05:00,193.56,Shopping,ATM
TXN_009346,CUST_0071,2026-01-20 10:20:00,65.4,Grocery,POS
TXN_009347,CUST_0208,2026-06-17 19:36:00,1.6,Shopping,Online
TXN_009348,CUST_0437,2026-03-07 04:01:00,8.95,Restaurant,Mobile
TXN_009349,CUST_0345,2026-04-22 22:46:00,8.17,Shopping,Online
TXN_009350,CUST_0062,2026-05-04 16:46:00,88.11,Utilities,POS
TXN_009351,CUST_0110,2026-02-01 09:51:00,25.03,Shopping,Mobile
TXN_009352,CUST_0359,2026-01-13 21:21:00,61.56,Healthcare,ATM
TXN_009353,CUST_0227,2026-01-05 14:46:00,24.3,Healthcare,Online
TXN_009354,CUST_0160,2026-06-12 21:36:00,23.78,Entertainment,Online
TXN_009355,CUST_0413,2026-05-01 02:49:00,40.06,Entertainment,ATM
TXN_009356,CUST_0135,2026-03-06 22:13:00,9.75,Healthcare,ATM
TXN_009357,CUST_0487,2026-03-10 18:06:00,57.98,Grocery,ATM
TXN_009358,CUST_0234,2026-01-10 21:52:00,7.44,Electronics,POS
TXN_009359,CUST_0036,2026-03-23 23:06:00,16.58,Shopping,Online
TXN_009360,CUST_0005,2026-02-26 10:02:00,59.54,Utilities,Online
TXN_009361,CUST_0091,2026-06-18 01:41:00,85.66,Utilities,POS
TXN_009362,CUST_0026,2026-06-20 02:25:00,12.87,Entertainment,POS
TXN_009363,CUST_0259,2026-01-28 14:15:00,36.98,Entertainment,POS
TXN_009364,CUST_0489,2026-02-27 06:34:00,9.78,Shopping,Online
TXN_009365,CUST_0233,2026-06-12 06:38:00,31.9,Entertainment,Mobile
TXN_009366,CUST_0181,2026-05-05 03:10:00,2.58,Entertainment,Online
TXN_009367,CUST_0382,2026-01-12 03:37:00,48.03,Grocery,Online
TXN_009368,CUST_0126,2026-02-04 12:44:00,22.06,Restaurant,ATM
TXN_009369,CUST_0368,2026-05-30 20:43:00,39.5,Healthcare,Online
TXN_009370,CUST_0361,2026-06-12 20:36:00,31.53,Shopping,POS
TXN_009371,CUST_0429,2026-06-04 16:41:00,9.79,Utilities,ATM
TXN_009372,CUST_0457,2026-04-09 20:31:00,149.21,Entertainment,POS
TXN_009373,CUST_0133,2026-04-06 13:26:00,19.3,Restaurant,Online
TXN_009374,CUST_0281,2026-03-21 15:10:00,40.33,Grocery,Online
TXN_009375,CUST_0027,2026-05-25 17:37:00,19.84,Shopping,Online
TXN_009376,CUST_0115,2026-04-17 05:03:00,65.89,Entertainment,ATM
TXN_009377,CUST_0060,2026-02-26 07:32:00,41.06,Entertainment,POS
TXN_009378,CUST_0212,2026-04-17 12:06:00,44.41,Shopping,Online
TXN_009379,CUST_0449,2026-03-31 19:33:00,31.81,Healthcare,POS
TXN_009380,CUST_0283,2026-06-03 20:52:00,36.19,Entertainment,Online
TXN_009381,CUST_0195,2026-01-22 02:01:00,44.56,Electronics,Online
TXN_009382,CUST_0022,2026-06-25 10:30:00,46.62,Grocery,Mobile
TXN_009383,CUST_0331,2026-03-27 22:34:00,26.44,Healthcare,Online
TXN_009384,CUST_0283,2026-03-29 01:29:00,14.25,Utilities,POS
TXN_009385,CUST_0259,2026-02-14 19:56:00,37.01,Restaurant,POS
TXN_009386,CUST_0397,2026-01-12 21:29:00,217.09,Utilities,POS
TXN_009387,CUST_0053,2026-01-29 03:19:00,7.71,Travel,POS
TXN_009388,CUST_0486,2026-05-17 20:33:00,12.65,Shopping,Mobile
TXN_009389,CUST_0022,2026-05-13 02:23:00,20.28,Travel,Online
TXN_009390,CUST_0489,2026-04-29 00:44:00,15.86,Shopping,Online
TXN_009391,CUST_0150,2026-06-09 21:17:00,71.28,Travel,Mobile
TXN_009392,CUST_0294,2026-06-13 00:30:00,39.86,Entertainment,ATM
TXN_009393,CUST_0232,2026-04-12 15:51:00,122.41,Shopping,Online
TXN_009394,CUST_0021,2026-05-15 14:08:00,20.6,Utilities,POS
TXN_009395,CUST_0280,2026-01-02 02:36:00,71.35,Shopping,ATM
TXN_009396,CUST_0136,2026-01-07 18:37:00,17.98,Travel,POS
TXN_009397,CUST_0439,2026-03-27 07:31:00,64.04,Travel,POS
TXN_009398,CUST_0257,2026-05-07 15:05:00,102.91,Grocery,POS
TXN_009399,CUST_0434,2026-03-04 17:02:00,27.9,Travel,POS
TXN_009400,CUST_0362,2026-04-24 08:09:00,23.03,Grocery,Mobile
TXN_009401,CUST_0438,2026-02-13 14:14:00,26.19,Travel,Mobile
TXN_009402,CUST_0420,2026-02-27 10:41:00,73.16,Restaurant,Mobile
TXN_009403,CUST_0126,2026-01-02 22:32:00,44.2,Grocery,ATM
TXN_009404,CUST_0164,2026-05-12 20:06:00,6.44,Grocery,POS
TXN_009405,CUST_0093,2026-06-03 19:50:00,17.21,Healthcare,POS
TXN_009406,CUST_0255,2026-02-17 10:31:00,236.83,Shopping,Online
TXN_009407,CUST_0311,2026-03-26 09:45:00,11.18,Shopping,Mobile
TXN_009408,CUST_0432,2026-05-13 00:01:00,19.54,Travel,POS
TXN_009409,CUST_0349,2026-01-23 05:21:00,142.62,Restaurant,Mobile
TXN_009410,CUST_0280,2026-03-10 01:09:00,64.05,Entertainment,POS
TXN_009411,CUST_0456,2026-04-19 05:01:00,4.89,Shopping,ATM
TXN_009412,CUST_0075,2026-06-05 00:26:00,6.41,Shopping,Online
TXN_009413,CUST_0117,2026-02-25 08:11:00,45.12,Utilities,ATM
TXN_009414,CUST_0230,2026-05-05 20:46:00,51.2,Utilities,POS
TXN_009415,CUST_0157,2026-06-22 01:08:00,30.21,Restaurant,POS
TXN_009416,CUST_0056,2026-04-24 10:46:00,21.37,Healthcare,Online
TXN_009417,CUST_0298,2026-06-18 06:18:00,41.62,Entertainment,POS
TXN_009418,CUST_0385,2026-02-27 08:05:00,25.04,Entertainment,Mobile
TXN_009419,CUST_0006,2026-02-01 08:14:00,34.16,Shopping,POS
TXN_009420,CUST_0035,2026-05-26 02:47:00,47.84,Electronics,Online
TXN_009421,CUST_0043,2026-01-13 15:01:00,17.58,Healthcare,Online
TXN_009422,CUST_0343,2026-01-12 20:32:00,55.69,Entertainment,Online
TXN_009423,CUST_0392,2026-03-03 01:21:00,179.18,Grocery,Online
TXN_009424,CUST_0208,2026-01-21 21:52:00,63.95,Travel,POS
TXN_009425,CUST_0278,2026-05-07 13:21:00,38.98,Grocery,Online
TXN_009426,CUST_0307,2026-01-31 22:48:00,108.35,Utilities,Online
TXN_009427,CUST_0028,2026-02-25 17:04:00,33.62,Grocery,Online
TXN_009428,CUST_0015,2026-06-15 08:07:00,5.28,Grocery,POS
TXN_009429,CUST_0439,2026-02-09 06:29:00,19.99,Grocery,POS
TXN_009430,CUST_0091,2026-03-06 17:01:00,92.38,Travel,POS
TXN_009431,CUST_0152,2026-02-10 22:26:00,7.97,Electronics,Online
TXN_009432,CUST_0222,2026-06-13 13:36:00,4.62,Electronics,ATM
TXN_009433,CUST_0390,2026-04-15 15:29:00,90.72,Utilities,POS
TXN_009434,CUST_0175,2026-05-09 11:36:00,82.16,Electronics,ATM
TXN_009435,CUST_0174,2026-06-18 23:05:00,26.41,Utilities,POS
TXN_009436,CUST_0118,2026-05-11 15:21:00,37.12,Electronics,POS
TXN_009437,CUST_0282,2026-03-30 22:38:00,80.23,Entertainment,POS
TXN_009438,CUST_0322,2026-04-10 00:01:00,356.47,Shopping,Online
TXN_009439,CUST_0266,2026-04-11 02:48:00,39.52,Healthcare,Mobile
TXN_009440,CUST_0475,2026-05-11 00:28:00,19.51,Shopping,Online
TXN_009441,CUST_0249,2026-03-20 01:29:00,88.79,Electronics,POS
TXN_009442,CUST_0246,2026-02-09 09:46:00,48.88,Healthcare,Online
TXN_009443,CUST_0015,2026-04-26 16:14:00,80.48,Travel,Mobile
TXN_009444,CUST_0232,2026-03-05 16:07:00,512.69,Shopping,POS
TXN_009445,CUST_0171,2026-05-03 01:46:00,17.42,Healthcare,Online
TXN_009446,CUST_0101,2026-03-01 12:12:00,18.17,Utilities,ATM
TXN_009447,CUST_0433,2026-05-16 06:24:00,40.97,Travel,Online
TXN_009448,CUST_0349,2026-01-30 17:42:00,338.32,Travel,POS
TXN_009449,CUST_0149,2026-02-14 02:25:00,55.23,Restaurant,ATM
TXN_009450,CUST_0043,2026-01-30 20:11:00,69.81,Travel,Online
TXN_009451,CUST_0362,2026-01-02 01:59:00,38.84,Shopping,Online
TXN_009452,CUST_0450,2026-01-05 20:22:00,13.44,Healthcare,Mobile
TXN_009453,CUST_0393,2026-03-10 12:04:00,14.09,Grocery,POS
TXN_009454,CUST_0317,2026-02-01 13:36:00,10.44,Entertainment,ATM
TXN_009455,CUST_0316,2026-01-09 15:53:00,55.59,Grocery,Online
TXN_009456,CUST_0324,2026-01-11 15:27:00,28.69,Healthcare,Online
TXN_009457,CUST_0030,2026-02-23 23:45:00,9.33,Restaurant,ATM
TXN_009458,CUST_0130,2026-05-05 15:36:00,60.65,Entertainment,Mobile
TXN_009459,CUST_0279,2026-02-11 14:58:00,12.87,Healthcare,Online
TXN_009460,CUST_0494,2026-02-26 22:08:00,5.54,Grocery,POS
TXN_009461,CUST_0168,2026-06-14 11:13:00,17.99,Electronics,POS
TXN_009462,CUST_0121,2026-04-27 00:52:00,7.61,Electronics,Mobile
TXN_009463,CUST_0352,2026-03-05 17:16:00,23.15,Restaurant,ATM
TXN_009464,CUST_0388,2026-05-15 01:15:00,28.21,Grocery,Online
TXN_009465,CUST_0118,2026-04-25 22:25:00,7.01,Grocery,Mobile
TXN_009466,CUST_0329,2026-05-22 13:38:00,7.65,Healthcare,POS
TXN_009467,CUST_0254,2026-06-10 07:07:00,44.3,Electronics,Online
TXN_009468,CUST_0452,2026-01-10 16:45:00,3.06,Electronics,Mobile
TXN_009469,CUST_0420,2026-02-24 01:15:00,40.38,Electronics,Mobile
TXN_009470,CUST_0337,2026-05-20 09:14:00,99.11,Healthcare,Mobile
TXN_009471,CUST_0490,2026-02-25 18:42:00,96.52,Grocery,POS
TXN_009472,CUST_0119,2026-04-08 06:35:00,54.13,Healthcare,Online
TXN_009473,CUST_0056,2026-05-09 19:45:00,18.98,Restaurant,Online
TXN_009474,CUST_0377,2026-04-07 05:38:00,9.3,Restaurant,Mobile
TXN_009475,CUST_0290,2026-06-29 08:02:00,49.79,Healthcare,Mobile
TXN_009476,CUST_0421,2026-05-31 17:20:00,414.92,Travel,POS
TXN_009477,CUST_0272,2026-02-07 07:37:00,27.06,Utilities,Online
TXN_009478,CUST_0068,2026-06-05 10:03:00,17.05,Restaurant,ATM
TXN_009479,CUST_0483,2026-03-20 04:42:00,387.45,Travel,Mobile
TXN_009480,CUST_0238,2026-06-26 22:42:00,6.45,Utilities,Mobile
TXN_009481,CUST_0381,2026-01-15 03:37:00,113.9,Healthcare,Online
TXN_009482,CUST_0257,2026-05-11 00:45:00,1997.4,Utilities,POS
TXN_009483,CUST_0425,2026-02-24 22:32:00,8.66,Entertainment,POS
TXN_009484,CUST_0132,2026-06-11 11:04:00,18.33,Healthcare,Online
TXN_009485,CUST_0380,2026-05-02 22:28:00,25.91,Utilities,Mobile
TXN_009486,CUST_0459,2026-01-19 00:00:00,48.55,Grocery,Online
TXN_009487,CUST_0245,2026-05-20 09:27:00,7.73,Grocery,POS
TXN_009488,CUST_0192,2026-05-20 09:28:00,54.99,Grocery,Online
TXN_009489,CUST_0390,2026-03-11 08:55:00,15.22,Grocery,POS
TXN_009490,CUST_0190,2026-02-25 19:19:00,8.54,Travel,Online
TXN_009491,CUST_0279,2026-02-24 13:31:00,45.97,Restaurant,ATM
TXN_009492,CUST_0245,2026-03-30 19:41:00,118.38,Travel,Online
TXN_009493,CUST_0013,2026-06-29 20:41:00,187.35,Electronics,Mobile
TXN_009494,CUST_0066,2026-01-20 11:05:00,90.33,Grocery,Online
TXN_009495,CUST_0005,2026-03-12 09:53:00,28.64,Entertainment,ATM
TXN_009496,CUST_0217,2026-02-27 08:03:00,46.95,Healthcare,POS
TXN_009497,CUST_0309,2026-03-21 18:09:00,69.12,Restaurant,Online
TXN_009498,CUST_0286,2026-03-12 15:06:00,20.41,Utilities,ATM
TXN_009499,CUST_0068,2026-01-19 16:40:00,91.58,Grocery,Online
TXN_009500,CUST_0004,2026-06-07 05:29:00,34.64,Restaurant,POS
TXN_009501,CUST_0108,2026-01-14 08:19:00,78.45,Utilities,POS
TXN_009502,CUST_0154,2026-04-05 11:34:00,11.71,Electronics,POS
TXN_009503,CUST_0221,2026-05-21 12:25:00,95.23,Healthcare,Online
TXN_009504,CUST_0103,2026-05-18 08:04:00,45.04,Restaurant,POS
TXN_009505,CUST_0441,2026-04-07 23:58:00,31.53,Travel,Mobile
TXN_009506,CUST_0427,2026-01-25 18:14:00,76.24,Travel,Mobile
TXN_009507,CUST_0253,2026-03-21 18:57:00,55.79,Utilities,Mobile
TXN_009508,CUST_0491,2026-03-27 19:15:00,30.64,Utilities,POS
TXN_009509,CUST_0087,2026-06-20 10:28:00,8.02,Utilities,Online
TXN_009510,CUST_0399,2026-02-24 07:03:00,103.83,Restaurant,Mobile
TXN_009511,CUST_0431,2026-02-06 20:58:00,12.79,Entertainment,POS
TXN_009512,CUST_0368,2026-02-01 18:22:00,17.63,Travel,Online
TXN_009513,CUST_0313,2026-06-13 21:34:00,88.45,Grocery,Online
TXN_009514,CUST_0227,2026-02-23 22:14:00,148.54,Healthcare,Online
TXN_009515,CUST_0354,2026-04-27 19:43:00,49.39,Shopping,Online
TXN_009516,CUST_0489,2026-04-15 05:10:00,11.3,Restaurant,Mobile
TXN_009517,CUST_0299,2026-06-14 11:59:00,26.11,Entertainment,Online
TXN_009518,CUST_0002,2026-05-22 05:13:00,15.91,Grocery,Online
TXN_009519,CUST_0438,2026-06-06 13:31:00,9.62,Restaurant,Online
TXN_009520,CUST_0091,2026-06-29 08:51:00,6.07,Shopping,POS
TXN_009521,CUST_0421,2026-03-25 02:15:00,88.3,Electronics,Online
TXN_009522,CUST_0434,2026-01-03 21:25:00,67.68,Electronics,POS
TXN_009523,CUST_0139,2026-06-20 19:46:00,72.13,Restaurant,POS
TXN_009524,CUST_0382,2026-04-25 13:22:00,18.77,Healthcare,POS
TXN_009525,CUST_0391,2026-06-08 01:32:00,12.85,Healthcare,Mobile
TXN_009526,CUST_0022,2026-01-20 05:23:00,22.15,Restaurant,ATM
TXN_009527,CUST_0294,2026-03-22 23:11:00,12.94,Shopping,ATM
TXN_009528,CUST_0077,2026-03-27 15:15:00,18.14,Utilities,Mobile
TXN_009529,CUST_0488,2026-04-07 02:23:00,4.13,Entertainment,POS
TXN_009530,CUST_0354,2026-02-26 08:20:00,43.74,Shopping,Online
TXN_009531,CUST_0018,2026-01-23 11:58:00,15.35,Utilities,Mobile
TXN_009532,CUST_0448,2026-05-06 02:21:00,40.38,Travel,Online
TXN_009533,CUST_0100,2026-04-07 13:25:00,21.18,Travel,Online
TXN_009534,CUST_0255,2026-03-19 11:05:00,53.98,Entertainment,Online
TXN_009535,CUST_0407,2026-04-30 21:29:00,17.36,Electronics,Mobile
TXN_009536,CUST_0297,2026-01-11 18:27:00,55.93,Healthcare,Mobile
TXN_009537,CUST_0103,2026-04-23 01:30:00,18.44,Shopping,Mobile
TXN_009538,CUST_0101,2026-02-12 05:57:00,23.11,Restaurant,POS
TXN_009539,CUST_0054,2026-04-03 03:38:00,43.53,Utilities,Mobile
TXN_009540,CUST_0035,2026-04-23 04:12:00,35.74,Restaurant,POS
TXN_009541,CUST_0036,2026-03-07 12:39:00,13.48,Utilities,Mobile
TXN_009542,CUST_0410,2026-03-24 23:36:00,37.7,Grocery,POS
TXN_009543,CUST_0293,2026-01-25 06:31:00,12.5,Electronics,POS
TXN_009544,CUST_0068,2026-02-16 01:51:00,63.07,Restaurant,Online
TXN_009545,CUST_0096,2026-03-11 00:50:00,16.98,Utilities,Online
TXN_009546,CUST_0138,2026-06-23 17:36:00,87.54,Healthcare,ATM
TXN_009547,CUST_0145,2026-05-23 00:32:00,20.89,Utilities,POS
TXN_009548,CUST_0404,2026-04-23 21:20:00,28.17,Electronics,Mobile
TXN_009549,CUST_0461,2026-06-15 21:24:00,13.18,Restaurant,Mobile
TXN_009550,CUST_0377,2026-06-07 09:56:00,21.3,Healthcare,ATM
TXN_009551,CUST_0024,2026-03-27 11:40:00,22.76,Travel,POS
TXN_009552,CUST_0410,2026-04-25 19:54:00,29.37,Utilities,Online
TXN_009553,CUST_0085,2026-04-06 17:48:00,16.43,Healthcare,Mobile
TXN_009554,CUST_0167,2026-01-19 18:07:00,8.13,Healthcare,Online
TXN_009555,CUST_0335,2026-04-21 06:04:00,122.98,Utilities,ATM
TXN_009556,CUST_0458,2026-06-28 06:16:00,8.66,Healthcare,POS
TXN_009557,CUST_0235,2026-05-14 03:11:00,12.57,Electronics,POS
TXN_009558,CUST_0488,2026-02-05 21:18:00,7.39,Entertainment,POS
TXN_009559,CUST_0285,2026-06-06 06:32:00,68.47,Grocery,Online
TXN_009560,CUST_0115,2026-04-25 18:27:00,13.08,Travel,POS
TXN_009561,CUST_0169,2026-05-27 10:39:00,51.84,Grocery,Online
TXN_009562,CUST_0003,2026-02-17 15:05:00,54.97,Travel,POS
TXN_009563,CUST_0250,2026-02-13 09:59:00,60.64,Shopping,Mobile
TXN_009564,CUST_0061,2026-06-16 15:42:00,50.93,Travel,Mobile
TXN_009565,CUST_0196,2026-01-07 20:27:00,26.06,Utilities,POS
TXN_009566,CUST_0242,2026-05-31 02:38:00,23.22,Entertainment,Online
TXN_009567,CUST_0179,2026-02-05 04:17:00,83.25,Entertainment,POS
TXN_009568,CUST_0085,2026-05-16 17:35:00,187.02,Restaurant,Mobile
TXN_009569,CUST_0156,2026-06-23 08:28:00,30.39,Shopping,POS
TXN_009570,CUST_0384,2026-03-17 22:56:00,9.22,Electronics,POS
TXN_009571,CUST_0294,2026-01-23 21:43:00,36.46,Travel,Online
TXN_009572,CUST_0428,2026-02-05 23:58:00,31.3,Entertainment,Online
TXN_009573,CUST_0333,2026-04-14 16:03:00,16.44,Grocery,POS
TXN_009574,CUST_0093,2026-04-15 00:23:00,16.54,Entertainment,POS
TXN_009575,CUST_0479,2026-05-22 14:00:00,21.45,Restaurant,POS
TXN_009576,CUST_0261,2026-03-25 12:49:00,14.1,Grocery,POS
TXN_009577,CUST_0259,2026-04-01 22:29:00,50.39,Grocery,Mobile
TXN_009578,CUST_0063,2026-02-23 13:32:00,50.29,Grocery,POS
TXN_009579,CUST_0428,2026-04-02 18:37:00,2.83,Grocery,ATM
TXN_009580,CUST_0482,2026-02-21 10:36:00,22.56,Restaurant,Online
TXN_009581,CUST_0286,2026-01-05 22:22:00,8.15,Entertainment,POS
TXN_009582,CUST_0004,2026-03-03 13:05:00,16.08,Restaurant,Online
TXN_009583,CUST_0270,2026-06-18 21:48:00,25.06,Shopping,POS
TXN_009584,CUST_0183,2026-02-04 08:16:00,22.92,Entertainment,POS
TXN_009585,CUST_0019,2026-01-14 20:19:00,33.52,Shopping,Mobile
TXN_009586,CUST_0115,2026-01-14 13:33:00,7.39,Healthcare,Online
TXN_009587,CUST_0327,2026-04-22 21:56:00,70.22,Grocery,POS
TXN_009588,CUST_0095,2026-05-16 11:08:00,12.19,Healthcare,ATM
TXN_009589,CUST_0145,2026-06-12 06:51:00,37.69,Grocery,Online
TXN_009590,CUST_0128,2026-01-22 06:04:00,25.33,Healthcare,Online
TXN_009591,CUST_0404,2026-03-11 22:38:00,150.99,Electronics,POS
TXN_009592,CUST_0196,2026-02-14 18:16:00,60.2,Electronics,POS
TXN_009593,CUST_0175,2026-02-13 05:48:00,140.09,Restaurant,POS
TXN_009594,CUST_0231,2026-04-14 04:19:00,15.64,Utilities,Mobile
TXN_009595,CUST_0200,2026-06-05 11:26:00,5.4,Utilities,POS
TXN_009596,CUST_0258,2026-06-01 04:31:00,58.36,Entertainment,POS
TXN_009597,CUST_0099,2026-02-17 11:56:00,39.28,Entertainment,POS
TXN_009598,CUST_0442,2026-06-22 04:39:00,29.5,Travel,Online
TXN_009599,CUST_0323,2026-06-05 03:59:00,15.79,Travel,Mobile
TXN_009600,CUST_0424,2026-02-17 05:29:00,32.39,Healthcare,POS
TXN_009601,CUST_0062,2026-05-03 22:14:00,25.82,Restaurant,Online
TXN_009602,CUST_0417,2026-01-26 20:39:00,10.97,Travel,Online
TXN_009603,CUST_0376,2026-01-17 04:09:00,9.39,Grocery,Online
TXN_009604,CUST_0309,2026-03-11 17:57:00,25.55,Healthcare,Mobile
TXN_009605,CUST_0099,2026-06-14 05:42:00,74.08,Restaurant,ATM
TXN_009606,CUST_0083,2026-06-06 22:05:00,65.72,Grocery,Online
TXN_009607,CUST_0250,2026-01-31 12:10:00,127.54,Travel,Online
TXN_009608,CUST_0028,2026-04-04 10:14:00,14.36,Travel,ATM
TXN_009609,CUST_0328,2026-04-22 23:15:00,97.89,Healthcare,Mobile
TXN_009610,CUST_0361,2026-06-03 22:21:00,6.01,Grocery,ATM
TXN_009611,CUST_0376,2026-02-20 18:47:00,171.02,Electronics,Mobile
TXN_009612,CUST_0190,2026-03-03 10:42:00,96.81,Utilities,Mobile
TXN_009613,CUST_0327,2026-01-07 05:37:00,35.07,Shopping,POS
TXN_009614,CUST_0302,2026-05-21 12:17:00,123.72,Restaurant,Mobile
TXN_009615,CUST_0164,2026-02-28 18:50:00,64.67,Entertainment,Online
TXN_009616,CUST_0360,2026-05-03 06:54:00,66.66,Entertainment,Online
TXN_009617,CUST_0143,2026-03-09 05:02:00,37.03,Travel,Mobile
TXN_009618,CUST_0384,2026-05-03 10:34:00,29.71,Shopping,Online
TXN_009619,CUST_0008,2026-01-11 10:20:00,65.73,Travel,Online
TXN_009620,CUST_0020,2026-02-14 01:57:00,18.96,Shopping,Online
TXN_009621,CUST_0354,2026-01-21 18:24:00,85.05,Utilities,POS
TXN_009622,CUST_0106,2026-06-22 02:02:00,19.91,Travel,Mobile
TXN_009623,CUST_0118,2026-05-08 23:12:00,69.0,Entertainment,Online
TXN_009624,CUST_0464,2026-06-04 12:11:00,17.68,Entertainment,Mobile
TXN_009625,CUST_0273,2026-01-17 07:13:00,33.12,Healthcare,POS
TXN_009626,CUST_0154,2026-06-17 09:59:00,16.43,Travel,POS
TXN_009627,CUST_0483,2026-05-04 05:42:00,90.72,Healthcare,ATM
TXN_009628,CUST_0154,2026-03-13 11:00:00,118.79,Grocery,Online
TXN_009629,CUST_0190,2026-04-05 04:36:00,18.9,Entertainment,ATM
TXN_009630,CUST_0321,2026-02-25 07:51:00,50.69,Travel,POS
TXN_009631,CUST_0128,2026-06-28 15:55:00,28.77,Utilities,POS
TXN_009632,CUST_0190,2026-05-20 15:22:00,56.07,Electronics,Online
TXN_009633,CUST_0456,2026-04-28 06:19:00,121.09,Healthcare,Online
TXN_009634,CUST_0406,2026-03-17 04:46:00,35.59,Healthcare,Online
TXN_009635,CUST_0446,2026-06-07 17:42:00,64.18,Healthcare,Mobile
TXN_009636,CUST_0086,2026-04-19 21:40:00,29.57,Travel,POS
TXN_009637,CUST_0260,2026-03-24 11:48:00,176.57,Shopping,Online
TXN_009638,CUST_0083,2026-02-02 07:58:00,37.38,Electronics,Online
TXN_009639,CUST_0027,2026-01-16 11:52:00,11.44,Utilities,POS
TXN_009640,CUST_0479,2026-01-07 01:18:00,16.14,Electronics,Online
TXN_009641,CUST_0001,2026-03-23 15:35:00,16.29,Utilities,ATM
TXN_009642,CUST_0373,2026-03-27 03:13:00,19.63,Utilities,POS
TXN_009643,CUST_0158,2026-05-23 01:38:00,25.88,Utilities,Online
TXN_009644,CUST_0244,2026-01-06 00:12:00,184.56,Grocery,Online
TXN_009645,CUST_0052,2026-06-23 12:23:00,11.37,Restaurant,POS
TXN_009646,CUST_0434,2026-02-01 01:38:00,8.35,Healthcare,POS
TXN_009647,CUST_0322,2026-01-21 01:46:00,101.75,Grocery,POS
TXN_009648,CUST_0130,2026-04-29 13:25:00,30.76,Travel,ATM
TXN_009649,CUST_0332,2026-03-05 04:59:00,5.25,Utilities,Online
TXN_009650,CUST_0189,2026-02-16 14:56:00,19.39,Utilities,Online
TXN_009651,CUST_0052,2026-04-28 04:50:00,41.29,Shopping,POS
TXN_009652,CUST_0098,2026-02-01 21:32:00,25.88,Travel,Online
TXN_009653,CUST_0219,2026-02-16 18:06:00,76.31,Travel,POS
TXN_009654,CUST_0073,2026-06-07 11:34:00,114.81,Grocery,ATM
TXN_009655,CUST_0156,2026-05-09 17:47:00,43.49,Travel,Online
TXN_009656,CUST_0453,2026-02-24 16:12:00,19.88,Healthcare,ATM
TXN_009657,CUST_0428,2026-05-07 04:05:00,10.44,Utilities,POS
TXN_009658,CUST_0366,2026-04-15 16:34:00,78.46,Utilities,Mobile
TXN_009659,CUST_0061,2026-03-14 07:35:00,24.53,Restaurant,Mobile
TXN_009660,CUST_0251,2026-05-22 16:37:00,16.26,Electronics,Online
TXN_009661,CUST_0120,2026-03-24 10:41:00,48.5,Utilities,Mobile
TXN_009662,CUST_0479,2026-05-20 21:02:00,68.27,Healthcare,POS
TXN_009663,CUST_0341,2026-02-15 13:56:00,60.56,Shopping,Online
TXN_009664,CUST_0058,2026-04-27 00:40:00,56.83,Electronics,Online
TXN_009665,CUST_0489,2026-03-07 20:43:00,20.45,Entertainment,Online
TXN_009666,CUST_0369,2026-03-11 07:39:00,33.17,Electronics,ATM
TXN_009667,CUST_0338,2026-05-21 18:13:00,4.62,Travel,Online
TXN_009668,CUST_0136,2026-04-14 02:29:00,46.42,Utilities,Online
TXN_009669,CUST_0112,2026-03-27 00:45:00,122.25,Electronics,POS
TXN_009670,CUST_0263,2026-04-06 21:30:00,16.08,Travel,POS
TXN_009671,CUST_0175,2026-04-21 16:57:00,21.16,Restaurant,Mobile
TXN_009672,CUST_0465,2026-05-11 20:24:00,278.5,Travel,POS
TXN_009673,CUST_0180,2026-01-04 16:52:00,31.53,Electronics,POS
TXN_009674,CUST_0152,2026-04-10 07:10:00,30.24,Utilities,POS
TXN_009675,CUST_0025,2026-04-20 17:06:00,15.79,Entertainment,Online
TXN_009676,CUST_0437,2026-06-09 12:00:00,34.57,Utilities,Online
TXN_009677,CUST_0350,2026-01-23 21:14:00,5.26,Grocery,Mobile
TXN_009678,CUST_0421,2026-03-11 14:13:00,168.12,Electronics,POS
TXN_009679,CUST_0235,2026-05-01 18:29:00,34.54,Shopping,POS
TXN_009680,CUST_0274,2026-04-10 21:07:00,10.47,Entertainment,Mobile
TXN_009681,CUST_0113,2026-06-05 00:12:00,9.45,Electronics,Online
TXN_009682,CUST_0194,2026-03-15 15:35:00,12.9,Healthcare,Online
TXN_009683,CUST_0196,2026-05-25 15:11:00,449.46,Utilities,POS
TXN_009684,CUST_0397,2026-06-27 20:00:00,93.17,Travel,Mobile
TXN_009685,CUST_0270,2026-04-23 05:09:00,45.87,Travel,POS
TXN_009686,CUST_0126,2026-05-18 14:46:00,76.38,Restaurant,POS
TXN_009687,CUST_0214,2026-01-04 06:13:00,48.98,Restaurant,Mobile
TXN_009688,CUST_0274,2026-04-17 01:18:00,13.3,Healthcare,Online
TXN_009689,CUST_0423,2026-01-16 12:23:00,38.48,Shopping,Online
TXN_009690,CUST_0392,2026-05-04 02:33:00,26.72,Healthcare,ATM
TXN_009691,CUST_0349,2026-05-28 01:06:00,17.87,Shopping,Online
TXN_009692,CUST_0499,2026-06-14 12:25:00,61.48,Travel,POS
TXN_009693,CUST_0208,2026-05-30 12:52:00,14.74,Restaurant,Online
TXN_009694,CUST_0436,2026-04-21 12:51:00,18.72,Travel,Online
TXN_009695,CUST_0272,2026-03-11 14:58:00,12.09,Shopping,Mobile
TXN_009696,CUST_0322,2026-05-11 22:56:00,19.04,Entertainment,Mobile
TXN_009697,CUST_0114,2026-03-13 05:02:00,104.18,Utilities,Mobile
TXN_009698,CUST_0143,2026-01-16 23:00:00,91.49,Entertainment,POS
TXN_009699,CUST_0451,2026-05-12 15:28:00,30.81,Travel,Online
TXN_009700,CUST_0364,2026-01-07 15:49:00,67.21,Shopping,Online
TXN_009701,CUST_0310,2026-06-12 03:46:00,4.32,Utilities,Online
TXN_009702,CUST_0296,2026-01-04 00:33:00,67.49,Entertainment,Mobile
TXN_009703,CUST_0387,2026-05-23 21:13:00,39.08,Healthcare,Online
TXN_009704,CUST_0190,2026-05-06 00:15:00,30.43,Healthcare,POS
TXN_009705,CUST_0411,2026-06-11 14:33:00,45.31,Grocery,POS
TXN_009706,CUST_0135,2026-04-06 12:10:00,71.37,Travel,Online
TXN_009707,CUST_0300,2026-04-03 11:41:00,14.53,Travel,Mobile
TXN_009708,CUST_0367,2026-05-28 02:20:00,36.63,Utilities,POS
TXN_009709,CUST_0474,2026-04-22 16:52:00,50.57,Restaurant,Online
TXN_009710,CUST_0372,2026-06-03 22:51:00,9.16,Shopping,Mobile
TXN_009711,CUST_0228,2026-01-09 04:11:00,16.24,Entertainment,POS
TXN_009712,CUST_0338,2026-01-23 21:56:00,174.08,Healthcare,POS
TXN_009713,CUST_0233,2026-01-26 21:50:00,14.95,Grocery,Mobile
TXN_009714,CUST_0432,2026-03-13 15:57:00,32.92,Healthcare,Online
TXN_009715,CUST_0210,2026-03-29 23:15:00,15.8,Utilities,Mobile
TXN_009716,CUST_0342,2026-05-13 22:47:00,18.46,Travel,Mobile
TXN_009717,CUST_0213,2026-02-22 21:49:00,31.56,Healthcare,POS
TXN_009718,CUST_0482,2026-04-12 15:32:00,76.38,Entertainment,Mobile
TXN_009719,CUST_0049,2026-02-01 17:03:00,19.59,Restaurant,POS
TXN_009720,CUST_0133,2026-06-27 02:55:00,8.07,Shopping,POS
TXN_009721,CUST_0091,2026-04-02 22:52:00,19.44,Restaurant,Online
TXN_009722,CUST_0079,2026-03-16 13:05:00,55.38,Healthcare,Online
TXN_009723,CUST_0472,2026-02-13 06:14:00,16.38,Grocery,ATM
TXN_009724,CUST_0070,2026-04-14 19:17:00,116.18,Shopping,POS
TXN_009725,CUST_0106,2026-05-12 11:20:00,227.99,Entertainment,Online
TXN_009726,CUST_0423,2026-02-25 12:43:00,213.82,Grocery,POS
TXN_009727,CUST_0318,2026-04-23 16:42:00,3.04,Electronics,ATM
TXN_009728,CUST_0171,2026-05-28 01:37:00,6.98,Utilities,Online
TXN_009729,CUST_0197,2026-01-22 20:03:00,17.07,Restaurant,Online
TXN_009730,CUST_0169,2026-03-02 20:17:00,11.65,Travel,POS
TXN_009731,CUST_0302,2026-04-23 04:18:00,16.98,Healthcare,POS
TXN_009732,CUST_0485,2026-05-12 02:17:00,11.97,Entertainment,Mobile
TXN_009733,CUST_0096,2026-01-18 14:24:00,5.21,Grocery,POS
TXN_009734,CUST_0474,2026-02-10 10:10:00,19.1,Utilities,Mobile
TXN_009735,CUST_0066,2026-02-09 16:26:00,70.93,Restaurant,Mobile
TXN_009736,CUST_0229,2026-06-05 08:16:00,35.85,Restaurant,Online
TXN_009737,CUST_0195,2026-04-23 16:27:00,32.05,Shopping,POS
TXN_009738,CUST_0053,2026-04-18 16:24:00,32.88,Travel,Online
TXN_009739,CUST_0009,2026-01-22 23:29:00,4.99,Entertainment,Online
TXN_009740,CUST_0170,2026-01-08 15:56:00,176.83,Entertainment,Online
TXN_009741,CUST_0111,2026-02-13 03:08:00,44.23,Entertainment,Online
TXN_009742,CUST_0450,2026-05-28 23:50:00,51.14,Healthcare,Online
TXN_009743,CUST_0385,2026-05-06 13:09:00,45.07,Utilities,Online
TXN_009744,CUST_0305,2026-05-30 13:31:00,7.24,Healthcare,Online
TXN_009745,CUST_0379,2026-02-17 15:00:00,33.76,Entertainment,Mobile
TXN_009746,CUST_0104,2026-04-09 06:04:00,29.07,Healthcare,POS
TXN_009747,CUST_0095,2026-01-10 01:04:00,26.63,Restaurant,Online
TXN_009748,CUST_0417,2026-06-03 01:05:00,132.8,Electronics,Online
TXN_009749,CUST_0104,2026-06-27 00:32:00,83.46,Entertainment,Mobile
TXN_009750,CUST_0457,2026-05-17 13:30:00,12.57,Travel,POS
TXN_009751,CUST_0210,2026-03-31 01:25:00,5.39,Travel,Mobile
TXN_009752,CUST_0146,2026-04-16 06:07:00,71.12,Healthcare,POS
TXN_009753,CUST_0194,2026-04-22 14:48:00,7.23,Shopping,POS
TXN_009754,CUST_0339,2026-04-14 16:19:00,13.0,Electronics,Mobile
TXN_009755,CUST_0331,2026-06-28 06:11:00,43.55,Restaurant,Online
TXN_009756,CUST_0462,2026-05-01 05:52:00,80.33,Restaurant,Online
TXN_009757,CUST_0408,2026-03-15 00:32:00,18.75,Grocery,Mobile
TXN_009758,CUST_0199,2026-02-23 03:19:00,35.52,Travel,Online
TXN_009759,CUST_0227,2026-05-30 09:48:00,38.39,Travel,Online
TXN_009760,CUST_0318,2026-05-12 14:03:00,8.09,Grocery,ATM
TXN_009761,CUST_0430,2026-06-23 11:47:00,40.66,Restaurant,POS
TXN_009762,CUST_0479,2026-05-01 10:57:00,91.35,Healthcare,POS
TXN_009763,CUST_0390,2026-03-23 10:35:00,130.37,Shopping,Online
TXN_009764,CUST_0186,2026-02-21 19:19:00,46.8,Shopping,Online
TXN_009765,CUST_0177,2026-03-24 00:28:00,6.45,Electronics,POS
TXN_009766,CUST_0481,2026-02-26 18:54:00,13.46,Restaurant,POS
TXN_009767,CUST_0481,2026-01-20 05:48:00,101.11,Electronics,POS
TXN_009768,CUST_0444,2026-05-19 20:03:00,31.14,Grocery,POS
TXN_009769,CUST_0309,2026-05-26 10:58:00,45.91,Utilities,Online
TXN_009770,CUST_0257,2026-03-19 15:53:00,42.66,Electronics,Online
TXN_009771,CUST_0445,2026-05-30 06:46:00,42.13,Shopping,POS
TXN_009772,CUST_0411,2026-04-17 16:18:00,39.01,Utilities,Mobile
TXN_009773,CUST_0024,2026-02-25 13:30:00,16.05,Entertainment,POS
TXN_009774,CUST_0280,2026-01-11 14:31:00,27.11,Electronics,POS
TXN_009775,CUST_0081,2026-01-20 11:06:00,31.31,Electronics,Online
TXN_009776,CUST_0294,2026-01-25 23:55:00,41.45,Healthcare,POS
TXN_009777,CUST_0076,2026-05-11 03:32:00,41.19,Grocery,POS
TXN_009778,CUST_0444,2026-05-29 01:41:00,12.9,Healthcare,POS
TXN_009779,CUST_0326,2026-06-06 19:26:00,18.75,Healthcare,POS
TXN_009780,CUST_0105,2026-02-24 08:07:00,14.8,Healthcare,Online
TXN_009781,CUST_0111,2026-04-03 19:19:00,4.37,Restaurant,ATM
TXN_009782,CUST_0073,2026-06-09 03:45:00,73.78,Restaurant,POS
TXN_009783,CUST_0068,2026-02-01 07:17:00,18.65,Healthcare,POS
TXN_009784,CUST_0261,2026-02-19 21:22:00,82.67,Travel,Online
TXN_009785,CUST_0114,2026-05-27 13:38:00,98.97,Entertainment,POS
TXN_009786,CUST_0408,2026-01-25 02:31:00,7.94,Electronics,POS
TXN_009787,CUST_0323,2026-03-31 04:49:00,53.23,Utilities,Online
TXN_009788,CUST_0441,2026-05-17 22:16:00,69.1,Entertainment,POS
TXN_009789,CUST_0457,2026-03-30 22:17:00,36.81,Entertainment,POS
TXN_009790,CUST_0207,2026-04-14 16:36:00,98.98,Electronics,Online
TXN_009791,CUST_0101,2026-03-17 01:58:00,85.78,Shopping,Mobile
TXN_009792,CUST_0464,2026-04-18 00:19:00,30.78,Restaurant,ATM
TXN_009793,CUST_0155,2026-01-21 14:36:00,5.44,Healthcare,ATM
TXN_009794,CUST_0398,2026-01-23 15:37:00,93.71,Travel,POS
TXN_009795,CUST_0375,2026-06-12 11:19:00,22.13,Restaurant,POS
TXN_009796,CUST_0170,2026-05-19 20:49:00,7.54,Utilities,POS
TXN_009797,CUST_0046,2026-06-06 17:41:00,45.97,Travel,Online
TXN_009798,CUST_0105,2026-05-18 13:30:00,29.74,Utilities,POS
TXN_009799,CUST_0363,2026-05-23 15:28:00,22.16,Restaurant,Mobile
TXN_009800,CUST_0342,2026-06-03 20:41:00,59.55,Grocery,POS
TXN_009801,CUST_0496,2026-01-23 00:35:00,56.44,Restaurant,POS
TXN_009802,CUST_0415,2026-04-14 14:47:00,36.1,Shopping,Mobile
TXN_009803,CUST_0354,2026-03-20 17:58:00,67.14,Entertainment,POS
TXN_009804,CUST_0332,2026-06-25 15:01:00,9.57,Entertainment,POS
TXN_009805,CUST_0449,2026-05-31 13:33:00,24.82,Shopping,Mobile
TXN_009806,CUST_0139,2026-01-28 11:37:00,14.72,Entertainment,Online
TXN_009807,CUST_0106,2026-03-20 20:26:00,23.37,Healthcare,POS
TXN_009808,CUST_0201,2026-06-22 01:33:00,72.64,Restaurant,Mobile
TXN_009809,CUST_0220,2026-04-21 16:25:00,27.74,Electronics,POS
TXN_009810,CUST_0028,2026-05-03 11:38:00,43.6,Utilities,Online
TXN_009811,CUST_0194,2026-04-04 02:50:00,36.72,Electronics,Online
TXN_009812,CUST_0094,2026-01-18 07:16:00,11.39,Travel,Mobile
TXN_009813,CUST_0421,2026-03-20 08:29:00,25.99,Utilities,Online
TXN_009814,CUST_0355,2026-05-27 13:59:00,78.78,Entertainment,POS
TXN_009815,CUST_0325,2026-01-22 03:17:00,20.4,Travel,Mobile
TXN_009816,CUST_0291,2026-04-02 02:43:00,113.01,Travel,Online
TXN_009817,CUST_0091,2026-06-25 18:46:00,15.12,Travel,Online
TXN_009818,CUST_0375,2026-01-24 05:13:00,116.07,Travel,ATM
TXN_009819,CUST_0299,2026-05-10 01:03:00,71.98,Healthcare,POS
TXN_009820,CUST_0140,2026-04-18 17:27:00,35.63,Utilities,ATM
TXN_009821,CUST_0060,2026-05-23 17:32:00,13.13,Healthcare,Online
TXN_009822,CUST_0389,2026-05-10 22:23:00,385.25,Shopping,Online
TXN_009823,CUST_0052,2026-02-19 14:46:00,17.46,Healthcare,Online
TXN_009824,CUST_0127,2026-04-19 07:26:00,15.31,Electronics,Mobile
TXN_009825,CUST_0441,2026-03-31 03:27:00,71.74,Restaurant,Online
TXN_009826,CUST_0385,2026-03-02 13:17:00,32.18,Utilities,Mobile
TXN_009827,CUST_0311,2026-06-10 01:24:00,10.08,Grocery,ATM
TXN_009828,CUST_0359,2026-04-18 15:30:00,15.21,Healthcare,Online
TXN_009829,CUST_0247,2026-03-04 04:33:00,115.45,Utilities,Mobile
TXN_009830,CUST_0055,2026-05-09 08:53:00,34.35,Grocery,Online
TXN_009831,CUST_0035,2026-01-23 00:29:00,78.19,Healthcare,POS
TXN_009832,CUST_0373,2026-01-04 00:59:00,44.29,Healthcare,POS
TXN_009833,CUST_0113,2026-06-19 06:01:00,8.79,Utilities,ATM
TXN_009834,CUST_0133,2026-02-05 09:31:00,105.21,Utilities,Online
TXN_009835,CUST_0277,2026-04-21 02:39:00,133.69,Travel,Online
TXN_009836,CUST_0307,2026-03-06 05:40:00,15.77,Utilities,Online
TXN_009837,CUST_0081,2026-03-05 15:26:00,8.17,Utilities,Online
TXN_009838,CUST_0231,2026-01-10 05:35:00,32.66,Utilities,Mobile
TXN_009839,CUST_0210,2026-01-03 08:01:00,16.89,Restaurant,POS
TXN_009840,CUST_0343,2026-01-20 17:08:00,85.38,Grocery,Mobile
TXN_009841,CUST_0380,2026-04-21 06:39:00,45.96,Electronics,POS
TXN_009842,CUST_0295,2026-02-26 18:13:00,18.05,Electronics,POS
TXN_009843,CUST_0336,2026-03-30 09:33:00,13.94,Restaurant,Mobile
TXN_009844,CUST_0410,2026-01-25 07:12:00,24.56,Utilities,Online
TXN_009845,CUST_0299,2026-05-10 18:55:00,61.16,Healthcare,POS
TXN_009846,CUST_0310,2026-02-05 09:10:00,10.57,Healthcare,ATM
TXN_009847,CUST_0370,2026-02-13 01:06:00,4.35,Travel,Online
TXN_009848,CUST_0134,2026-06-18 07:59:00,78.46,Utilities,Mobile
TXN_009849,CUST_0110,2026-02-08 13:11:00,4.7,Electronics,Online
TXN_009850,CUST_0487,2026-04-19 13:47:00,26.09,Shopping,Online
TXN_009851,CUST_0088,2026-05-01 02:52:00,12.98,Utilities,Online
TXN_009852,CUST_0074,2026-06-09 23:52:00,29.77,Electronics,POS
TXN_009853,CUST_0438,2026-03-24 06:40:00,25.42,Travel,POS
TXN_009854,CUST_0001,2026-01-10 09:58:00,36.92,Entertainment,POS
TXN_009855,CUST_0257,2026-05-16 08:42:00,59.41,Shopping,POS
TXN_009856,CUST_0258,2026-01-08 00:54:00,224.66,Restaurant,POS
TXN_009857,CUST_0111,2026-03-21 14:21:00,33.52,Shopping,Online
TXN_009858,CUST_0381,2026-02-13 14:33:00,81.21,Travel,Online
TXN_009859,CUST_0462,2026-03-09 10:59:00,13.77,Healthcare,Online
TXN_009860,CUST_0105,2026-04-01 08:12:00,100.51,Electronics,Online
TXN_009861,CUST_0038,2026-02-17 18:40:00,23.43,Utilities,Mobile
TXN_009862,CUST_0402,2026-05-20 11:15:00,115.39,Restaurant,Online
TXN_009863,CUST_0096,2026-05-04 04:56:00,20.95,Grocery,POS
TXN_009864,CUST_0199,2026-03-10 03:35:00,45.22,Shopping,Mobile
TXN_009865,CUST_0480,2026-02-06 02:15:00,14.09,Entertainment,ATM
TXN_009866,CUST_0482,2026-01-23 07:26:00,26.88,Grocery,Online
TXN_009867,CUST_0304,2026-04-21 21:59:00,9.75,Travel,Online
TXN_009868,CUST_0279,2026-03-21 10:19:00,20.35,Shopping,POS
TXN_009869,CUST_0455,2026-02-12 18:34:00,23.46,Healthcare,POS
TXN_009870,CUST_0007,2026-03-04 19:34:00,21.67,Healthcare,POS
TXN_009871,CUST_0153,2026-05-16 21:17:00,17.55,Entertainment,POS
TXN_009872,CUST_0444,2026-05-01 12:29:00,196.64,Healthcare,Online
TXN_009873,CUST_0037,2026-02-04 04:23:00,8.15,Electronics,POS
TXN_009874,CUST_0352,2026-03-17 05:16:00,49.7,Travel,POS
TXN_009875,CUST_0325,2026-03-12 20:25:00,56.23,Entertainment,ATM
TXN_009876,CUST_0036,2026-03-22 03:56:00,28.44,Healthcare,ATM
TXN_009877,CUST_0164,2026-02-27 11:15:00,23.85,Restaurant,POS
TXN_009878,CUST_0315,2026-03-03 13:44:00,104.82,Entertainment,POS
TXN_009879,CUST_0486,2026-04-10 18:55:00,38.83,Shopping,Mobile
TXN_009880,CUST_0201,2026-03-11 12:00:00,20.8,Entertainment,Online
TXN_009881,CUST_0332,2026-01-18 00:10:00,55.25,Restaurant,POS
TXN_009882,CUST_0353,2026-06-14 22:18:00,18.2,Restaurant,POS
TXN_009883,CUST_0486,2026-03-30 15:58:00,26.37,Shopping,Online
TXN_009884,CUST_0124,2026-03-26 11:11:00,252.87,Utilities,ATM
TXN_009885,CUST_0267,2026-04-22 18:42:00,38.38,Healthcare,POS
TXN_009886,CUST_0416,2026-04-05 14:56:00,34.95,Travel,Online
TXN_009887,CUST_0201,2026-04-08 09:11:00,151.11,Shopping,POS
TXN_009888,CUST_0453,2026-04-26 18:03:00,26.49,Grocery,POS
TXN_009889,CUST_0371,2026-06-09 02:05:00,79.13,Entertainment,POS
TXN_009890,CUST_0013,2026-03-03 21:09:00,14.74,Utilities,POS
TXN_009891,CUST_0463,2026-04-05 22:29:00,5.81,Grocery,Mobile
TXN_009892,CUST_0105,2026-02-04 12:35:00,17.87,Grocery,POS
TXN_009893,CUST_0158,2026-03-08 03:08:00,10.1,Entertainment,ATM
TXN_009894,CUST_0055,2026-03-25 16:37:00,12.09,Healthcare,Online
TXN_009895,CUST_0098,2026-05-01 17:17:00,24.16,Entertainment,ATM
TXN_009896,CUST_0292,2026-01-20 04:31:00,14.94,Electronics,Online
TXN_009897,CUST_0225,2026-03-22 00:00:00,24.97,Entertainment,POS
TXN_009898,CUST_0104,2026-06-29 02:08:00,15.14,Grocery,ATM
TXN_009899,CUST_0305,2026-04-05 18:20:00,51.42,Healthcare,Mobile
TXN_009900,CUST_0372,2026-03-10 21:25:00,140.38,Entertainment,Online
TXN_009901,CUST_0250,2026-02-08 18:30:00,43.8,Grocery,Online
TXN_009902,CUST_0079,2026-01-08 10:54:00,34.15,Utilities,ATM
TXN_009903,CUST_0059,2026-02-02 22:34:00,35.48,Grocery,POS
TXN_009904,CUST_0440,2026-01-04 03:21:00,16.54,Utilities,Online
TXN_009905,CUST_0295,2026-02-10 08:13:00,32.73,Utilities,POS
TXN_009906,CUST_0396,2026-06-05 23:15:00,45.1,Healthcare,POS
TXN_009907,CUST_0495,2026-04-12 17:00:00,9.89,Restaurant,POS
TXN_009908,CUST_0252,2026-05-09 10:19:00,5.75,Electronics,POS
TXN_009909,CUST_0115,2026-01-11 13:38:00,124.54,Entertainment,Online
TXN_009910,CUST_0418,2026-01-17 07:59:00,53.89,Grocery,POS
TXN_009911,CUST_0444,2026-02-02 07:54:00,40.38,Entertainment,POS
TXN_009912,CUST_0208,2026-06-23 23:28:00,18.04,Restaurant,Online
TXN_009913,CUST_0394,2026-04-30 08:19:00,43.63,Grocery,Mobile
TXN_009914,CUST_0003,2026-02-14 15:45:00,36.66,Electronics,POS
TXN_009915,CUST_0427,2026-04-28 04:00:00,153.48,Electronics,Online
TXN_009916,CUST_0314,2026-01-17 17:47:00,359.07,Electronics,Online
TXN_009917,CUST_0289,2026-02-11 16:33:00,14.07,Shopping,POS
TXN_009918,CUST_0138,2026-05-12 07:03:00,17.42,Shopping,POS
TXN_009919,CUST_0107,2026-06-14 10:30:00,29.56,Travel,POS
TXN_009920,CUST_0037,2026-02-23 09:20:00,51.77,Travel,POS
TXN_009921,CUST_0193,2026-06-05 03:05:00,5.45,Healthcare,Online
TXN_009922,CUST_0305,2026-02-11 13:19:00,4.59,Entertainment,POS
TXN_009923,CUST_0273,2026-04-18 14:28:00,6.45,Shopping,POS
TXN_009924,CUST_0351,2026-06-22 04:13:00,57.15,Shopping,POS
TXN_009925,CUST_0214,2026-01-02 17:49:00,78.27,Electronics,POS
TXN_009926,CUST_0113,2026-05-16 18:42:00,15.7,Grocery,Online
TXN_009927,CUST_0239,2026-01-18 00:45:00,64.16,Utilities,ATM
TXN_009928,CUST_0402,2026-04-01 14:27:00,150.89,Travel,POS
TXN_009929,CUST_0272,2026-01-21 01:20:00,8.08,Healthcare,ATM
TXN_009930,CUST_0226,2026-06-17 12:42:00,75.79,Restaurant,ATM
TXN_009931,CUST_0486,2026-02-20 18:27:00,29.88,Entertainment,Online
TXN_009932,CUST_0204,2026-06-04 12:21:00,10.55,Entertainment,Online
TXN_009933,CUST_0494,2026-02-08 06:39:00,89.99,Shopping,POS
TXN_009934,CUST_0151,2026-03-27 22:34:00,80.56,Restaurant,POS
TXN_009935,CUST_0024,2026-02-18 13:06:00,98.51,Utilities,Online
TXN_009936,CUST_0415,2026-04-28 04:07:00,25.91,Restaurant,Mobile
TXN_009937,CUST_0302,2026-02-06 21:09:00,18.36,Electronics,POS
TXN_009938,CUST_0058,2026-01-06 09:04:00,32.23,Electronics,Online
TXN_009939,CUST_0066,2026-03-29 17:43:00,6.14,Shopping,ATM
TXN_009940,CUST_0175,2026-05-30 18:57:00,12.2,Entertainment,Online
TXN_009941,CUST_0204,2026-05-08 21:33:00,5.28,Restaurant,POS
TXN_009942,CUST_0174,2026-01-04 16:24:00,63.4,Utilities,Online
TXN_009943,CUST_0394,2026-05-12 21:31:00,89.37,Healthcare,Online
TXN_009944,CUST_0413,2026-04-25 07:25:00,31.55,Shopping,POS
TXN_009945,CUST_0409,2026-06-02 12:01:00,8.44,Shopping,Online
TXN_009946,CUST_0049,2026-03-15 00:24:00,330.32,Restaurant,Mobile
TXN_009947,CUST_0250,2026-02-27 05:48:00,29.69,Utilities,Online
TXN_009948,CUST_0224,2026-01-08 04:43:00,9.13,Restaurant,POS
TXN_009949,CUST_0284,2026-06-11 02:13:00,25.97,Healthcare,Online
TXN_009950,CUST_0049,2026-01-23 05:54:00,19.18,Electronics,Mobile
TXN_009951,CUST_0116,2026-02-13 10:14:00,65.06,Electronics,POS
TXN_009952,CUST_0161,2026-01-10 17:13:00,17.19,Grocery,Mobile
TXN_009953,CUST_0017,2026-03-26 03:50:00,75.54,Restaurant,POS
TXN_009954,CUST_0189,2026-04-20 11:23:00,34.35,Entertainment,Online
TXN_009955,CUST_0122,2026-05-06 23:18:00,101.1,Electronics,Online
TXN_009956,CUST_0063,2026-05-07 12:48:00,8.6,Healthcare,Online
TXN_009957,CUST_0132,2026-01-17 14:22:00,39.3,Restaurant,Online
TXN_009958,CUST_0006,2026-05-06 14:07:00,123.61,Travel,Online
TXN_009959,CUST_0105,2026-05-17 23:54:00,6.29,Utilities,POS
TXN_009960,CUST_0116,2026-01-04 21:25:00,46.96,Entertainment,Mobile
TXN_009961,CUST_0110,2026-03-25 13:05:00,47.77,Travel,Mobile
TXN_009962,CUST_0479,2026-03-30 00:25:00,104.99,Healthcare,POS
TXN_009963,CUST_0081,2026-04-25 22:44:00,69.67,Grocery,POS
TXN_009964,CUST_0225,2026-03-12 09:40:00,62.6,Healthcare,POS
TXN_009965,CUST_0446,2026-02-02 09:00:00,33.64,Shopping,ATM
TXN_009966,CUST_0457,2026-01-09 17:24:00,6.23,Restaurant,ATM
TXN_009967,CUST_0464,2026-04-14 02:28:00,17.54,Travel,ATM
TXN_009968,CUST_0229,2026-05-23 01:22:00,166.18,Travel,Mobile
TXN_009969,CUST_0229,2026-03-06 08:48:00,162.38,Entertainment,POS
TXN_009970,CUST_0404,2026-04-12 17:45:00,16.89,Restaurant,Online
TXN_009971,CUST_0454,2026-05-14 20:24:00,34.05,Restaurant,POS
TXN_009972,CUST_0147,2026-03-20 09:32:00,21.86,Shopping,Mobile
TXN_009973,CUST_0371,2026-01-28 01:43:00,112.65,Electronics,Mobile
TXN_009974,CUST_0397,2026-01-16 00:50:00,18.49,Grocery,Online
TXN_009975,CUST_0415,2026-03-19 03:38:00,16.77,Healthcare,Mobile
TXN_009976,CUST_0011,2026-05-09 15:00:00,27.63,Restaurant,Online
TXN_009977,CUST_0249,2026-05-02 21:10:00,70.15,Shopping,Online
TXN_009978,CUST_0339,2026-02-01 05:13:00,20.93,Electronics,POS
TXN_009979,CUST_0259,2026-05-11 08:00:00,91.26,Grocery,Online
TXN_009980,CUST_0462,2026-04-01 21:05:00,56.05,Travel,POS
TXN_009981,CUST_0052,2026-04-15 22:04:00,458.48,Utilities,ATM
TXN_009982,CUST_0436,2026-04-11 12:35:00,3.02,Grocery,ATM
TXN_009983,CUST_0232,2026-01-05 06:36:00,8.24,Restaurant,Mobile
TXN_009984,CUST_0385,2026-01-13 23:28:00,20.21,Entertainment,POS
TXN_009985,CUST_0108,2026-04-18 08:59:00,25.54,Restaurant,Online
TXN_009986,CUST_0319,2026-06-08 18:36:00,86.91,Utilities,Online
TXN_009987,CUST_0362,2026-04-06 06:52:00,16.44,Shopping,Online
TXN_009988,CUST_0471,2026-03-17 15:42:00,2.29,Grocery,Online
TXN_009989,CUST_0188,2026-05-28 13:47:00,12.9,Electronics,Online
TXN_009990,CUST_0350,2026-04-15 04:18:00,49.81,Entertainment,Mobile
TXN_009991,CUST_0237,2026-05-27 13:27:00,12.08,Travel,Online
TXN_009992,CUST_0272,2026-02-03 11:20:00,3.69,Healthcare,ATM
TXN_009993,CUST_0091,2026-02-23 00:40:00,7.23,Utilities,POS
TXN_009994,CUST_0225,2026-04-18 07:51:00,176.19,Electronics,Online
TXN_009995,CUST_0162,2026-01-22 23:16:00,25.88,Shopping,POS
TXN_009996,CUST_0427,2026-03-14 19:24:00,43.26,Utilities,POS
TXN_009997,CUST_0490,2026-06-22 05:46:00,5.91,Utilities,Mobile
TXN_009998,CUST_0084,2026-06-26 19:15:00,21.3,Healthcare,ATM
TXN_009999,CUST_0497,2026-02-17 11:51:00,43.71,Travel,ATM
TXN_010000,CUST_0360,2026-04-11 20:01:00,1454.4,Entertainment,ATM
